Ligand,Ordem,Affinity_mean,Positivos,Decoys,Tdecoys,Tpositivos,FracDocada,FracPositivos,,,Conc(P),Fator Enriquecimento,FracDocada,positivos/total = ,"0,0204865557"
4iodo-3tetrahydroacridindecoy31,1,"-12,3",0,1,1,0,"0,00128","0,0000",,,"0,0000","0,0000","0,0013",,
2iodo-4tetrahydroacridindecoy26,2,"-12,1",0,1,2,0,"0,00256","0,0000",,,"0,0000","0,0000","0,0026",,
4iodo-4tetrahydroacridindecoy50,3,"-12,0",0,1,3,0,"0,00384","0,0000",,,"0,0000","0,0000","0,0038",,
Bis-tacrinedecoy3,4,"-12,0",0,1,4,0,"0,00512","0,0000",,,"0,0000","0,0000","0,0051",,
2iodo-4tetrahydroacridindecoy43,5,"-11,9",0,1,5,0,"0,00640","0,0000",,,"0,0000","0,0000","0,0064",,
2iodo-3tetrahydroacridindecoy32,6,"-11,9",0,1,6,0,"0,00768","0,0000",,,"0,0000","0,0000","0,0077",,
4iodo-3tetrahydroacridindecoy46,7,"-11,9",0,1,7,0,"0,00896","0,0000",,,"0,0000","0,0000","0,0090",,
Bis-tacrinedecoy30,8,"-11,9",0,1,8,0,"0,01024","0,0000",,,"0,0000","0,0000","0,0102",,
Bis-tacrinedecoy41,9,"-11,9",0,1,9,0,"0,01152","0,0000",,,"0,0000","0,0000","0,0115",,
2iodo-4tetrahydroacridindecoy24,10,"-11,8",0,1,10,0,"0,01280","0,0000",,,"0,0000","0,0000","0,0128",,
2iodo-4tetrahydroacridindecoy22,11,"-11,8",0,1,11,0,"0,01408","0,0000",,,"0,0000","0,0000","0,0141",,
2iodo-3tetrahydroacridindecoy39,12,"-11,7",0,1,12,0,"0,01536","0,0000",,,"0,0000","0,0000","0,0154",,
4iodo-4tetrahydroacridindecoy8,13,"-11,7",0,1,13,0,"0,01665","0,0000",,,"0,0000","0,0000","0,0166",,
Bis-tacrinedecoy31,14,"-11,7",0,1,14,0,"0,01793","0,0000",,,"0,0000","0,0000","0,0179",,
4iodo-4tetrahydroacridindecoy19,15,"-11,6",0,1,15,0,"0,01921","0,0000",,,"0,0000","0,0000","0,0192",,
2iodo-3tetrahydroacridindecoy22,16,"-11,6",0,1,16,0,"0,02049","0,0000",,,"0,0000","0,0000","0,0205",,
2iodo-4tetrahydroacridindecoy47,17,"-11,5",0,1,17,0,"0,02177","0,0000",,,"0,0000","0,0000","0,0218",,
4iodo-2tetrahydroacridindecoy33,18,"-11,5",0,1,18,0,"0,02305","0,0000",,,"0,0000","0,0000","0,0230",,
4iodo-3tetrahydroacridindecoy2,19,"-11,5",0,1,19,0,"0,02433","0,0000",,,"0,0000","0,0000","0,0243",,
4iodo-3tetrahydroacridindecoy50,20,"-11,4",0,1,20,0,"0,02561","0,0000",,,"0,0000","0,0000","0,0256",,
Bis-tacrinedecoy50,21,"-11,4",0,1,21,0,"0,02689","0,0000",,,"0,0000","0,0000","0,0269",,
4iodo-4tetrahydroacridindecoy18,22,"-11,3",0,1,22,0,"0,02817","0,0000",,,"0,0000","0,0000","0,0282",,
Bis-tacrinedecoy17,23,"-11,3",0,1,23,0,"0,02945","0,0000",,,"0,0000","0,0000","0,0294",,
4iodo-4tetrahydroacridindecoy20,24,"-11,3",0,1,24,0,"0,03073","0,0000",,,"0,0000","0,0000","0,0307",,
4iodo-4tetrahydroacridindecoy30,25,"-11,3",0,1,25,0,"0,03201","0,0000",,,"0,0000","0,0000","0,0320",,
2iodo-4tetrahydroacridindecoy1,26,"-11,3",0,1,26,0,"0,03329","0,0000",,,"0,0000","0,0000","0,0333",,
2iodo-2tetrahydroacridindecoy19,27,"-11,2",0,1,27,0,"0,03457","0,0000",,,"0,0000","0,0000","0,0346",,
2iodo-4tetrahydroacridindecoy10,28,"-11,2",0,1,28,0,"0,03585","0,0000",,,"0,0000","0,0000","0,0359",,
Bis-tacrinedecoy13,29,"-11,2",0,1,29,0,"0,03713","0,0000",,,"0,0000","0,0000","0,0371",,
4iodo-4tetrahydroacridindecoy16,30,"-11,2",0,1,30,0,"0,03841","0,0000",,,"0,0000","0,0000","0,0384",,
2iodo-4tetrahydroacridindecoy23,31,"-11,1",0,1,31,0,"0,03969","0,0000",,,"0,0000","0,0000","0,0397",,
Bis-tacrinedecoy33,32,"-11,1",0,1,32,0,"0,04097","0,0000",,,"0,0000","0,0000","0,0410",,
3iodo-2tetrahydroacridindecoy39,33,"-11,1",0,1,33,0,"0,04225","0,0000",,,"0,0000","0,0000","0,0423",,
Bis-tacrinedecoy8,34,"-11,1",0,1,34,0,"0,04353","0,0000",,,"0,0000","0,0000","0,0435",,
Bis-tacrinedecoy18,35,"-11,1",0,1,35,0,"0,04481","0,0000",,,"0,0000","0,0000","0,0448",,
2iodo-4tetrahydroacridindecoy7,36,"-11,1",0,1,36,0,"0,04609","0,0000",,,"0,0000","0,0000","0,0461",,
2iodo-2tetrahydroacridindecoy39,37,"-11,1",0,1,37,0,"0,04738","0,0000",,,"0,0000","0,0000","0,0474",,
4iodo-3tetrahydroacridindecoy29,38,"-11,1",0,1,38,0,"0,04866","0,0000",,,"0,0000","0,0000","0,0487",,
4iodo-3tetrahydroacridindecoy12,39,"-11,1",0,1,39,0,"0,04994","0,0000",,,"0,0000","0,0000","0,0499",,
Bis-tacrinedecoy38,40,"-11,1",0,1,40,0,"0,05122","0,0000",,,"0,0000","0,0000","0,0512",,
Bis-tacrinedecoy36,41,"-11,0",0,1,41,0,"0,05250","0,0000",,,"0,0000","0,0000","0,0525",,
2iodo-3tetrahydroacridindecoy20,42,"-11,0",0,1,42,0,"0,05378","0,0000",,,"0,0000","0,0000","0,0538",,
3iodo-2tetrahydroacridindecoy35,43,"-10,9",0,1,43,0,"0,05506","0,0000",,,"0,0000","0,0000","0,0551",,
Bis-tacrinedecoy37,44,"-10,9",0,1,44,0,"0,05634","0,0000",,,"0,0000","0,0000","0,0563",,
4iodo-2tetrahydroacridindecoy13,45,"-10,9",0,1,45,0,"0,05762","0,0000",,,"0,0000","0,0000","0,0576",,
2iodo-4tetrahydroacridindecoy20,46,"-10,9",0,1,46,0,"0,05890","0,0000",,,"0,0000","0,0000","0,0589",,
2iodo-3tetrahydroacridindecoy40,47,"-10,9",0,1,47,0,"0,06018","0,0000",,,"0,0000","0,0000","0,0602",,
Bis-tacrinedecoy16,48,"-10,9",0,1,48,0,"0,06146","0,0000",,,"0,0000","0,0000","0,0615",,
4iodo-3tetrahydroacridindecoy38,49,"-10,9",0,1,49,0,"0,06274","0,0000",,,"0,0000","0,0000","0,0627",,
Bis-tacrinedecoy40,50,"-10,8",0,1,50,0,"0,06402","0,0000",,,"0,0000","0,0000","0,0640",,
2iodo-4tetrahydroacridindecoy29,51,"-10,8",0,1,51,0,"0,06530","0,0000",,,"0,0000","0,0000","0,0653",,
4iodo-3tetrahydroacridindecoy13,52,"-10,8",0,1,52,0,"0,06658","0,0000",,,"0,0000","0,0000","0,0666",,
4iodo-4tetrahydroacridindecoy4,53,"-10,8",0,1,53,0,"0,06786","0,0000",,,"0,0000","0,0000","0,0679",,
Bis-tacrine,54,"-10,8",1,0,53,1,"0,06914","0,0625",,,"0,0185","0,9039","0,0691",,
4iodo-3tetrahydroacridindecoy28,55,"-10,8",0,1,54,1,"0,07042","0,0625",,,"0,0182","0,8875","0,0704",,
Bis-tacrinedecoy46,56,"-10,7",0,1,55,1,"0,07170","0,0625",,,"0,0179","0,8716","0,0717",,
4iodo-4tetrahydroacridindecoy45,57,"-10,7",0,1,56,1,"0,07298","0,0625",,,"0,0175","0,8563","0,0730",,
2iodo-4tetrahydroacridindecoy4,58,"-10,7",0,1,57,1,"0,07426","0,0625",,,"0,0172","0,8416","0,0743",,
Bis-tacrinedecoy15,59,"-10,7",0,1,58,1,"0,07554","0,0625",,,"0,0169","0,8273","0,0755",,
4iodo-3tetrahydroacridindecoy14,60,"-10,7",0,1,59,1,"0,07682","0,0625",,,"0,0167","0,8135","0,0768",,
2iodo-4tetrahydroacridindecoy6,61,"-10,7",0,1,60,1,"0,07810","0,0625",,,"0,0164","0,8002","0,0781",,
2iodo-3tetrahydroacridindecoy16,62,"-10,7",0,1,61,1,"0,07939","0,0625",,,"0,0161","0,7873","0,0794",,
Bis-tacrinedecoy5,63,"-10,7",0,1,62,1,"0,08067","0,0625",,,"0,0159","0,7748","0,0807",,
2iodo-3tetrahydroacridindecoy49,64,"-10,7",0,1,63,1,"0,08195","0,0625",,,"0,0156","0,7627","0,0819",,
4iodo-4tetrahydroacridindecoy24,65,"-10,7",0,1,64,1,"0,08323","0,0625",,,"0,0154","0,7509","0,0832",,
Bis-tacrinedecoy29,66,"-10,6",0,1,65,1,"0,08451","0,0625",,,"0,0152","0,7396","0,0845",,
4iodo-4tetrahydroacridindecoy28,67,"-10,6",0,1,66,1,"0,08579","0,0625",,,"0,0149","0,7285","0,0858",,
Bis-tacrinedecoy11,68,"-10,6",0,1,67,1,"0,08707","0,0625",,,"0,0147","0,7178","0,0871",,
Bis-tacrinedecoy45,69,"-10,6",0,1,68,1,"0,08835","0,0625",,,"0,0145","0,7074","0,0883",,
Bis-tacrinedecoy35,70,"-10,6",0,1,69,1,"0,08963","0,0625",,,"0,0143","0,6973","0,0896",,
Bis-tacrinedecoy7,71,"-10,6",0,1,70,1,"0,09091","0,0625",,,"0,0141","0,6875","0,0909",,
2iodo-4tetrahydroacridindecoy5,72,"-10,6",0,1,71,1,"0,09219","0,0625",,,"0,0139","0,6779","0,0922",,
4iodo-4tetrahydroacridindecoy46,73,"-10,5",0,1,72,1,"0,09347","0,0625",,,"0,0137","0,6686","0,0935",,
4iodo-4tetrahydroacridindecoy44,74,"-10,5",0,1,73,1,"0,09475","0,0625",,,"0,0135","0,6596","0,0948",,
3iodo-4tetrahydroacridindecoy29,75,"-10,5",0,1,74,1,"0,09603","0,0625",,,"0,0133","0,6508","0,0960",,
2iodo-4tetrahydroacridindecoy3,76,"-10,5",0,1,75,1,"0,09731","0,0625",,,"0,0132","0,6423","0,0973",,
4iodo-4tetrahydroacridindecoy2,77,"-10,5",0,1,76,1,"0,09859","0,0625",,,"0,0130","0,6339","0,0986",,
4iodo-3tetrahydroacridindecoy10,78,"-10,5",0,1,77,1,"0,09987","0,0625",,,"0,0128","0,6258","0,0999",,
4iodo-4tetrahydroacridindecoy26,79,"-10,5",0,1,78,1,"0,10115","0,0625",,,"0,0127","0,6179","0,1012",,
3iodo-2tetrahydroacridindecoy11,80,"-10,4",0,1,79,1,"0,10243","0,0625",,,"0,0125","0,6101","0,1024",,
2iodo-4tetrahydroacridindecoy28,81,"-10,4",0,1,80,1,"0,10371","0,0625",,,"0,0123","0,6026","0,1037",,
4iodo-2tetrahydroacridindecoy18,82,"-10,4",0,1,81,1,"0,10499","0,0625",,,"0,0122","0,5953","0,1050",,
3iodo-2tetrahydroacridindecoy46,83,"-10,4",0,1,82,1,"0,10627","0,0625",,,"0,0120","0,5881","0,1063",,
3iodo-4tetrahydroacridindecoy24,84,"-10,4",0,1,83,1,"0,10755","0,0625",,,"0,0119","0,5811","0,1076",,
4iodo-3tetrahydroacridindecoy6,85,"-10,4",0,1,84,1,"0,10883","0,0625",,,"0,0118","0,5743","0,1088",,
Bis-tacrinedecoy48,86,"-10,4",0,1,85,1,"0,11012","0,0625",,,"0,0116","0,5676","0,1101",,
4iodo-2tetrahydroacridindecoy24,87,"-10,4",0,1,86,1,"0,11140","0,0625",,,"0,0115","0,5611","0,1114",,
Bis-tacrinedecoy39,88,"-10,4",0,1,87,1,"0,11268","0,0625",,,"0,0114","0,5547","0,1127",,
3iodo-4tetrahydroacridindecoy39,89,"-10,4",0,1,88,1,"0,11396","0,0625",,,"0,0112","0,5484","0,1140",,
4iodo-4tetrahydroacridindecoy17,90,"-10,3",0,1,89,1,"0,11524","0,0625",,,"0,0111","0,5423","0,1152",,
4iodo-4tetrahydroacridindecoy33,91,"-10,3",0,1,90,1,"0,11652","0,0625",,,"0,0110","0,5364","0,1165",,
Bis-tacrinedecoy28,92,"-10,3",0,1,91,1,"0,11780","0,0625",,,"0,0109","0,5306","0,1178",,
2iodo-3tetrahydroacridindecoy30,93,"-10,3",0,1,92,1,"0,11908","0,0625",,,"0,0108","0,5249","0,1191",,
2iodo-3tetrahydroacridindecoy29,94,"-10,3",0,1,93,1,"0,12036","0,0625",,,"0,0106","0,5193","0,1204",,
2iodo-2tetrahydroacridindecoy14,95,"-10,3",0,1,94,1,"0,12164","0,0625",,,"0,0105","0,5138","0,1216",,
2iodo-3tetrahydroacridindecoy19,96,"-10,3",0,1,95,1,"0,12292","0,0625",,,"0,0104","0,5085","0,1229",,
4iodo-3tetrahydroacridindecoy34,97,"-10,3",0,1,96,1,"0,12420","0,0625",,,"0,0103","0,5032","0,1242",,
2iodo-3tetrahydroacridindecoy12,98,"-10,3",0,1,97,1,"0,12548","0,0625",,,"0,0102","0,4981","0,1255",,
Bis-tacrinedecoy49,99,"-10,3",0,1,98,1,"0,12676","0,0625",,,"0,0101","0,4930","0,1268",,
Bis-tacrinedecoy1,100,"-10,3",0,1,99,1,"0,12804","0,0625",,,"0,0100","0,4881","0,1280",,
4iodo-3tetrahydroacridindecoy42,101,"-10,3",0,1,100,1,"0,12932","0,0625",,,"0,0099","0,4833","0,1293",,
2iodo-3tetrahydroacridindecoy5,102,"-10,3",0,1,101,1,"0,13060","0,0625",,,"0,0098","0,4785","0,1306",,
3iodo-2tetrahydroacridindecoy33,103,"-10,3",0,1,102,1,"0,13188","0,0625",,,"0,0097","0,4739","0,1319",,
4iodo-3tetrahydroacridindecoy25,104,"-10,3",0,1,103,1,"0,13316","0,0625",,,"0,0096","0,4693","0,1332",,
4iodo-2tetrahydroacridindecoy47,105,"-10,3",0,1,104,1,"0,13444","0,0625",,,"0,0095","0,4649","0,1344",,
Bis-tacrinedecoy2,106,"-10,2",0,1,105,1,"0,13572","0,0625",,,"0,0094","0,4605","0,1357",,
3iodo-4tetrahydroacridindecoy38,107,"-10,2",0,1,106,1,"0,13700","0,0625",,,"0,0093","0,4562","0,1370",,
2iodo-2tetrahydroacridindecoy6,108,"-10,2",0,1,107,1,"0,13828","0,0625",,,"0,0093","0,4520","0,1383",,
3iodo-2tetrahydroacridindecoy41,109,"-10,2",0,1,108,1,"0,13956","0,0625",,,"0,0092","0,4478","0,1396",,
Bis-tacrinedecoy26,110,"-10,2",0,1,109,1,"0,14085","0,0625",,,"0,0091","0,4437","0,1408",,
4iodo-4tetrahydroacridindecoy1,111,"-10,2",0,1,110,1,"0,14213","0,0625",,,"0,0090","0,4397","0,1421",,
2iodo-3tetrahydroacridindecoy8,112,"-10,2",0,1,111,1,"0,14341","0,0625",,,"0,0089","0,4358","0,1434",,
Donepezildecoy11,113,"-10,2",0,1,112,1,"0,14469","0,0625",,,"0,0088","0,4320","0,1447",,
2iodo-3tetrahydroacridindecoy47,114,"-10,2",0,1,113,1,"0,14597","0,0625",,,"0,0088","0,4282","0,1460",,
3iodo-2tetrahydroacridindecoy15,115,"-10,2",0,1,114,1,"0,14725","0,0625",,,"0,0087","0,4244","0,1472",,
4iodo-4tetrahydroacridindecoy41,116,"-10,2",0,1,115,1,"0,14853","0,0625",,,"0,0086","0,4208","0,1485",,
4iodo-3tetrahydroacridindecoy33,117,"-10,2",0,1,116,1,"0,14981","0,0625",,,"0,0085","0,4172","0,1498",,
4iodo-2tetrahydroacridindecoy31,118,"-10,2",0,1,117,1,"0,15109","0,0625",,,"0,0085","0,4137","0,1511",,
2iodo-2tetrahydroacridindecoy23,119,"-10,1",0,1,118,1,"0,15237","0,0625",,,"0,0084","0,4102","0,1524",,
Bis-tacrinedecoy21,120,"-10,1",0,1,119,1,"0,15365","0,0625",,,"0,0083","0,4068","0,1536",,
2iodo-3tetrahydroacridindecoy33,121,"-10,1",0,1,120,1,"0,15493","0,0625",,,"0,0083","0,4034","0,1549",,
4iodo-3tetrahydroacridindecoy26,122,"-10,1",0,1,121,1,"0,15621","0,0625",,,"0,0082","0,4001","0,1562",,
3iodo-2tetrahydroacridindecoy48,123,"-10,1",0,1,122,1,"0,15749","0,0625",,,"0,0081","0,3968","0,1575",,
4iodo-4tetrahydroacridindecoy13,124,"-10,1",0,1,123,1,"0,15877","0,0625",,,"0,0081","0,3936","0,1588",,
2iodo-4tetrahydroacridindecoy36,125,"-10,1",0,1,124,1,"0,16005","0,0625",,,"0,0080","0,3905","0,1601",,
2iodo-3tetrahydroacridindecoy15,126,"-10,1",0,1,125,1,"0,16133","0,0625",,,"0,0079","0,3874","0,1613",,
4iodo-3tetrahydroacridindecoy41,127,"-10,1",0,1,126,1,"0,16261","0,0625",,,"0,0079","0,3843","0,1626",,
2iodo-4tetrahydroacridindecoy9,128,"-10,1",0,1,127,1,"0,16389","0,0625",,,"0,0078","0,3813","0,1639",,
3iodo-2tetrahydroacridindecoy21,129,"-10,1",0,1,128,1,"0,16517","0,0625",,,"0,0078","0,3784","0,1652",,
4iodo-4tetrahydroacridindecoy14,130,"-10,1",0,1,129,1,"0,16645","0,0625",,,"0,0077","0,3755","0,1665",,
2iodo-4tetrahydroacridin,131,"-10,1",1,0,129,2,"0,16773","0,1250",,,"0,0153","0,7452","0,1677",,
4iodo-4tetrahydroacridindecoy40,132,"-10,1",0,1,130,2,"0,16901","0,1250",,,"0,0152","0,7396","0,1690",,
4iodo-2tetrahydroacridindecoy37,133,"-10,1",0,1,131,2,"0,17029","0,1250",,,"0,0150","0,7340","0,1703",,
Bis-tacrinedecoy14,134,"-10,1",0,1,132,2,"0,17157","0,1250",,,"0,0149","0,7285","0,1716",,
2iodo-2tetrahydroacridindecoy34,135,"-10,1",0,1,133,2,"0,17286","0,1250",,,"0,0148","0,7231","0,1729",,
2iodo-3tetrahydroacridindecoy23,136,"-10,1",0,1,134,2,"0,17414","0,1250",,,"0,0147","0,7178","0,1741",,
Bis-tacrinedecoy34,137,"-10,1",0,1,135,2,"0,17542","0,1250",,,"0,0146","0,7126","0,1754",,
2iodo-2tetrahydroacridindecoy37,138,"-10,1",0,1,136,2,"0,17670","0,1250",,,"0,0145","0,7074","0,1767",,
2iodo-4tetrahydroacridindecoy48,139,"-10,1",0,1,137,2,"0,17798","0,1250",,,"0,0144","0,7023","0,1780",,
4iodo-3tetrahydroacridindecoy7,140,"-10,1",0,1,138,2,"0,17926","0,1250",,,"0,0143","0,6973","0,1793",,
Bis-tacrinedecoy19,141,"-10,0",0,1,139,2,"0,18054","0,1250",,,"0,0142","0,6924","0,1805",,
2iodo-2tetrahydroacridindecoy13,142,"-10,0",0,1,140,2,"0,18182","0,1250",,,"0,0141","0,6875","0,1818",,
2iodo-3tetrahydroacridindecoy27,143,"-10,0",0,1,141,2,"0,18310","0,1250",,,"0,0140","0,6827","0,1831",,
2iodo-3tetrahydroacridindecoy45,144,"-10,0",0,1,142,2,"0,18438","0,1250",,,"0,0139","0,6779","0,1844",,
3iodo-2tetrahydroacridindecoy7,145,"-10,0",0,1,143,2,"0,18566","0,1250",,,"0,0138","0,6733","0,1857",,
2iodo-2tetrahydroacridindecoy7,146,"-10,0",0,1,144,2,"0,18694","0,1250",,,"0,0137","0,6686","0,1869",,
2iodo-2tetrahydroacridindecoy16,147,"-10,0",0,1,145,2,"0,18822","0,1250",,,"0,0136","0,6641","0,1882",,
4iodo-2tetrahydroacridindecoy9,148,"-10,0",0,1,146,2,"0,18950","0,1250",,,"0,0135","0,6596","0,1895",,
2iodo-3tetrahydroacridindecoy2,149,"-10,0",0,1,147,2,"0,19078","0,1250",,,"0,0134","0,6552","0,1908",,
3iodo-2tetrahydroacridindecoy19,150,"-10,0",0,1,148,2,"0,19206","0,1250",,,"0,0133","0,6508","0,1921",,
4iodo-3tetrahydroacridindecoy1,151,"-10,0",0,1,149,2,"0,19334","0,1250",,,"0,0132","0,6465","0,1933",,
3iodo-4tetrahydroacridindecoy30,152,"-10,0",0,1,150,2,"0,19462","0,1250",,,"0,0132","0,6423","0,1946",,
2iodo-2tetrahydroacridindecoy24,153,"-10,0",0,1,151,2,"0,19590","0,1250",,,"0,0131","0,6381","0,1959",,
2iodo-4tetrahydroacridindecoy21,154,"-10,0",0,1,152,2,"0,19718","0,1250",,,"0,0130","0,6339","0,1972",,
2iodo-4tetrahydroacridindecoy44,155,"-10,0",0,1,153,2,"0,19846","0,1250",,,"0,0129","0,6298","0,1985",,
Donepezildecoy29,156,"-10,0",0,1,154,2,"0,19974","0,1250",,,"0,0128","0,6258","0,1997",,
2iodo-2tetrahydroacridindecoy12,157,"-10,0",0,1,155,2,"0,20102","0,1250",,,"0,0127","0,6218","0,2010",,
2iodo-3tetrahydroacridindecoy6,158,"-10,0",0,1,156,2,"0,20230","0,1250",,,"0,0127","0,6179","0,2023",,
Donepezildecoy28,159,"-10,0",0,1,157,2,"0,20359","0,1250",,,"0,0126","0,6140","0,2036",,
4iodo-3tetrahydroacridindecoy23,160,"-10,0",0,1,158,2,"0,20487","0,1250",,,"0,0125","0,6101","0,2049",,
3iodo-4tetrahydroacridindecoy12,161,"-10,0",0,1,159,2,"0,20615","0,1250",,,"0,0124","0,6064","0,2061",,
4iodo-2tetrahydroacridindecoy21,162,"-10,0",0,1,160,2,"0,20743","0,1250",,,"0,0123","0,6026","0,2074",,
2iodo-3tetrahydroacridindecoy9,163,"-10,0",0,1,161,2,"0,20871","0,1250",,,"0,0123","0,5989","0,2087",,
4iodo-3tetrahydroacridindecoy49,164,"-10,0",0,1,162,2,"0,20999","0,1250",,,"0,0122","0,5953","0,2100",,
4iodo-3tetrahydroacridindecoy22,165,"-10,0",0,1,163,2,"0,21127","0,1250",,,"0,0121","0,5917","0,2113",,
2iodo-4tetrahydroacridindecoy32,166,"-10,0",0,1,164,2,"0,21255","0,1250",,,"0,0120","0,5881","0,2125",,
2iodo-4tetrahydroacridindecoy2,167,"-10,0",0,1,165,2,"0,21383","0,1250",,,"0,0120","0,5846","0,2138",,
3iodo-2tetrahydroacridindecoy10,168,"-10,0",0,1,166,2,"0,21511","0,1250",,,"0,0119","0,5811","0,2151",,
2iodo-2tetrahydroacridindecoy8,169,"-10,0",0,1,167,2,"0,21639","0,1250",,,"0,0118","0,5777","0,2164",,
4iodo-4tetrahydroacridindecoy11,170,"-10,0",0,1,168,2,"0,21767","0,1250",,,"0,0118","0,5743","0,2177",,
3iodo-4tetrahydroacridindecoy37,171,"-10,0",0,1,169,2,"0,21895","0,1250",,,"0,0117","0,5709","0,2190",,
Heptyl-physostigminedecoy36,172,"-9,9",0,1,170,2,"0,22023","0,1250",,,"0,0116","0,5676","0,2202",,
2iodo-4tetrahydroacridindecoy38,173,"-9,9",0,1,171,2,"0,22151","0,1250",,,"0,0116","0,5643","0,2215",,
4iodo-3tetrahydroacridindecoy37,174,"-9,9",0,1,172,2,"0,22279","0,1250",,,"0,0115","0,5611","0,2228",,
2iodo-4tetrahydroacridindecoy18,175,"-9,9",0,1,173,2,"0,22407","0,1250",,,"0,0114","0,5578","0,2241",,
4iodo-4tetrahydroacridindecoy15,176,"-9,9",0,1,174,2,"0,22535","0,1250",,,"0,0114","0,5547","0,2254",,
2iodo-3tetrahydroacridindecoy38,177,"-9,9",0,1,175,2,"0,22663","0,1250",,,"0,0113","0,5515","0,2266",,
4iodo-2tetrahydroacridindecoy3,178,"-9,9",0,1,176,2,"0,22791","0,1250",,,"0,0112","0,5484","0,2279",,
3iodo-4tetrahydroacridindecoy26,179,"-9,9",0,1,177,2,"0,22919","0,1250",,,"0,0112","0,5454","0,2292",,
2iodo-3tetrahydroacridin,180,"-9,9",1,0,177,3,"0,23047","0,1875",,,"0,0167","0,8135","0,2305",,
4iodo-2tetrahydroacridindecoy19,181,"-9,9",0,1,178,3,"0,23175","0,1875",,,"0,0166","0,8090","0,2318",,
4iodo-3tetrahydroacridindecoy19,182,"-9,9",0,1,179,3,"0,23303","0,1875",,,"0,0165","0,8046","0,2330",,
3iodo-2tetrahydroacridindecoy26,183,"-9,9",0,1,180,3,"0,23431","0,1875",,,"0,0164","0,8002","0,2343",,
3iodo-2tetrahydroacridindecoy8,184,"-9,9",0,1,181,3,"0,23560","0,1875",,,"0,0163","0,7958","0,2356",,
2iodo-3tetrahydroacridindecoy3,185,"-9,9",0,1,182,3,"0,23688","0,1875",,,"0,0162","0,7915","0,2369",,
2iodo-4tetrahydroacridindecoy8,186,"-9,9",0,1,183,3,"0,23816","0,1875",,,"0,0161","0,7873","0,2382",,
2iodo-2tetrahydroacridindecoy20,187,"-9,9",0,1,184,3,"0,23944","0,1875",,,"0,0160","0,7831","0,2394",,
2iodo-2tetrahydroacridindecoy29,188,"-9,9",0,1,185,3,"0,24072","0,1875",,,"0,0160","0,7789","0,2407",,
4iodo-3tetrahydroacridindecoy24,189,"-9,9",0,1,186,3,"0,24200","0,1875",,,"0,0159","0,7748","0,2420",,
Heptyl-physostigminedecoy3,190,"-9,9",0,1,187,3,"0,24328","0,1875",,,"0,0158","0,7707","0,2433",,
4iodo-4tetrahydroacridindecoy23,191,"-9,9",0,1,188,3,"0,24456","0,1875",,,"0,0157","0,7667","0,2446",,
4iodo-4tetrahydroacridin,192,"-9,9",1,0,188,4,"0,24584","0,2500",,,"0,0208","1,0169","0,2458",,
4iodo-3tetrahydroacridindecoy15,193,"-9,9",0,1,189,4,"0,24712","0,2500",,,"0,0207","1,0116","0,2471",,
4iodo-4tetrahydroacridindecoy37,194,"-9,9",0,1,190,4,"0,24840","0,2500",,,"0,0206","1,0064","0,2484",,
3iodo-2tetrahydroacridindecoy16,195,"-9,9",0,1,191,4,"0,24968","0,2500",,,"0,0205","1,0013","0,2497",,
2iodo-2tetrahydroacridindecoy11,196,"-9,9",0,1,192,4,"0,25096","0,2500",,,"0,0204","0,9962","0,2510",,
2iodo-3tetrahydroacridindecoy4,197,"-9,9",0,1,193,4,"0,25224","0,2500",,,"0,0203","0,9911","0,2522",,
3iodo-4tetrahydroacridindecoy5,198,"-9,9",0,1,194,4,"0,25352","0,2500",,,"0,0202","0,9861","0,2535",,
4iodo-2tetrahydroacridindecoy38,199,"-9,8",0,1,195,4,"0,25480","0,2500",,,"0,0201","0,9811","0,2548",,
2iodo-2tetrahydroacridindecoy27,200,"-9,8",0,1,196,4,"0,25608","0,2500",,,"0,0200","0,9762","0,2561",,
4iodo-2tetrahydroacridindecoy35,201,"-9,8",0,1,197,4,"0,25736","0,2500",,,"0,0199","0,9714","0,2574",,
Tolserinedecoy36,202,"-9,8",0,1,198,4,"0,25864","0,2500",,,"0,0198","0,9666","0,2586",,
3iodo-4tetrahydroacridindecoy50,203,"-9,8",0,1,199,4,"0,25992","0,2500",,,"0,0197","0,9618","0,2599",,
3iodo-4tetrahydroacridindecoy32,204,"-9,8",0,1,200,4,"0,26120","0,2500",,,"0,0196","0,9571","0,2612",,
3iodo-4tetrahydroacridin,205,"-9,8",1,0,200,5,"0,26248","0,3125",,,"0,0244","1,1905","0,2625",,
3iodo-2tetrahydroacridindecoy38,206,"-9,8",0,1,201,5,"0,26376","0,3125",,,"0,0243","1,1847","0,2638",,
4iodo-3tetrahydroacridindecoy43,207,"-9,8",0,1,202,5,"0,26504","0,3125",,,"0,0242","1,1790","0,2650",,
Heptyl-physostigminedecoy16,208,"-9,8",0,1,203,5,"0,26633","0,3125",,,"0,0240","1,1734","0,2663",,
4iodo-4tetrahydroacridindecoy36,209,"-9,8",0,1,204,5,"0,26761","0,3125",,,"0,0239","1,1677","0,2676",,
2iodo-3tetrahydroacridindecoy42,210,"-9,8",0,1,205,5,"0,26889","0,3125",,,"0,0238","1,1622","0,2689",,
2iodo-4tetrahydroacridindecoy30,211,"-9,8",0,1,206,5,"0,27017","0,3125",,,"0,0237","1,1567","0,2702",,
3iodo-4tetrahydroacridindecoy48,212,"-9,8",0,1,207,5,"0,27145","0,3125",,,"0,0236","1,1512","0,2714",,
4iodo-3tetrahydroacridindecoy20,213,"-9,8",0,1,208,5,"0,27273","0,3125",,,"0,0235","1,1458","0,2727",,
Bis-tacrinedecoy10,214,"-9,8",0,1,209,5,"0,27401","0,3125",,,"0,0234","1,1405","0,2740",,
Bis-tacrinedecoy44,215,"-9,8",0,1,210,5,"0,27529","0,3125",,,"0,0233","1,1351","0,2753",,
Heptyl-physostigminedecoy15,216,"-9,8",0,1,211,5,"0,27657","0,3125",,,"0,0231","1,1299","0,2766",,
3iodo-2tetrahydroacridindecoy22,217,"-9,7",0,1,212,5,"0,27785","0,3125",,,"0,0230","1,1247","0,2778",,
2iodo-2tetrahydroacridindecoy21,218,"-9,7",0,1,213,5,"0,27913","0,3125",,,"0,0229","1,1195","0,2791",,
2iodo-3tetrahydroacridindecoy13,219,"-9,7",0,1,214,5,"0,28041","0,3125",,,"0,0228","1,1144","0,2804",,
4iodo-2tetrahydroacridindecoy48,220,"-9,7",0,1,215,5,"0,28169","0,3125",,,"0,0227","1,1094","0,2817",,
4iodo-2tetrahydroacridindecoy25,221,"-9,7",0,1,216,5,"0,28297","0,3125",,,"0,0226","1,1043","0,2830",,
4iodo-3tetrahydroacridindecoy8,222,"-9,7",0,1,217,5,"0,28425","0,3125",,,"0,0225","1,0994","0,2843",,
Heptyl-physostigminedecoy17,223,"-9,7",0,1,218,5,"0,28553","0,3125",,,"0,0224","1,0944","0,2855",,
4iodo-2tetrahydroacridindecoy12,224,"-9,7",0,1,219,5,"0,28681","0,3125",,,"0,0223","1,0895","0,2868",,
2iodo-2tetrahydroacridindecoy10,225,"-9,7",0,1,220,5,"0,28809","0,3125",,,"0,0222","1,0847","0,2881",,
2iodo-2tetrahydroacridindecoy30,226,"-9,7",0,1,221,5,"0,28937","0,3125",,,"0,0221","1,0799","0,2894",,
Bis-tacrinedecoy42,227,"-9,7",0,1,222,5,"0,29065","0,3125",,,"0,0220","1,0751","0,2907",,
2iodo-2tetrahydroacridindecoy25,228,"-9,7",0,1,223,5,"0,29193","0,3125",,,"0,0219","1,0704","0,2919",,
2iodo-3tetrahydroacridindecoy26,229,"-9,7",0,1,224,5,"0,29321","0,3125",,,"0,0218","1,0658","0,2932",,
4iodo-2tetrahydroacridindecoy11,230,"-9,7",0,1,225,5,"0,29449","0,3125",,,"0,0217","1,0611","0,2945",,
4iodo-2tetrahydroacridindecoy22,231,"-9,7",0,1,226,5,"0,29577","0,3125",,,"0,0216","1,0565","0,2958",,
2iodo-4tetrahydroacridindecoy46,232,"-9,7",0,1,227,5,"0,29706","0,3125",,,"0,0216","1,0520","0,2971",,
Tolserinedecoy49,233,"-9,7",0,1,228,5,"0,29834","0,3125",,,"0,0215","1,0475","0,2983",,
3iodo-4tetrahydroacridindecoy17,234,"-9,7",0,1,229,5,"0,29962","0,3125",,,"0,0214","1,0430","0,2996",,
3iodo-2tetrahydroacridindecoy42,235,"-9,7",0,1,230,5,"0,30090","0,3125",,,"0,0213","1,0385","0,3009",,
2iodo-2tetrahydroacridindecoy9,236,"-9,7",0,1,231,5,"0,30218","0,3125",,,"0,0212","1,0341","0,3022",,
4iodo-3tetrahydroacridindecoy5,237,"-9,7",0,1,232,5,"0,30346","0,3125",,,"0,0211","1,0298","0,3035",,
2iodo-3tetrahydroacridindecoy41,238,"-9,7",0,1,233,5,"0,30474","0,3125",,,"0,0210","1,0255","0,3047",,
4iodo-2tetrahydroacridindecoy10,239,"-9,7",0,1,234,5,"0,30602","0,3125",,,"0,0209","1,0212","0,3060",,
Bis-tacrinedecoy6,240,"-9,7",0,1,235,5,"0,30730","0,3125",,,"0,0208","1,0169","0,3073",,
2iodo-4tetrahydroacridindecoy14,241,"-9,7",0,1,236,5,"0,30858","0,3125",,,"0,0207","1,0127","0,3086",,
2iodo-4tetrahydroacridindecoy12,242,"-9,7",0,1,237,5,"0,30986","0,3125",,,"0,0207","1,0085","0,3099",,
Heptyl-physostigminedecoy10,243,"-9,7",0,1,238,5,"0,31114","0,3125",,,"0,0206","1,0044","0,3111",,
4iodo-2tetrahydroacridindecoy7,244,"-9,7",0,1,239,5,"0,31242","0,3125",,,"0,0205","1,0002","0,3124",,
Tolserinedecoy12,245,"-9,7",0,1,240,5,"0,31370","0,3125",,,"0,0204","0,9962","0,3137",,
2iodo-3tetrahydroacridindecoy7,246,"-9,7",0,1,241,5,"0,31498","0,3125",,,"0,0203","0,9921","0,3150",,
2iodo-3tetrahydroacridindecoy25,247,"-9,6",0,1,242,5,"0,31626","0,3125",,,"0,0202","0,9881","0,3163",,
4iodo-3tetrahydroacridindecoy11,248,"-9,6",0,1,243,5,"0,31754","0,3125",,,"0,0202","0,9841","0,3175",,
4iodo-2tetrahydroacridindecoy23,249,"-9,6",0,1,244,5,"0,31882","0,3125",,,"0,0201","0,9801","0,3188",,
Bis-tacrinedecoy25,250,"-9,6",0,1,245,5,"0,32010","0,3125",,,"0,0200","0,9762","0,3201",,
2iodo-2tetrahydroacridin,251,"-9,6",1,0,245,6,"0,32138","0,3750",,,"0,0239","1,1668","0,3214",,
3iodo-2tetrahydroacridindecoy13,252,"-9,6",0,1,246,6,"0,32266","0,3750",,,"0,0238","1,1622","0,3227",,
2iodo-3tetrahydroacridindecoy28,253,"-9,6",0,1,247,6,"0,32394","0,3750",,,"0,0237","1,1576","0,3239",,
4iodo-2tetrahydroacridindecoy5,254,"-9,6",0,1,248,6,"0,32522","0,3750",,,"0,0236","1,1530","0,3252",,
Donepezildecoy14,255,"-9,6",0,1,249,6,"0,32650","0,3750",,,"0,0235","1,1485","0,3265",,
3iodo-2tetrahydroacridindecoy49,256,"-9,6",0,1,250,6,"0,32778","0,3750",,,"0,0234","1,1440","0,3278",,
2iodo-4tetrahydroacridindecoy31,257,"-9,6",0,1,251,6,"0,32907","0,3750",,,"0,0233","1,1396","0,3291",,
Donepezildecoy10,258,"-9,6",0,1,252,6,"0,33035","0,3750",,,"0,0233","1,1351","0,3303",,
2iodo-3tetrahydroacridindecoy11,259,"-9,6",0,1,253,6,"0,33163","0,3750",,,"0,0232","1,1308","0,3316",,
2iodo-3tetrahydroacridindecoy46,260,"-9,6",0,1,254,6,"0,33291","0,3750",,,"0,0231","1,1264","0,3329",,
4iodo-3tetrahydroacridindecoy9,261,"-9,6",0,1,255,6,"0,33419","0,3750",,,"0,0230","1,1221","0,3342",,
4iodo-3tetrahydroacridin,262,"-9,6",1,0,255,7,"0,33547","0,4375",,,"0,0267","1,3041","0,3355",,
4iodo-2tetrahydroacridindecoy8,263,"-9,6",0,1,256,7,"0,33675","0,4375",,,"0,0266","1,2992","0,3367",,
4iodo-3tetrahydroacridindecoy39,264,"-9,6",0,1,257,7,"0,33803","0,4375",,,"0,0265","1,2942","0,3380",,
3iodo-2tetrahydroacridindecoy43,265,"-9,6",0,1,258,7,"0,33931","0,4375",,,"0,0264","1,2894","0,3393",,
2iodo-2tetrahydroacridindecoy17,266,"-9,6",0,1,259,7,"0,34059","0,4375",,,"0,0263","1,2845","0,3406",,
4iodo-2tetrahydroacridindecoy32,267,"-9,6",0,1,260,7,"0,34187","0,4375",,,"0,0262","1,2797","0,3419",,
3iodo-2tetrahydroacridindecoy28,268,"-9,6",0,1,261,7,"0,34315","0,4375",,,"0,0261","1,2749","0,3431",,
2iodo-4tetrahydroacridindecoy17,269,"-9,6",0,1,262,7,"0,34443","0,4375",,,"0,0260","1,2702","0,3444",,
4iodo-2tetrahydroacridindecoy4,270,"-9,6",0,1,263,7,"0,34571","0,4375",,,"0,0259","1,2655","0,3457",,
3iodo-2tetrahydroacridin,271,"-9,6",1,0,263,8,"0,34699","0,5000",,,"0,0295","1,4409","0,3470",,
4iodo-3tetrahydroacridindecoy48,272,"-9,6",0,1,264,8,"0,34827","0,5000",,,"0,0294","1,4356","0,3483",,
3iodo-2tetrahydroacridindecoy14,273,"-9,5",0,1,265,8,"0,34955","0,5000",,,"0,0293","1,4304","0,3496",,
4iodo-2tetrahydroacridindecoy20,274,"-9,5",0,1,266,8,"0,35083","0,5000",,,"0,0292","1,4252","0,3508",,
3iodo-4tetrahydroacridindecoy9,275,"-9,5",0,1,267,8,"0,35211","0,5000",,,"0,0291","1,4200","0,3521",,
4iodo-2tetrahydroacridindecoy46,276,"-9,5",0,1,268,8,"0,35339","0,5000",,,"0,0290","1,4148","0,3534",,
4iodo-4tetrahydroacridindecoy35,277,"-9,5",0,1,269,8,"0,35467","0,5000",,,"0,0289","1,4097","0,3547",,
4iodo-3tetrahydroacridindecoy21,278,"-9,5",0,1,270,8,"0,35595","0,5000",,,"0,0288","1,4046","0,3560",,
3iodo-4tetrahydroacridindecoy2,279,"-9,5",0,1,271,8,"0,35723","0,5000",,,"0,0287","1,3996","0,3572",,
3iodo-4tetrahydroacridindecoy15,280,"-9,5",0,1,272,8,"0,35851","0,5000",,,"0,0286","1,3946","0,3585",,
3iodo-2tetrahydroacridindecoy27,281,"-9,5",0,1,273,8,"0,35980","0,5000",,,"0,0285","1,3896","0,3598",,
3iodo-2tetrahydroacridindecoy6,282,"-9,5",0,1,274,8,"0,36108","0,5000",,,"0,0284","1,3847","0,3611",,
2iodo-4tetrahydroacridindecoy34,283,"-9,5",0,1,275,8,"0,36236","0,5000",,,"0,0283","1,3798","0,3624",,
2iodo-3tetrahydroacridindecoy24,284,"-9,5",0,1,276,8,"0,36364","0,5000",,,"0,0282","1,3750","0,3636",,
Heptyl-physostigminedecoy2,285,"-9,5",0,1,277,8,"0,36492","0,5000",,,"0,0281","1,3701","0,3649",,
2iodo-4tetrahydroacridindecoy19,286,"-9,5",0,1,278,8,"0,36620","0,5000",,,"0,0280","1,3654","0,3662",,
Heptyl-physostigminedecoy31,287,"-9,5",0,1,279,8,"0,36748","0,5000",,,"0,0279","1,3606","0,3675",,
Donepezildecoy4,288,"-9,4",0,1,280,8,"0,36876","0,5000",,,"0,0278","1,3559","0,3688",,
4iodo-3tetrahydroacridindecoy47,289,"-9,4",0,1,281,8,"0,37004","0,5000",,,"0,0277","1,3512","0,3700",,
3iodo-2tetrahydroacridindecoy34,290,"-9,4",0,1,282,8,"0,37132","0,5000",,,"0,0276","1,3465","0,3713",,
4iodo-2tetrahydroacridindecoy45,291,"-9,4",0,1,283,8,"0,37260","0,5000",,,"0,0275","1,3419","0,3726",,
4iodo-2tetrahydroacridindecoy29,292,"-9,4",0,1,284,8,"0,37388","0,5000",,,"0,0274","1,3373","0,3739",,
3iodo-4tetrahydroacridindecoy42,293,"-9,4",0,1,285,8,"0,37516","0,5000",,,"0,0273","1,3327","0,3752",,
3iodo-4tetrahydroacridindecoy10,294,"-9,4",0,1,286,8,"0,37644","0,5000",,,"0,0272","1,3282","0,3764",,
4iodo-2tetrahydroacridindecoy36,295,"-9,4",0,1,287,8,"0,37772","0,5000",,,"0,0271","1,3237","0,3777",,
4iodo-2tetrahydroacridin,296,"-9,4",1,0,287,9,"0,37900","0,5625",,,"0,0304","1,4841","0,3790",,
Tolserinedecoy33,297,"-9,4",0,1,288,9,"0,38028","0,5625",,,"0,0303","1,4791","0,3803",,
4iodo-4tetrahydroacridindecoy29,298,"-9,4",0,1,289,9,"0,38156","0,5625",,,"0,0302","1,4742","0,3816",,
3iodo-2tetrahydroacridindecoy30,299,"-9,4",0,1,290,9,"0,38284","0,5625",,,"0,0301","1,4692","0,3828",,
Tolserinedecoy50,300,"-9,4",0,1,291,9,"0,38412","0,5625",,,"0,0300","1,4643","0,3841",,
Donepezildecoy35,301,"-9,4",0,1,292,9,"0,38540","0,5625",,,"0,0299","1,4595","0,3854",,
4iodo-4tetrahydroacridindecoy3,302,"-9,4",0,1,293,9,"0,38668","0,5625",,,"0,0298","1,4546","0,3867",,
2iodo-4tetrahydroacridindecoy45,303,"-9,4",0,1,294,9,"0,38796","0,5625",,,"0,0297","1,4498","0,3880",,
4iodo-2tetrahydroacridindecoy1,304,"-9,4",0,1,295,9,"0,38924","0,5625",,,"0,0296","1,4451","0,3892",,
3iodo-2tetrahydroacridindecoy20,305,"-9,4",0,1,296,9,"0,39052","0,5625",,,"0,0295","1,4403","0,3905",,
4iodo-4tetrahydroacridindecoy32,306,"-9,4",0,1,297,9,"0,39181","0,5625",,,"0,0294","1,4356","0,3918",,
2iodo-2tetrahydroacridindecoy26,307,"-9,4",0,1,298,9,"0,39309","0,5625",,,"0,0293","1,4310","0,3931",,
Donepezildecoy7,308,"-9,4",0,1,299,9,"0,39437","0,5625",,,"0,0292","1,4263","0,3944",,
Heptyl-physostigminedecoy35,309,"-9,4",0,1,300,9,"0,39565","0,5625",,,"0,0291","1,4217","0,3956",,
3iodo-2tetrahydroacridindecoy12,310,"-9,4",0,1,301,9,"0,39693","0,5625",,,"0,0290","1,4171","0,3969",,
4iodo-4tetrahydroacridindecoy34,311,"-9,4",0,1,302,9,"0,39821","0,5625",,,"0,0289","1,4125","0,3982",,
3iodo-2tetrahydroacridindecoy4,312,"-9,4",0,1,303,9,"0,39949","0,5625",,,"0,0288","1,4080","0,3995",,
2iodo-3tetrahydroacridindecoy43,313,"-9,4",0,1,304,9,"0,40077","0,5625",,,"0,0288","1,4035","0,4008",,
3iodo-4tetrahydroacridindecoy7,314,"-9,4",0,1,305,9,"0,40205","0,5625",,,"0,0287","1,3991","0,4020",,
Donepezildecoy18,315,"-9,4",0,1,306,9,"0,40333","0,5625",,,"0,0286","1,3946","0,4033",,
4iodo-4tetrahydroacridindecoy39,316,"-9,4",0,1,307,9,"0,40461","0,5625",,,"0,0285","1,3902","0,4046",,
3iodo-2tetrahydroacridindecoy17,317,"-9,4",0,1,308,9,"0,40589","0,5625",,,"0,0284","1,3858","0,4059",,
2iodo-2tetrahydroacridindecoy31,318,"-9,4",0,1,309,9,"0,40717","0,5625",,,"0,0283","1,3815","0,4072",,
Heptyl-physostigminedecoy33,319,"-9,4",0,1,310,9,"0,40845","0,5625",,,"0,0282","1,3771","0,4085",,
Tolserinedecoy32,320,"-9,4",0,1,311,9,"0,40973","0,5625",,,"0,0281","1,3728","0,4097",,
Donepezildecoy39,321,"-9,3",0,1,312,9,"0,41101","0,5625",,,"0,0280","1,3685","0,4110",,
3iodo-2tetrahydroacridindecoy5,322,"-9,3",0,1,313,9,"0,41229","0,5625",,,"0,0280","1,3643","0,4123",,
3iodo-2tetrahydroacridindecoy9,323,"-9,3",0,1,314,9,"0,41357","0,5625",,,"0,0279","1,3601","0,4136",,
4iodo-4tetrahydroacridindecoy38,324,"-9,3",0,1,315,9,"0,41485","0,5625",,,"0,0278","1,3559","0,4149",,
4iodo-3tetrahydroacridindecoy44,325,"-9,3",0,1,316,9,"0,41613","0,5625",,,"0,0277","1,3517","0,4161",,
Donepezil,326,"-9,3",1,0,316,10,"0,41741","0,6250",,,"0,0307","1,4973","0,4174",,
2iodo-3tetrahydroacridindecoy10,327,"-9,3",0,1,317,10,"0,41869","0,6250",,,"0,0306","1,4927","0,4187",,
Heptyl-physostigminedecoy4,328,"-9,3",0,1,318,10,"0,41997","0,6250",,,"0,0305","1,4882","0,4200",,
3iodo-2tetrahydroacridindecoy18,329,"-9,3",0,1,319,10,"0,42125","0,6250",,,"0,0304","1,4836","0,4213",,
2iodo-2tetrahydroacridindecoy40,330,"-9,3",0,1,320,10,"0,42254","0,6250",,,"0,0303","1,4791","0,4225",,
Bis-tacrinedecoy22,331,"-9,3",0,1,321,10,"0,42382","0,6250",,,"0,0302","1,4747","0,4238",,
4iodo-3tetrahydroacridindecoy45,332,"-9,3",0,1,322,10,"0,42510","0,6250",,,"0,0301","1,4702","0,4251",,
Donepezildecoy6,333,"-9,3",0,1,323,10,"0,42638","0,6250",,,"0,0300","1,4658","0,4264",,
Tolserinedecoy34,334,"-9,3",0,1,324,10,"0,42766","0,6250",,,"0,0299","1,4614","0,4277",,
3iodo-2tetrahydroacridindecoy37,335,"-9,3",0,1,325,10,"0,42894","0,6250",,,"0,0299","1,4571","0,4289",,
2iodo-3tetrahydroacridindecoy18,336,"-9,3",0,1,326,10,"0,43022","0,6250",,,"0,0298","1,4527","0,4302",,
Donepezildecoy41,337,"-9,3",0,1,327,10,"0,43150","0,6250",,,"0,0297","1,4484","0,4315",,
Heptyl-physostigminedecoy30,338,"-9,3",0,1,328,10,"0,43278","0,6250",,,"0,0296","1,4441","0,4328",,
2iodo-3tetrahydroacridindecoy1,339,"-9,3",0,1,329,10,"0,43406","0,6250",,,"0,0295","1,4399","0,4341",,
2iodo-4tetrahydroacridindecoy16,340,"-9,3",0,1,330,10,"0,43534","0,6250",,,"0,0294","1,4356","0,4353",,
Bis-tacrinedecoy43,341,"-9,3",0,1,331,10,"0,43662","0,6250",,,"0,0293","1,4314","0,4366",,
Tolserinedecoy5,342,"-9,3",0,1,332,10,"0,43790","0,6250",,,"0,0292","1,4272","0,4379",,
Tolserinedecoy23,343,"-9,3",0,1,333,10,"0,43918","0,6250",,,"0,0292","1,4231","0,4392",,
2iodo-2tetrahydroacridindecoy3,344,"-9,3",0,1,334,10,"0,44046","0,6250",,,"0,0291","1,4189","0,4405",,
2iodo-3tetrahydroacridindecoy14,345,"-9,2",0,1,335,10,"0,44174","0,6250",,,"0,0290","1,4148","0,4417",,
Donepezildecoy38,346,"-9,2",0,1,336,10,"0,44302","0,6250",,,"0,0289","1,4107","0,4430",,
2iodo-4tetrahydroacridindecoy15,347,"-9,2",0,1,337,10,"0,44430","0,6250",,,"0,0288","1,4067","0,4443",,
3iodo-4tetrahydroacridindecoy31,348,"-9,2",0,1,338,10,"0,44558","0,6250",,,"0,0287","1,4026","0,4456",,
2iodo-3tetrahydroacridindecoy37,349,"-9,2",0,1,339,10,"0,44686","0,6250",,,"0,0287","1,3986","0,4469",,
2iodo-2tetrahydroacridindecoy15,350,"-9,2",0,1,340,10,"0,44814","0,6250",,,"0,0286","1,3946","0,4481",,
2iodo-2tetrahydroacridindecoy46,351,"-9,2",0,1,341,10,"0,44942","0,6250",,,"0,0285","1,3906","0,4494",,
2iodo-4tetrahydroacridindecoy40,352,"-9,2",0,1,342,10,"0,45070","0,6250",,,"0,0284","1,3867","0,4507",,
2iodo-4tetrahydroacridindecoy49,353,"-9,2",0,1,343,10,"0,45198","0,6250",,,"0,0283","1,3828","0,4520",,
2iodo-2tetrahydroacridindecoy47,354,"-9,2",0,1,344,10,"0,45327","0,6250",,,"0,0282","1,3789","0,4533",,
3iodo-2tetrahydroacridindecoy29,355,"-9,2",0,1,345,10,"0,45455","0,6250",,,"0,0282","1,3750","0,4545",,
3iodo-2tetrahydroacridindecoy40,356,"-9,2",0,1,346,10,"0,45583","0,6250",,,"0,0281","1,3711","0,4558",,
4iodo-3tetrahydroacridindecoy32,357,"-9,2",0,1,347,10,"0,45711","0,6250",,,"0,0280","1,3673","0,4571",,
Tolserinedecoy11,358,"-9,2",0,1,348,10,"0,45839","0,6250",,,"0,0279","1,3634","0,4584",,
Donepezildecoy36,359,"-9,2",0,1,349,10,"0,45967","0,6250",,,"0,0279","1,3597","0,4597",,
Tolserinedecoy24,360,"-9,2",0,1,350,10,"0,46095","0,6250",,,"0,0278","1,3559","0,4609",,
Bis-tacrinedecoy23,361,"-9,2",0,1,351,10,"0,46223","0,6250",,,"0,0277","1,3521","0,4622",,
Donepezildecoy45,362,"-9,2",0,1,352,10,"0,46351","0,6250",,,"0,0276","1,3484","0,4635",,
2iodo-2tetrahydroacridindecoy4,363,"-9,2",0,1,353,10,"0,46479","0,6250",,,"0,0275","1,3447","0,4648",,
4iodo-4tetrahydroacridindecoy5,364,"-9,2",0,1,354,10,"0,46607","0,6250",,,"0,0275","1,3410","0,4661",,
3iodo-2tetrahydroacridindecoy3,365,"-9,2",0,1,355,10,"0,46735","0,6250",,,"0,0274","1,3373","0,4673",,
Heptyl-physostigminedecoy32,366,"-9,2",0,1,356,10,"0,46863","0,6250",,,"0,0273","1,3336","0,4686",,
4iodo-3tetrahydroacridindecoy40,367,"-9,2",0,1,357,10,"0,46991","0,6250",,,"0,0272","1,3300","0,4699",,
4iodo-4tetrahydroacridindecoy6,368,"-9,2",0,1,358,10,"0,47119","0,6250",,,"0,0272","1,3264","0,4712",,
4iodo-4tetrahydroacridindecoy31,369,"-9,1",0,1,359,10,"0,47247","0,6250",,,"0,0271","1,3228","0,4725",,
4iodo-2tetrahydroacridindecoy34,370,"-9,1",0,1,360,10,"0,47375","0,6250",,,"0,0270","1,3192","0,4738",,
2iodo-3tetrahydroacridindecoy48,371,"-9,1",0,1,361,10,"0,47503","0,6250",,,"0,0270","1,3157","0,4750",,
Donepezildecoy43,372,"-9,1",0,1,362,10,"0,47631","0,6250",,,"0,0269","1,3121","0,4763",,
Donepezildecoy44,373,"-9,1",0,1,363,10,"0,47759","0,6250",,,"0,0268","1,3086","0,4776",,
2iodo-2tetrahydroacridindecoy41,374,"-9,1",0,1,364,10,"0,47887","0,6250",,,"0,0267","1,3051","0,4789",,
Tolserinedecoy44,375,"-9,1",0,1,365,10,"0,48015","0,6250",,,"0,0267","1,3016","0,4802",,
2iodo-2tetrahydroacridindecoy18,376,"-9,1",0,1,366,10,"0,48143","0,6250",,,"0,0266","1,2982","0,4814",,
Heptyl-physostigminedecoy38,377,"-9,1",0,1,367,10,"0,48271","0,6250",,,"0,0265","1,2947","0,4827",,
4iodo-4tetrahydroacridindecoy21,378,"-9,1",0,1,368,10,"0,48399","0,6250",,,"0,0265","1,2913","0,4840",,
Tolserinedecoy8,379,"-9,1",0,1,369,10,"0,48528","0,6250",,,"0,0264","1,2879","0,4853",,
Heptyl-physostigminedecoy7,380,"-9,1",0,1,370,10,"0,48656","0,6250",,,"0,0263","1,2845","0,4866",,
4iodo-2tetrahydroacridindecoy14,381,"-9,1",0,1,371,10,"0,48784","0,6250",,,"0,0262","1,2811","0,4878",,
Heptyl-physostigminedecoy11,382,"-9,1",0,1,372,10,"0,48912","0,6250",,,"0,0262","1,2778","0,4891",,
4iodo-4tetrahydroacridindecoy27,383,"-9,1",0,1,373,10,"0,49040","0,6250",,,"0,0261","1,2745","0,4904",,
Bis-tacrinedecoy24,384,"-9,1",0,1,374,10,"0,49168","0,6250",,,"0,0260","1,2711","0,4917",,
2iodo-4tetrahydroacridindecoy13,385,"-9,1",0,1,375,10,"0,49296","0,6250",,,"0,0260","1,2678","0,4930",,
2iodo-2tetrahydroacridindecoy45,386,"-9,1",0,1,376,10,"0,49424","0,6250",,,"0,0259","1,2645","0,4942",,
Heptyl-physostigminedecoy5,387,"-9,1",0,1,377,10,"0,49552","0,6250",,,"0,0258","1,2613","0,4955",,
Tolserinedecoy1,388,"-9,0",0,1,378,10,"0,49680","0,6250",,,"0,0258","1,2580","0,4968",,
2iodo-3tetrahydroacridindecoy31,389,"-9,0",0,1,379,10,"0,49808","0,6250",,,"0,0257","1,2548","0,4981",,
3iodo-4tetrahydroacridindecoy47,390,"-9,0",0,1,380,10,"0,49936","0,6250",,,"0,0256","1,2516","0,4994",,
2iodo-4tetrahydroacridindecoy33,391,"-9,0",0,1,381,10,"0,50064","0,6250",,,"0,0256","1,2484","0,5006",,
Donepezildecoy32,392,"-9,0",0,1,382,10,"0,50192","0,6250",,,"0,0255","1,2452","0,5019",,
Heptyl-physostigminedecoy43,393,"-9,0",0,1,383,10,"0,50320","0,6250",,,"0,0254","1,2420","0,5032",,
4iodo-4tetrahydroacridindecoy9,394,"-9,0",0,1,384,10,"0,50448","0,6250",,,"0,0254","1,2389","0,5045",,
2iodo-4tetrahydroacridindecoy35,395,"-9,0",0,1,385,10,"0,50576","0,6250",,,"0,0253","1,2357","0,5058",,
Tolserinedecoy10,396,"-9,0",0,1,386,10,"0,50704","0,6250",,,"0,0253","1,2326","0,5070",,
3iodo-4tetrahydroacridindecoy46,397,"-9,0",0,1,387,10,"0,50832","0,6250",,,"0,0252","1,2295","0,5083",,
2iodo-3tetrahydroacridindecoy36,398,"-9,0",0,1,388,10,"0,50960","0,6250",,,"0,0251","1,2264","0,5096",,
Donepezildecoy22,399,"-9,0",0,1,389,10,"0,51088","0,6250",,,"0,0251","1,2233","0,5109",,
Heptyl-physostigminedecoy37,400,"-9,0",0,1,390,10,"0,51216","0,6250",,,"0,0250","1,2203","0,5122",,
3iodo-4tetrahydroacridindecoy44,401,"-9,0",0,1,391,10,"0,51344","0,6250",,,"0,0249","1,2172","0,5134",,
Bis-tacrinedecoy4,402,"-9,0",0,1,392,10,"0,51472","0,6250",,,"0,0249","1,2142","0,5147",,
4iodo-4tetrahydroacridindecoy43,403,"-9,0",0,1,393,10,"0,51601","0,6250",,,"0,0248","1,2112","0,5160",,
3iodo-4tetrahydroacridindecoy49,404,"-8,9",0,1,394,10,"0,51729","0,6250",,,"0,0248","1,2082","0,5173",,
Tolserinedecoy3,405,"-8,9",0,1,395,10,"0,51857","0,6250",,,"0,0247","1,2052","0,5186",,
Donepezildecoy30,406,"-8,9",0,1,396,10,"0,51985","0,6250",,,"0,0246","1,2023","0,5198",,
4iodo-2tetrahydroacridindecoy42,407,"-8,9",0,1,397,10,"0,52113","0,6250",,,"0,0246","1,1993","0,5211",,
4iodo-3tetrahydroacridindecoy3,408,"-8,9",0,1,398,10,"0,52241","0,6250",,,"0,0245","1,1964","0,5224",,
Tolserinedecoy26,409,"-8,9",0,1,399,10,"0,52369","0,6250",,,"0,0244","1,1934","0,5237",,
3iodo-2tetrahydroacridindecoy2,410,"-8,9",0,1,400,10,"0,52497","0,6250",,,"0,0244","1,1905","0,5250",,
4iodo-2tetrahydroacridindecoy2,411,"-8,9",0,1,401,10,"0,52625","0,6250",,,"0,0243","1,1876","0,5262",,
4iodo-2tetrahydroacridindecoy44,412,"-8,9",0,1,402,10,"0,52753","0,6250",,,"0,0243","1,1847","0,5275",,
Heptyl-physostigminedecoy44,413,"-8,9",0,1,403,10,"0,52881","0,6250",,,"0,0242","1,1819","0,5288",,
3iodo-2tetrahydroacridindecoy45,414,"-8,9",0,1,404,10,"0,53009","0,6250",,,"0,0242","1,1790","0,5301",,
4iodo-3tetrahydroacridindecoy16,415,"-8,9",0,1,405,10,"0,53137","0,6250",,,"0,0241","1,1762","0,5314",,
Heptyl-physostigminedecoy8,416,"-8,9",0,1,406,10,"0,53265","0,6250",,,"0,0240","1,1734","0,5327",,
2iodo-3tetrahydroacridindecoy35,417,"-8,9",0,1,407,10,"0,53393","0,6250",,,"0,0240","1,1705","0,5339",,
2iodo-3tetrahydroacridindecoy34,418,"-8,9",0,1,408,10,"0,53521","0,6250",,,"0,0239","1,1677","0,5352",,
Heptyl-physostigminedecoy9,419,"-8,9",0,1,409,10,"0,53649","0,6250",,,"0,0239","1,1650","0,5365",,
2iodo-2tetrahydroacridindecoy42,420,"-8,8",0,1,410,10,"0,53777","0,6250",,,"0,0238","1,1622","0,5378",,
4iodo-3tetrahydroacridindecoy4,421,"-8,8",0,1,411,10,"0,53905","0,6250",,,"0,0238","1,1594","0,5391",,
Donepezildecoy48,422,"-8,8",0,1,412,10,"0,54033","0,6250",,,"0,0237","1,1567","0,5403",,
Tolserinedecoy17,423,"-8,8",0,1,413,10,"0,54161","0,6250",,,"0,0236","1,1539","0,5416",,
Tolserinedecoy41,424,"-8,8",0,1,414,10,"0,54289","0,6250",,,"0,0236","1,1512","0,5429",,
Heptyl-physostigminedecoy23,425,"-8,8",0,1,415,10,"0,54417","0,6250",,,"0,0235","1,1485","0,5442",,
Donepezildecoy21,426,"-8,8",0,1,416,10,"0,54545","0,6250",,,"0,0235","1,1458","0,5455",,
3iodo-2tetrahydroacridindecoy32,427,"-8,8",0,1,417,10,"0,54673","0,6250",,,"0,0234","1,1431","0,5467",,
Donepezildecoy3,428,"-8,8",0,1,418,10,"0,54802","0,6250",,,"0,0234","1,1405","0,5480",,
Heptyl-physostigminedecoy14,429,"-8,8",0,1,419,10,"0,54930","0,6250",,,"0,0233","1,1378","0,5493",,
Heptyl-physostigminedecoy19,430,"-8,8",0,1,420,10,"0,55058","0,6250",,,"0,0233","1,1351","0,5506",,
4iodo-2tetrahydroacridindecoy50,431,"-8,8",0,1,421,10,"0,55186","0,6250",,,"0,0232","1,1325","0,5519",,
4iodo-3tetrahydroacridindecoy36,432,"-8,8",0,1,422,10,"0,55314","0,6250",,,"0,0231","1,1299","0,5531",,
2iodo-4tetrahydroacridindecoy25,433,"-8,8",0,1,423,10,"0,55442","0,6250",,,"0,0231","1,1273","0,5544",,
Tolserinedecoy21,434,"-8,8",0,1,424,10,"0,55570","0,6250",,,"0,0230","1,1247","0,5557",,
Tolserinedecoy6,435,"-8,8",0,1,425,10,"0,55698","0,6250",,,"0,0230","1,1221","0,5570",,
Heptyl-physostigminedecoy18,436,"-8,8",0,1,426,10,"0,55826","0,6250",,,"0,0229","1,1195","0,5583",,
Tolserinedecoy18,437,"-8,7",0,1,427,10,"0,55954","0,6250",,,"0,0229","1,1170","0,5595",,
3iodo-4tetrahydroacridindecoy43,438,"-8,7",0,1,428,10,"0,56082","0,6250",,,"0,0228","1,1144","0,5608",,
Heptyl-physostigminedecoy40,439,"-8,7",0,1,429,10,"0,56210","0,6250",,,"0,0228","1,1119","0,5621",,
2iodo-2tetrahydroacridindecoy35,440,"-8,7",0,1,430,10,"0,56338","0,6250",,,"0,0227","1,1094","0,5634",,
Donepezildecoy15,441,"-8,7",0,1,431,10,"0,56466","0,6250",,,"0,0227","1,1068","0,5647",,
3iodo-4tetrahydroacridindecoy16,442,"-8,7",0,1,432,10,"0,56594","0,6250",,,"0,0226","1,1043","0,5659",,
4iodo-4tetrahydroacridindecoy10,443,"-8,7",0,1,433,10,"0,56722","0,6250",,,"0,0226","1,1018","0,5672",,
2iodo-2tetrahydroacridindecoy2,444,"-8,7",0,1,434,10,"0,56850","0,6250",,,"0,0225","1,0994","0,5685",,
2iodo-3tetrahydroacridindecoy44,445,"-8,7",0,1,435,10,"0,56978","0,6250",,,"0,0225","1,0969","0,5698",,
4iodo-3tetrahydroacridindecoy30,446,"-8,7",0,1,436,10,"0,57106","0,6250",,,"0,0224","1,0944","0,5711",,
3iodo-4tetrahydroacridindecoy33,447,"-8,7",0,1,437,10,"0,57234","0,6250",,,"0,0224","1,0920","0,5723",,
Donepezildecoy19,448,"-8,7",0,1,438,10,"0,57362","0,6250",,,"0,0223","1,0895","0,5736",,
2iodo-3tetrahydroacridindecoy17,449,"-8,7",0,1,439,10,"0,57490","0,6250",,,"0,0223","1,0871","0,5749",,
Tolserine,450,"-8,7",1,0,439,11,"0,57618","0,6875",,,"0,0244","1,1932","0,5762",,
Donepezildecoy23,451,"-8,7",0,1,440,11,"0,57746","0,6875",,,"0,0244","1,1905","0,5775",,
Donepezildecoy13,452,"-8,7",0,1,441,11,"0,57875","0,6875",,,"0,0243","1,1879","0,5787",,
Heptyl-physostigminedecoy39,453,"-8,7",0,1,442,11,"0,58003","0,6875",,,"0,0243","1,1853","0,5800",,
Heptyl-physostigminedecoy50,454,"-8,6",0,1,443,11,"0,58131","0,6875",,,"0,0242","1,1827","0,5813",,
2iodo-2tetrahydroacridindecoy43,455,"-8,6",0,1,444,11,"0,58259","0,6875",,,"0,0242","1,1801","0,5826",,
Donepezildecoy27,456,"-8,6",0,1,445,11,"0,58387","0,6875",,,"0,0241","1,1775","0,5839",,
Donepezildecoy20,457,"-8,6",0,1,446,11,"0,58515","0,6875",,,"0,0241","1,1749","0,5851",,
Tolserinedecoy20,458,"-8,6",0,1,447,11,"0,58643","0,6875",,,"0,0240","1,1723","0,5864",,
Heptyl-physostigminedecoy49,459,"-8,6",0,1,448,11,"0,58771","0,6875",,,"0,0240","1,1698","0,5877",,
Tolserinedecoy9,460,"-8,6",0,1,449,11,"0,58899","0,6875",,,"0,0239","1,1672","0,5890",,
3iodo-2tetrahydroacridindecoy31,461,"-8,6",0,1,450,11,"0,59027","0,6875",,,"0,0239","1,1647","0,5903",,
2iodo-2tetrahydroacridindecoy32,462,"-8,6",0,1,451,11,"0,59155","0,6875",,,"0,0238","1,1622","0,5915",,
Heptyl-physostigmine,463,"-8,6",1,0,451,12,"0,59283","0,7500",,,"0,0259","1,2651","0,5928",,
3iodo-2tetrahydroacridindecoy44,464,"-8,6",0,1,452,12,"0,59411","0,7500",,,"0,0259","1,2624","0,5941",,
4iodo-2tetrahydroacridindecoy40,465,"-8,6",0,1,453,12,"0,59539","0,7500",,,"0,0258","1,2597","0,5954",,
Tolserinedecoy13,466,"-8,5",0,1,454,12,"0,59667","0,7500",,,"0,0258","1,2569","0,5967",,
Donepezildecoy37,467,"-8,5",0,1,455,12,"0,59795","0,7500",,,"0,0257","1,2543","0,5980",,
2iodo-3tetrahydroacridindecoy21,468,"-8,5",0,1,456,12,"0,59923","0,7500",,,"0,0256","1,2516","0,5992",,
Donepezildecoy47,469,"-8,5",0,1,457,12,"0,60051","0,7500",,,"0,0256","1,2489","0,6005",,
Tolserinedecoy39,470,"-8,5",0,1,458,12,"0,60179","0,7500",,,"0,0255","1,2462","0,6018",,
Donepezildecoy12,471,"-8,5",0,1,459,12,"0,60307","0,7500",,,"0,0255","1,2436","0,6031",,
4iodo-2tetrahydroacridindecoy16,472,"-8,5",0,1,460,12,"0,60435","0,7500",,,"0,0254","1,2410","0,6044",,
4iodo-4tetrahydroacridindecoy7,473,"-8,5",0,1,461,12,"0,60563","0,7500",,,"0,0254","1,2383","0,6056",,
Donepezildecoy49,474,"-8,5",0,1,462,12,"0,60691","0,7500",,,"0,0253","1,2357","0,6069",,
Tolserinedecoy16,475,"-8,5",0,1,463,12,"0,60819","0,7500",,,"0,0253","1,2331","0,6082",,
2iodo-4tetrahydroacridindecoy42,476,"-8,5",0,1,464,12,"0,60948","0,7500",,,"0,0252","1,2305","0,6095",,
4iodo-2tetrahydroacridindecoy41,477,"-8,5",0,1,465,12,"0,61076","0,7500",,,"0,0252","1,2280","0,6108",,
Tolserinedecoy15,478,"-8,5",0,1,466,12,"0,61204","0,7500",,,"0,0251","1,2254","0,6120",,
Donepezildecoy31,479,"-8,5",0,1,467,12,"0,61332","0,7500",,,"0,0251","1,2228","0,6133",,
Donepezildecoy8,480,"-8,5",0,1,468,12,"0,61460","0,7500",,,"0,0250","1,2203","0,6146",,
3iodo-2tetrahydroacridindecoy36,481,"-8,4",0,1,469,12,"0,61588","0,7500",,,"0,0249","1,2177","0,6159",,
Heptyl-physostigminedecoy41,482,"-8,4",0,1,470,12,"0,61716","0,7500",,,"0,0249","1,2152","0,6172",,
Donepezildecoy46,483,"-8,4",0,1,471,12,"0,61844","0,7500",,,"0,0248","1,2127","0,6184",,
4iodo-2tetrahydroacridindecoy30,484,"-8,4",0,1,472,12,"0,61972","0,7500",,,"0,0248","1,2102","0,6197",,
2iodo-2tetrahydroacridindecoy33,485,"-8,4",0,1,473,12,"0,62100","0,7500",,,"0,0247","1,2077","0,6210",,
4iodo-2tetrahydroacridindecoy43,486,"-8,4",0,1,474,12,"0,62228","0,7500",,,"0,0247","1,2052","0,6223",,
Heptyl-physostigminedecoy1,487,"-8,4",0,1,475,12,"0,62356","0,7500",,,"0,0246","1,2027","0,6236",,
4iodo-2tetrahydroacridindecoy17,488,"-8,4",0,1,476,12,"0,62484","0,7500",,,"0,0246","1,2003","0,6248",,
Heptyl-physostigminedecoy45,489,"-8,4",0,1,477,12,"0,62612","0,7500",,,"0,0245","1,1978","0,6261",,
Tolserinedecoy2,490,"-8,4",0,1,478,12,"0,62740","0,7500",,,"0,0245","1,1954","0,6274",,
Heptyl-physostigminedecoy24,491,"-8,4",0,1,479,12,"0,62868","0,7500",,,"0,0244","1,1929","0,6287",,
3iodo-4tetrahydroacridindecoy3,492,"-8,3",0,1,480,12,"0,62996","0,7500",,,"0,0244","1,1905","0,6300",,
2iodo-2tetrahydroacridindecoy36,493,"-8,3",0,1,481,12,"0,63124","0,7500",,,"0,0243","1,1881","0,6312",,
3iodo-4tetrahydroacridindecoy8,494,"-8,3",0,1,482,12,"0,63252","0,7500",,,"0,0243","1,1857","0,6325",,
Donepezildecoy33,495,"-8,3",0,1,483,12,"0,63380","0,7500",,,"0,0242","1,1833","0,6338",,
Donepezildecoy17,496,"-8,3",0,1,484,12,"0,63508","0,7500",,,"0,0242","1,1809","0,6351",,
Tolserinedecoy19,497,"-8,3",0,1,485,12,"0,63636","0,7500",,,"0,0241","1,1785","0,6364",,
Donepezildecoy2,498,"-8,3",0,1,486,12,"0,63764","0,7500",,,"0,0241","1,1762","0,6376",,
Heptyl-physostigminedecoy46,499,"-8,3",0,1,487,12,"0,63892","0,7500",,,"0,0240","1,1738","0,6389",,
Tolserinedecoy40,500,"-8,3",0,1,488,12,"0,64020","0,7500",,,"0,0240","1,1715","0,6402",,
Tolserinedecoy38,501,"-8,3",0,1,489,12,"0,64149","0,7500",,,"0,0240","1,1691","0,6415",,
4iodo-4tetrahydroacridindecoy12,502,"-8,3",0,1,490,12,"0,64277","0,7500",,,"0,0239","1,1668","0,6428",,
Donepezildecoy26,503,"-8,2",0,1,491,12,"0,64405","0,7500",,,"0,0239","1,1645","0,6440",,
Tolserinedecoy25,504,"-8,2",0,1,492,12,"0,64533","0,7500",,,"0,0238","1,1622","0,6453",,
Donepezildecoy16,505,"-8,2",0,1,493,12,"0,64661","0,7500",,,"0,0238","1,1599","0,6466",,
Tolserinedecoy37,506,"-8,2",0,1,494,12,"0,64789","0,7500",,,"0,0237","1,1576","0,6479",,
Donepezildecoy25,507,"-8,2",0,1,495,12,"0,64917","0,7500",,,"0,0237","1,1553","0,6492",,
Heptyl-physostigminedecoy42,508,"-8,2",0,1,496,12,"0,65045","0,7500",,,"0,0236","1,1530","0,6504",,
Heptyl-physostigminedecoy47,509,"-8,2",0,1,497,12,"0,65173","0,7500",,,"0,0236","1,1508","0,6517",,
4iodo-2tetrahydroacridindecoy26,510,"-8,2",0,1,498,12,"0,65301","0,7500",,,"0,0235","1,1485","0,6530",,
3iodo-4tetrahydroacridindecoy14,511,"-8,2",0,1,499,12,"0,65429","0,7500",,,"0,0235","1,1463","0,6543",,
3iodo-2tetrahydroacridindecoy24,512,"-8,2",0,1,500,12,"0,65557","0,7500",,,"0,0234","1,1440","0,6556",,
Tolserinedecoy43,513,"-8,1",0,1,501,12,"0,65685","0,7500",,,"0,0234","1,1418","0,6569",,
Tolserinedecoy28,514,"-8,1",0,1,502,12,"0,65813","0,7500",,,"0,0233","1,1396","0,6581",,
Donepezildecoy24,515,"-8,1",0,1,503,12,"0,65941","0,7500",,,"0,0233","1,1374","0,6594",,
Tolserinedecoy22,516,"-8,1",0,1,504,12,"0,66069","0,7500",,,"0,0233","1,1351","0,6607",,
3iodo-2tetrahydroacridindecoy1,517,"-8,1",0,1,505,12,"0,66197","0,7500",,,"0,0232","1,1330","0,6620",,
Heptyl-physostigminedecoy27,518,"-8,1",0,1,506,12,"0,66325","0,7500",,,"0,0232","1,1308","0,6633",,
Donepezildecoy9,519,"-8,1",0,1,507,12,"0,66453","0,7500",,,"0,0231","1,1286","0,6645",,
Tolserinedecoy31,520,"-8,1",0,1,508,12,"0,66581","0,7500",,,"0,0231","1,1264","0,6658",,
Tolserinedecoy27,521,"-8,1",0,1,509,12,"0,66709","0,7500",,,"0,0230","1,1243","0,6671",,
3iodo-2tetrahydroacridindecoy23,522,"-8,0",0,1,510,12,"0,66837","0,7500",,,"0,0230","1,1221","0,6684",,
4iodo-3tetrahydroacridindecoy35,523,"-8,0",0,1,511,12,"0,66965","0,7500",,,"0,0229","1,1200","0,6697",,
4iodo-4tetrahydroacridindecoy42,524,"-8,0",0,1,512,12,"0,67093","0,7500",,,"0,0229","1,1178","0,6709",,
4iodo-3tetrahydroacridindecoy17,525,"-8,0",0,1,513,12,"0,67222","0,7500",,,"0,0229","1,1157","0,6722",,
Tolserinedecoy29,526,"-8,0",0,1,514,12,"0,67350","0,7500",,,"0,0228","1,1136","0,6735",,
Tolserinedecoy7,527,"-8,0",0,1,515,12,"0,67478","0,7500",,,"0,0228","1,1115","0,6748",,
Tolserinedecoy30,528,"-8,0",0,1,516,12,"0,67606","0,7500",,,"0,0227","1,1094","0,6761",,
Tolserinedecoy42,529,"-8,0",0,1,517,12,"0,67734","0,7500",,,"0,0227","1,1073","0,6773",,
3iodo-4tetrahydroacridindecoy1,530,"-7,9",0,1,518,12,"0,67862","0,7500",,,"0,0226","1,1052","0,6786",,
Donepezildecoy34,531,"-7,9",0,1,519,12,"0,67990","0,7500",,,"0,0226","1,1031","0,6799",,
2iodo-2tetrahydroacridindecoy22,532,"-7,9",0,1,520,12,"0,68118","0,7500",,,"0,0226","1,1010","0,6812",,
4iodo-4tetrahydroacridindecoy47,533,"-7,9",0,1,521,12,"0,68246","0,7500",,,"0,0225","1,0989","0,6825",,
Heptyl-physostigminedecoy6,534,"-7,9",0,1,522,12,"0,68374","0,7500",,,"0,0225","1,0969","0,6837",,
Donepezildecoy40,535,"-7,9",0,1,523,12,"0,68502","0,7500",,,"0,0224","1,0948","0,6850",,
Tolserinedecoy48,536,"-7,9",0,1,524,12,"0,68630","0,7500",,,"0,0224","1,0928","0,6863",,
Donepezildecoy42,537,"-7,9",0,1,525,12,"0,68758","0,7500",,,"0,0223","1,0908","0,6876",,
2iodo-2tetrahydroacridindecoy5,538,"-7,8",0,1,526,12,"0,68886","0,7500",,,"0,0223","1,0887","0,6889",,
2iodo-4tetrahydroacridindecoy27,539,"-7,8",0,1,527,12,"0,69014","0,7500",,,"0,0223","1,0867","0,6901",,
Tolserinedecoy4,540,"-7,8",0,1,528,12,"0,69142","0,7500",,,"0,0222","1,0847","0,6914",,
Heptyl-physostigminedecoy21,541,"-7,8",0,1,529,12,"0,69270","0,7500",,,"0,0222","1,0827","0,6927",,
Heptyl-physostigminedecoy29,542,"-7,8",0,1,530,12,"0,69398","0,7500",,,"0,0221","1,0807","0,6940",,
Physostigminedecoy11,543,"-7,8",0,1,531,12,"0,69526","0,7500",,,"0,0221","1,0787","0,6953",,
Tolserinedecoy14,544,"-7,8",0,1,532,12,"0,69654","0,7500",,,"0,0221","1,0767","0,6965",,
4iodo-4tetrahydroacridindecoy22,545,"-7,8",0,1,533,12,"0,69782","0,7500",,,"0,0220","1,0747","0,6978",,
4iodo-4tetrahydroacridindecoy48,546,"-7,8",0,1,534,12,"0,69910","0,7500",,,"0,0220","1,0728","0,6991",,
4iodo-4tetrahydroacridindecoy49,547,"-7,7",0,1,535,12,"0,70038","0,7500",,,"0,0219","1,0708","0,7004",,
Galantaminedecoy40,548,"-7,7",0,1,536,12,"0,70166","0,7500",,,"0,0219","1,0689","0,7017",,
2iodo-4tetrahydroacridindecoy50,549,"-7,7",0,1,537,12,"0,70294","0,7500",,,"0,0219","1,0669","0,7029",,
3iodo-4tetrahydroacridindecoy19,550,"-7,7",0,1,538,12,"0,70423","0,7500",,,"0,0218","1,0650","0,7042",,
3iodo-4tetrahydroacridindecoy34,551,"-7,6",0,1,539,12,"0,70551","0,7500",,,"0,0218","1,0630","0,7055",,
2iodo-2tetrahydroacridindecoy38,552,"-7,6",0,1,540,12,"0,70679","0,7500",,,"0,0217","1,0611","0,7068",,
Galantaminedecoy32,553,"-7,6",0,1,541,12,"0,70807","0,7500",,,"0,0217","1,0592","0,7081",,
Galantaminedecoy23,554,"-7,6",0,1,542,12,"0,70935","0,7500",,,"0,0217","1,0573","0,7093",,
4iodo-2tetrahydroacridindecoy15,555,"-7,6",0,1,543,12,"0,71063","0,7500",,,"0,0216","1,0554","0,7106",,
Physostigminedecoy6,556,"-7,6",0,1,544,12,"0,71191","0,7500",,,"0,0216","1,0535","0,7119",,
3iodo-4tetrahydroacridindecoy11,557,"-7,6",0,1,545,12,"0,71319","0,7500",,,"0,0215","1,0516","0,7132",,
Physostigminedecoy4,558,"-7,6",0,1,546,12,"0,71447","0,7500",,,"0,0215","1,0497","0,7145",,
Galantaminedecoy41,559,"-7,6",0,1,547,12,"0,71575","0,7500",,,"0,0215","1,0478","0,7157",,
2iodo-2tetrahydroacridindecoy49,560,"-7,6",0,1,548,12,"0,71703","0,7500",,,"0,0214","1,0460","0,7170",,
Galantaminedecoy17,561,"-7,6",0,1,549,12,"0,71831","0,7500",,,"0,0214","1,0441","0,7183",,
Bis-tacrinedecoy9,562,"-7,6",0,1,550,12,"0,71959","0,7500",,,"0,0214","1,0422","0,7196",,
Physostigminedecoy16,563,"-7,5",0,1,551,12,"0,72087","0,7500",,,"0,0213","1,0404","0,7209",,
Galantaminedecoy14,564,"-7,5",0,1,552,12,"0,72215","0,7500",,,"0,0213","1,0385","0,7222",,
3iodo-4tetrahydroacridindecoy22,565,"-7,5",0,1,553,12,"0,72343","0,7500",,,"0,0212","1,0367","0,7234",,
Physostigminedecoy14,566,"-7,5",0,1,554,12,"0,72471","0,7500",,,"0,0212","1,0349","0,7247",,
Donepezildecoy1,567,"-7,5",0,1,555,12,"0,72599","0,7500",,,"0,0212","1,0330","0,7260",,
Physostigminedecoy39,568,"-7,5",0,1,556,12,"0,72727","0,7500",,,"0,0211","1,0312","0,7273",,
Donepezildecoy5,569,"-7,4",0,1,557,12,"0,72855","0,7500",,,"0,0211","1,0294","0,7286",,
Tolserinedecoy35,570,"-7,4",0,1,558,12,"0,72983","0,7500",,,"0,0211","1,0276","0,7298",,
Heptyl-physostigminedecoy25,571,"-7,4",0,1,559,12,"0,73111","0,7500",,,"0,0210","1,0258","0,7311",,
Galantaminedecoy16,572,"-7,4",0,1,560,12,"0,73239","0,7500",,,"0,0210","1,0240","0,7324",,
Physostigminedecoy22,573,"-7,4",0,1,561,12,"0,73367","0,7500",,,"0,0209","1,0222","0,7337",,
Galantaminedecoy3,574,"-7,4",0,1,562,12,"0,73496","0,7500",,,"0,0209","1,0204","0,7350",,
Galantaminedecoy22,575,"-7,4",0,1,563,12,"0,73624","0,7500",,,"0,0209","1,0187","0,7362",,
Galantaminedecoy6,576,"-7,4",0,1,564,12,"0,73752","0,7500",,,"0,0208","1,0169","0,7375",,
Galantaminedecoy4,577,"-7,4",0,1,565,12,"0,73880","0,7500",,,"0,0208","1,0151","0,7388",,
Galantaminedecoy44,578,"-7,4",0,1,566,12,"0,74008","0,7500",,,"0,0208","1,0134","0,7401",,
Physostigminedecoy50,579,"-7,4",0,1,567,12,"0,74136","0,7500",,,"0,0207","1,0116","0,7414",,
Physostigminedecoy10,580,"-7,4",0,1,568,12,"0,74264","0,7500",,,"0,0207","1,0099","0,7426",,
Galantaminedecoy35,581,"-7,4",0,1,569,12,"0,74392","0,7500",,,"0,0207","1,0082","0,7439",,
Galantaminedecoy9,582,"-7,3",0,1,570,12,"0,74520","0,7500",,,"0,0206","1,0064","0,7452",,
Galantamine,583,"-7,3",1,0,570,13,"0,74648","0,8125",,,"0,0223","1,0884","0,7465",,
Galantaminedecoy39,584,"-7,3",0,1,571,13,"0,74776","0,8125",,,"0,0223","1,0866","0,7478",,
4iodo-2tetrahydroacridindecoy49,585,"-7,3",0,1,572,13,"0,74904","0,8125",,,"0,0222","1,0847","0,7490",,
3iodo-4tetrahydroacridindecoy45,586,"-7,3",0,1,573,13,"0,75032","0,8125",,,"0,0222","1,0828","0,7503",,
Heptyl-physostigminedecoy12,587,"-7,3",0,1,574,13,"0,75160","0,8125",,,"0,0221","1,0810","0,7516",,
Galantaminedecoy18,588,"-7,3",0,1,575,13,"0,75288","0,8125",,,"0,0221","1,0792","0,7529",,
Physostigminedecoy49,589,"-7,3",0,1,576,13,"0,75416","0,8125",,,"0,0221","1,0773","0,7542",,
Heptyl-physostigminedecoy26,590,"-7,3",0,1,577,13,"0,75544","0,8125",,,"0,0220","1,0755","0,7554",,
Galantaminedecoy50,591,"-7,3",0,1,578,13,"0,75672","0,8125",,,"0,0220","1,0737","0,7567",,
3iodo-4tetrahydroacridindecoy20,592,"-7,3",0,1,579,13,"0,75800","0,8125",,,"0,0220","1,0719","0,7580",,
Donepezildecoy50,593,"-7,3",0,1,580,13,"0,75928","0,8125",,,"0,0219","1,0701","0,7593",,
Tacrinedecoy3,594,"-7,3",0,1,581,13,"0,76056","0,8125",,,"0,0219","1,0683","0,7606",,
Physostigminedecoy9,595,"-7,3",0,1,582,13,"0,76184","0,8125",,,"0,0218","1,0665","0,7618",,
Physostigminedecoy37,596,"-7,3",0,1,583,13,"0,76312","0,8125",,,"0,0218","1,0647","0,7631",,
Heptyl-physostigminedecoy20,597,"-7,3",0,1,584,13,"0,76440","0,8125",,,"0,0218","1,0629","0,7644",,
Physostigminedecoy1,598,"-7,2",0,1,585,13,"0,76569","0,8125",,,"0,0217","1,0611","0,7657",,
Galantaminedecoy24,599,"-7,2",0,1,586,13,"0,76697","0,8125",,,"0,0217","1,0593","0,7670",,
Physostigminedecoy23,600,"-7,2",0,1,587,13,"0,76825","0,8125",,,"0,0217","1,0576","0,7682",,
Physostigminedecoy36,601,"-7,2",0,1,588,13,"0,76953","0,8125",,,"0,0216","1,0558","0,7695",,
Physostigminedecoy19,602,"-7,2",0,1,589,13,"0,77081","0,8125",,,"0,0216","1,0541","0,7708",,
Tolserinedecoy45,603,"-7,2",0,1,590,13,"0,77209","0,8125",,,"0,0216","1,0523","0,7721",,
Physostigminedecoy45,604,"-7,2",0,1,591,13,"0,77337","0,8125",,,"0,0215","1,0506","0,7734",,
Galantaminedecoy15,605,"-7,2",0,1,592,13,"0,77465","0,8125",,,"0,0215","1,0488","0,7746",,
Physostigminedecoy40,606,"-7,2",0,1,593,13,"0,77593","0,8125",,,"0,0215","1,0471","0,7759",,
Heptyl-physostigminedecoy34,607,"-7,1",0,1,594,13,"0,77721","0,8125",,,"0,0214","1,0454","0,7772",,
Galantaminedecoy19,608,"-7,1",0,1,595,13,"0,77849","0,8125",,,"0,0214","1,0437","0,7785",,
2iodo-4tetrahydroacridindecoy37,609,"-7,1",0,1,596,13,"0,77977","0,8125",,,"0,0213","1,0420","0,7798",,
Galantaminedecoy42,610,"-7,1",0,1,597,13,"0,78105","0,8125",,,"0,0213","1,0402","0,7810",,
Heptyl-physostigminedecoy22,611,"-7,1",0,1,598,13,"0,78233","0,8125",,,"0,0213","1,0385","0,7823",,
Physostigminedecoy26,612,"-7,1",0,1,599,13,"0,78361","0,8125",,,"0,0212","1,0368","0,7836",,
Physostigminedecoy38,613,"-7,1",0,1,600,13,"0,78489","0,8125",,,"0,0212","1,0352","0,7849",,
Heptyl-physostigminedecoy48,614,"-7,1",0,1,601,13,"0,78617","0,8125",,,"0,0212","1,0335","0,7862",,
Physostigminedecoy41,615,"-7,1",0,1,602,13,"0,78745","0,8125",,,"0,0211","1,0318","0,7875",,
Physostigminedecoy43,616,"-7,1",0,1,603,13,"0,78873","0,8125",,,"0,0211","1,0301","0,7887",,
Tolserinedecoy46,617,"-7,1",0,1,604,13,"0,79001","0,8125",,,"0,0211","1,0284","0,7900",,
4iodo-4tetrahydroacridindecoy25,618,"-7,1",0,1,605,13,"0,79129","0,8125",,,"0,0210","1,0268","0,7913",,
Physostigminedecoy31,619,"-7,1",0,1,606,13,"0,79257","0,8125",,,"0,0210","1,0251","0,7926",,
Galantaminedecoy21,620,"-7,1",0,1,607,13,"0,79385","0,8125",,,"0,0210","1,0235","0,7939",,
Galantaminedecoy48,621,"-7,1",0,1,608,13,"0,79513","0,8125",,,"0,0209","1,0218","0,7951",,
Tolserinedecoy47,622,"-7,0",0,1,609,13,"0,79641","0,8125",,,"0,0209","1,0202","0,7964",,
Physostigminedecoy2,623,"-7,0",0,1,610,13,"0,79770","0,8125",,,"0,0209","1,0185","0,7977",,
Physostigmine,624,"-7,0",1,0,610,14,"0,79898","0,8750",,,"0,0224","1,0951","0,7990",,
Galantaminedecoy10,625,"-7,0",0,1,611,14,"0,80026","0,8750",,,"0,0224","1,0934","0,8003",,
Galantaminedecoy12,626,"-7,0",0,1,612,14,"0,80154","0,8750",,,"0,0224","1,0916","0,8015",,
Physostigminedecoy34,627,"-7,0",0,1,613,14,"0,80282","0,8750",,,"0,0223","1,0899","0,8028",,
Physostigminedecoy18,628,"-7,0",0,1,614,14,"0,80410","0,8750",,,"0,0223","1,0882","0,8041",,
3iodo-4tetrahydroacridindecoy21,629,"-7,0",0,1,615,14,"0,80538","0,8750",,,"0,0223","1,0864","0,8054",,
Galantaminedecoy34,630,"-7,0",0,1,616,14,"0,80666","0,8750",,,"0,0222","1,0847","0,8067",,
Tacrinedecoy5,631,"-7,0",0,1,617,14,"0,80794","0,8750",,,"0,0222","1,0830","0,8079",,
Physostigminedecoy44,632,"-7,0",0,1,618,14,"0,80922","0,8750",,,"0,0222","1,0813","0,8092",,
Physostigminedecoy28,633,"-7,0",0,1,619,14,"0,81050","0,8750",,,"0,0221","1,0796","0,8105",,
Galantaminedecoy5,634,"-7,0",0,1,620,14,"0,81178","0,8750",,,"0,0221","1,0779","0,8118",,
Galantaminedecoy49,635,"-7,0",0,1,621,14,"0,81306","0,8750",,,"0,0220","1,0762","0,8131",,
Physostigminedecoy17,636,"-7,0",0,1,622,14,"0,81434","0,8750",,,"0,0220","1,0745","0,8143",,
Galantaminedecoy38,637,"-6,9",0,1,623,14,"0,81562","0,8750",,,"0,0220","1,0728","0,8156",,
Physostigminedecoy48,638,"-6,9",0,1,624,14,"0,81690","0,8750",,,"0,0219","1,0711","0,8169",,
Velnacrinedecoy34,639,"-6,9",0,1,625,14,"0,81818","0,8750",,,"0,0219","1,0694","0,8182",,
Physostigminedecoy29,640,"-6,9",0,1,626,14,"0,81946","0,8750",,,"0,0219","1,0678","0,8195",,
Galantaminedecoy46,641,"-6,9",0,1,627,14,"0,82074","0,8750",,,"0,0218","1,0661","0,8207",,
Physostigminedecoy42,642,"-6,9",0,1,628,14,"0,82202","0,8750",,,"0,0218","1,0644","0,8220",,
Galantaminedecoy47,643,"-6,9",0,1,629,14,"0,82330","0,8750",,,"0,0218","1,0628","0,8233",,
3iodo-4tetrahydroacridindecoy35,644,"-6,9",0,1,630,14,"0,82458","0,8750",,,"0,0217","1,0611","0,8246",,
4iodo-2tetrahydroacridindecoy27,645,"-6,9",0,1,631,14,"0,82586","0,8750",,,"0,0217","1,0595","0,8259",,
Galantaminedecoy33,646,"-6,9",0,1,632,14,"0,82714","0,8750",,,"0,0217","1,0578","0,8271",,
Physostigminedecoy33,647,"-6,9",0,1,633,14,"0,82843","0,8750",,,"0,0216","1,0562","0,8284",,
Tacrinedecoy32,648,"-6,9",0,1,634,14,"0,82971","0,8750",,,"0,0216","1,0546","0,8297",,
Velnacrinedecoy35,649,"-6,9",0,1,635,14,"0,83099","0,8750",,,"0,0216","1,0529","0,8310",,
Tacrinedecoy46,650,"-6,8",0,1,636,14,"0,83227","0,8750",,,"0,0215","1,0513","0,8323",,
Physostigminedecoy20,651,"-6,8",0,1,637,14,"0,83355","0,8750",,,"0,0215","1,0497","0,8335",,
Velnacrinedecoy48,652,"-6,8",0,1,638,14,"0,83483","0,8750",,,"0,0215","1,0481","0,8348",,
3iodo-2tetrahydroacridindecoy50,653,"-6,8",0,1,639,14,"0,83611","0,8750",,,"0,0214","1,0465","0,8361",,
Tacrinedecoy48,654,"-6,8",0,1,640,14,"0,83739","0,8750",,,"0,0214","1,0449","0,8374",,
Galantaminedecoy7,655,"-6,8",0,1,641,14,"0,83867","0,8750",,,"0,0214","1,0433","0,8387",,
Tacrinedecoy12,656,"-6,8",0,1,642,14,"0,83995","0,8750",,,"0,0213","1,0417","0,8399",,
Physostigminedecoy12,657,"-6,8",0,1,643,14,"0,84123","0,8750",,,"0,0213","1,0401","0,8412",,
Physostigminedecoy47,658,"-6,8",0,1,644,14,"0,84251","0,8750",,,"0,0213","1,0385","0,8425",,
2iodo-2tetrahydroacridindecoy50,659,"-6,8",0,1,645,14,"0,84379","0,8750",,,"0,0212","1,0370","0,8438",,
2iodo-4tetrahydroacridindecoy39,660,"-6,8",0,1,646,14,"0,84507","0,8750",,,"0,0212","1,0354","0,8451",,
Galantaminedecoy43,661,"-6,8",0,1,647,14,"0,84635","0,8750",,,"0,0212","1,0338","0,8464",,
Galantaminedecoy29,662,"-6,8",0,1,648,14,"0,84763","0,8750",,,"0,0211","1,0323","0,8476",,
3iodo-4tetrahydroacridindecoy13,663,"-6,8",0,1,649,14,"0,84891","0,8750",,,"0,0211","1,0307","0,8489",,
Tacrinedecoy43,664,"-6,8",0,1,650,14,"0,85019","0,8750",,,"0,0211","1,0292","0,8502",,
Physostigminedecoy8,665,"-6,7",0,1,651,14,"0,85147","0,8750",,,"0,0211","1,0276","0,8515",,
Physostigminedecoy3,666,"-6,7",0,1,652,14,"0,85275","0,8750",,,"0,0210","1,0261","0,8528",,
Galantaminedecoy30,667,"-6,7",0,1,653,14,"0,85403","0,8750",,,"0,0210","1,0245","0,8540",,
Velnacrine,668,"-6,7",1,0,653,15,"0,85531","0,9375",,,"0,0225","1,0961","0,8553",,
Velnacrinedecoy33,669,"-6,7",0,1,654,15,"0,85659","0,9375",,,"0,0224","1,0944","0,8566",,
Tacrinedecoy25,670,"-6,7",0,1,655,15,"0,85787","0,9375",,,"0,0224","1,0928","0,8579",,
Physostigminedecoy15,671,"-6,7",0,1,656,15,"0,85915","0,9375",,,"0,0224","1,0912","0,8592",,
Heptyl-physostigminedecoy28,672,"-6,7",0,1,657,15,"0,86044","0,9375",,,"0,0223","1,0895","0,8604",,
Velnacrinedecoy32,673,"-6,6",0,1,658,15,"0,86172","0,9375",,,"0,0223","1,0879","0,8617",,
Velnacrinedecoy22,674,"-6,6",0,1,659,15,"0,86300","0,9375",,,"0,0223","1,0863","0,8630",,
Tacrine,675,"-6,6",1,0,659,16,"0,86428","1,0000",,,"0,0237","1,1570","0,8643",,
Physostigminedecoy27,676,"-6,6",0,1,660,16,"0,86556","1,0000",,,"0,0237","1,1553","0,8656",,
Tacrinedecoy6,677,"-6,6",0,1,661,16,"0,86684","1,0000",,,"0,0236","1,1536","0,8668",,
Physostigminedecoy35,678,"-6,6",0,1,662,16,"0,86812","1,0000",,,"0,0236","1,1519","0,8681",,
Velnacrinedecoy24,679,"-6,6",0,1,663,16,"0,86940","1,0000",,,"0,0236","1,1502","0,8694",,
Physostigminedecoy32,680,"-6,6",0,1,664,16,"0,87068","1,0000",,,"0,0235","1,1485","0,8707",,
Physostigminedecoy46,681,"-6,6",0,1,665,16,"0,87196","1,0000",,,"0,0235","1,1468","0,8720",,
Velnacrinedecoy30,682,"-6,6",0,1,666,16,"0,87324","1,0000",,,"0,0235","1,1451","0,8732",,
Physostigminedecoy25,683,"-6,6",0,1,667,16,"0,87452","1,0000",,,"0,0234","1,1435","0,8745",,
Physostigminedecoy24,684,"-6,6",0,1,668,16,"0,87580","1,0000",,,"0,0234","1,1418","0,8758",,
Velnacrinedecoy49,685,"-6,6",0,1,669,16,"0,87708","1,0000",,,"0,0234","1,1401","0,8771",,
Galantaminedecoy37,686,"-6,6",0,1,670,16,"0,87836","1,0000",,,"0,0233","1,1385","0,8784",,
Galantaminedecoy11,687,"-6,6",0,1,671,16,"0,87964","1,0000",,,"0,0233","1,1368","0,8796",,
Tacrinedecoy31,688,"-6,5",0,1,672,16,"0,88092","1,0000",,,"0,0233","1,1351","0,8809",,
Galantaminedecoy13,689,"-6,5",0,1,673,16,"0,88220","1,0000",,,"0,0232","1,1335","0,8822",,
Velnacrinedecoy40,690,"-6,5",0,1,674,16,"0,88348","1,0000",,,"0,0232","1,1319","0,8835",,
Galantaminedecoy31,691,"-6,5",0,1,675,16,"0,88476","1,0000",,,"0,0232","1,1302","0,8848",,
Galantaminedecoy8,692,"-6,5",0,1,676,16,"0,88604","1,0000",,,"0,0231","1,1286","0,8860",,
Velnacrinedecoy7,693,"-6,5",0,1,677,16,"0,88732","1,0000",,,"0,0231","1,1270","0,8873",,
Galantaminedecoy2,694,"-6,4",0,1,678,16,"0,88860","1,0000",,,"0,0231","1,1253","0,8886",,
Tacrinedecoy16,695,"-6,4",0,1,679,16,"0,88988","1,0000",,,"0,0230","1,1237","0,8899",,
3iodo-2tetrahydroacridindecoy25,696,"-6,4",0,1,680,16,"0,89117","1,0000",,,"0,0230","1,1221","0,8912",,
Tacrinedecoy49,697,"-6,4",0,1,681,16,"0,89245","1,0000",,,"0,0230","1,1205","0,8924",,
Velnacrinedecoy5,698,"-6,4",0,1,682,16,"0,89373","1,0000",,,"0,0229","1,1189","0,8937",,
Velnacrinedecoy45,699,"-6,4",0,1,683,16,"0,89501","1,0000",,,"0,0229","1,1173","0,8950",,
Velnacrinedecoy16,700,"-6,4",0,1,684,16,"0,89629","1,0000",,,"0,0229","1,1157","0,8963",,
Velnacrinedecoy12,701,"-6,4",0,1,685,16,"0,89757","1,0000",,,"0,0228","1,1141","0,8976",,
Tacrinedecoy47,702,"-6,4",0,1,686,16,"0,89885","1,0000",,,"0,0228","1,1125","0,8988",,
Tacrinedecoy24,703,"-6,4",0,1,687,16,"0,90013","1,0000",,,"0,0228","1,1109","0,9001",,
Tacrinedecoy1,704,"-6,4",0,1,688,16,"0,90141","1,0000",,,"0,0227","1,1094","0,9014",,
Velnacrinedecoy27,705,"-6,3",0,1,689,16,"0,90269","1,0000",,,"0,0227","1,1078","0,9027",,
Tacrinedecoy8,706,"-6,3",0,1,690,16,"0,90397","1,0000",,,"0,0227","1,1062","0,9040",,
Physostigminedecoy21,707,"-6,3",0,1,691,16,"0,90525","1,0000",,,"0,0226","1,1046","0,9052",,
Tacrinedecoy28,708,"-6,3",0,1,692,16,"0,90653","1,0000",,,"0,0226","1,1031","0,9065",,
Tacrinedecoy39,709,"-6,3",0,1,693,16,"0,90781","1,0000",,,"0,0226","1,1015","0,9078",,
Galantaminedecoy20,710,"-6,3",0,1,694,16,"0,90909","1,0000",,,"0,0225","1,1000","0,9091",,
Velnacrinedecoy28,711,"-6,3",0,1,695,16,"0,91037","1,0000",,,"0,0225","1,0984","0,9104",,
Velnacrinedecoy39,712,"-6,3",0,1,696,16,"0,91165","1,0000",,,"0,0225","1,0969","0,9117",,
Tacrinedecoy14,713,"-6,3",0,1,697,16,"0,91293","1,0000",,,"0,0224","1,0953","0,9129",,
Galantaminedecoy36,714,"-6,2",0,1,698,16,"0,91421","1,0000",,,"0,0224","1,0938","0,9142",,
Galantaminedecoy28,715,"-6,2",0,1,699,16,"0,91549","1,0000",,,"0,0224","1,0923","0,9155",,
Tacrinedecoy21,716,"-6,2",0,1,700,16,"0,91677","1,0000",,,"0,0223","1,0908","0,9168",,
Tacrinedecoy38,717,"-6,2",0,1,701,16,"0,91805","1,0000",,,"0,0223","1,0892","0,9181",,
Velnacrinedecoy21,718,"-6,2",0,1,702,16,"0,91933","1,0000",,,"0,0223","1,0877","0,9193",,
Tacrinedecoy36,719,"-6,2",0,1,703,16,"0,92061","1,0000",,,"0,0223","1,0862","0,9206",,
Velnacrinedecoy8,720,"-6,2",0,1,704,16,"0,92190","1,0000",,,"0,0222","1,0847","0,9219",,
Tacrinedecoy9,721,"-6,2",0,1,705,16,"0,92318","1,0000",,,"0,0222","1,0832","0,9232",,
Tacrinedecoy29,722,"-6,2",0,1,706,16,"0,92446","1,0000",,,"0,0222","1,0817","0,9245",,
Velnacrinedecoy10,723,"-6,2",0,1,707,16,"0,92574","1,0000",,,"0,0221","1,0802","0,9257",,
Physostigminedecoy30,724,"-6,1",0,1,708,16,"0,92702","1,0000",,,"0,0221","1,0787","0,9270",,
Tacrinedecoy42,725,"-6,1",0,1,709,16,"0,92830","1,0000",,,"0,0221","1,0772","0,9283",,
Tacrinedecoy4,726,"-6,1",0,1,710,16,"0,92958","1,0000",,,"0,0220","1,0757","0,9296",,
Tacrinedecoy40,727,"-6,1",0,1,711,16,"0,93086","1,0000",,,"0,0220","1,0743","0,9309",,
Physostigminedecoy13,728,"-6,1",0,1,712,16,"0,93214","1,0000",,,"0,0220","1,0728","0,9321",,
Velnacrinedecoy29,729,"-6,1",0,1,713,16,"0,93342","1,0000",,,"0,0219","1,0713","0,9334",,
Velnacrinedecoy41,730,"-6,1",0,1,714,16,"0,93470","1,0000",,,"0,0219","1,0698","0,9347",,
Physostigminedecoy7,731,"-6,1",0,1,715,16,"0,93598","1,0000",,,"0,0219","1,0684","0,9360",,
Tacrinedecoy13,732,"-6,1",0,1,716,16,"0,93726","1,0000",,,"0,0219","1,0669","0,9373",,
Velnacrinedecoy13,733,"-6,1",0,1,717,16,"0,93854","1,0000",,,"0,0218","1,0655","0,9385",,
Velnacrinedecoy31,734,"-6,1",0,1,718,16,"0,93982","1,0000",,,"0,0218","1,0640","0,9398",,
Tacrinedecoy22,735,"-6,1",0,1,719,16,"0,94110","1,0000",,,"0,0218","1,0626","0,9411",,
Velnacrinedecoy23,736,"-6,1",0,1,720,16,"0,94238","1,0000",,,"0,0217","1,0611","0,9424",,
Velnacrinedecoy26,737,"-6,1",0,1,721,16,"0,94366","1,0000",,,"0,0217","1,0597","0,9437",,
Velnacrinedecoy6,738,"-6,1",0,1,722,16,"0,94494","1,0000",,,"0,0217","1,0582","0,9449",,
Tacrinedecoy45,739,"-6,0",0,1,723,16,"0,94622","1,0000",,,"0,0217","1,0568","0,9462",,
Velnacrinedecoy14,740,"-6,0",0,1,724,16,"0,94750","1,0000",,,"0,0216","1,0554","0,9475",,
Tacrinedecoy26,741,"-6,0",0,1,725,16,"0,94878","1,0000",,,"0,0216","1,0540","0,9488",,
Tacrinedecoy50,742,"-6,0",0,1,726,16,"0,95006","1,0000",,,"0,0216","1,0525","0,9501",,
Velnacrinedecoy37,743,"-6,0",0,1,727,16,"0,95134","1,0000",,,"0,0215","1,0511","0,9513",,
Tacrinedecoy20,744,"-6,0",0,1,728,16,"0,95262","1,0000",,,"0,0215","1,0497","0,9526",,
Velnacrinedecoy25,745,"-6,0",0,1,729,16,"0,95391","1,0000",,,"0,0215","1,0483","0,9539",,
Velnacrinedecoy3,746,"-6,0",0,1,730,16,"0,95519","1,0000",,,"0,0214","1,0469","0,9552",,
Velnacrinedecoy38,747,"-6,0",0,1,731,16,"0,95647","1,0000",,,"0,0214","1,0455","0,9565",,
Velnacrinedecoy15,748,"-5,9",0,1,732,16,"0,95775","1,0000",,,"0,0214","1,0441","0,9577",,
Tacrinedecoy7,749,"-5,9",0,1,733,16,"0,95903","1,0000",,,"0,0214","1,0427","0,9590",,
Velnacrinedecoy20,750,"-5,9",0,1,734,16,"0,96031","1,0000",,,"0,0213","1,0413","0,9603",,
Velnacrinedecoy18,751,"-5,9",0,1,735,16,"0,96159","1,0000",,,"0,0213","1,0399","0,9616",,
Tacrinedecoy17,752,"-5,9",0,1,736,16,"0,96287","1,0000",,,"0,0213","1,0385","0,9629",,
Tacrinedecoy37,753,"-5,9",0,1,737,16,"0,96415","1,0000",,,"0,0212","1,0372","0,9641",,
Velnacrinedecoy19,754,"-5,9",0,1,738,16,"0,96543","1,0000",,,"0,0212","1,0358","0,9654",,
Velnacrinedecoy36,755,"-5,9",0,1,739,16,"0,96671","1,0000",,,"0,0212","1,0344","0,9667",,
Tacrinedecoy18,756,"-5,8",0,1,740,16,"0,96799","1,0000",,,"0,0212","1,0330","0,9680",,
Tacrinedecoy44,757,"-5,8",0,1,741,16,"0,96927","1,0000",,,"0,0211","1,0317","0,9693",,
Velnacrinedecoy11,758,"-5,8",0,1,742,16,"0,97055","1,0000",,,"0,0211","1,0303","0,9706",,
Velnacrinedecoy17,759,"-5,8",0,1,743,16,"0,97183","1,0000",,,"0,0211","1,0290","0,9718",,
Velnacrinedecoy46,760,"-5,8",0,1,744,16,"0,97311","1,0000",,,"0,0211","1,0276","0,9731",,
Velnacrinedecoy2,761,"-5,8",0,1,745,16,"0,97439","1,0000",,,"0,0210","1,0263","0,9744",,
Velnacrinedecoy4,762,"-5,8",0,1,746,16,"0,97567","1,0000",,,"0,0210","1,0249","0,9757",,
Tacrinedecoy27,763,"-5,8",0,1,747,16,"0,97695","1,0000",,,"0,0210","1,0236","0,9770",,
Tacrinedecoy35,764,"-5,8",0,1,748,16,"0,97823","1,0000",,,"0,0209","1,0222","0,9782",,
Velnacrinedecoy9,765,"-5,8",0,1,749,16,"0,97951","1,0000",,,"0,0209","1,0209","0,9795",,
Velnacrinedecoy47,766,"-5,8",0,1,750,16,"0,98079","1,0000",,,"0,0209","1,0196","0,9808",,
Tacrinedecoy30,767,"-5,8",0,1,751,16,"0,98207","1,0000",,,"0,0209","1,0182","0,9821",,
Galantaminedecoy1,768,"-5,7",0,1,752,16,"0,98335","1,0000",,,"0,0208","1,0169","0,9834",,
Tacrinedecoy19,769,"-5,7",0,1,753,16,"0,98464","1,0000",,,"0,0208","1,0156","0,9846",,
Velnacrinedecoy44,770,"-5,7",0,1,754,16,"0,98592","1,0000",,,"0,0208","1,0143","0,9859",,
Galantaminedecoy27,771,"-5,7",0,1,755,16,"0,98720","1,0000",,,"0,0208","1,0129","0,9872",,
Galantaminedecoy25,772,"-5,7",0,1,756,16,"0,98848","1,0000",,,"0,0207","1,0116","0,9885",,
Tacrinedecoy10,773,"-5,7",0,1,757,16,"0,98976","1,0000",,,"0,0207","1,0103","0,9898",,
Tacrinedecoy15,774,"-5,7",0,1,758,16,"0,99104","1,0000",,,"0,0207","1,0090","0,9910",,
Velnacrinedecoy43,775,"-5,7",0,1,759,16,"0,99232","1,0000",,,"0,0206","1,0077","0,9923",,
Velnacrinedecoy50,776,"-5,6",0,1,760,16,"0,99360","1,0000",,,"0,0206","1,0064","0,9936",,
Velnacrinedecoy1,777,"-5,5",0,1,761,16,"0,99488","1,0000",,,"0,0206","1,0051","0,9949",,
Tacrinedecoy34,778,"-5,5",0,1,762,16,"0,99616","1,0000",,,"0,0206","1,0038","0,9962",,
Galantaminedecoy26,779,"-5,4",0,1,763,16,"0,99744","1,0000",,,"0,0205","1,0025","0,9974",,
Tacrinedecoy23,780,"-5,3",0,1,764,16,"0,99872","1,0000",,,"0,0205","1,0013","0,9987",,
Velnacrinedecoy42,781,"-5,2",0,1,765,16,"1,00000","1,0000",,,"0,0205","1,0000","1,0000",,
,,,16,765,,,,,,,,,,,