Ligand,Odem,Affinity_mean,Positivos,Decoys,Tdecoys,Tpositivos,FracDocada,FracPositivos,,Conc(P),Fator Enriquecimento,FracDocada,positivos/total = ,"0,0204865557"
2iodo-4tetrahydroacridindecoy43,1,"67,4",0,1,1,0,"0,001","0,000",,"0,000","0,0000","0,001",,
Bis-tacrine,2,"65,3",1,0,1,1,"0,003","0,063",,"0,500","24,4057","0,003",,
Bis-tacrinedecoy18,3,"64,0",0,1,2,1,"0,004","0,063",,"0,333","16,2705","0,004",,
2iodo-2tetrahydroacridindecoy16,4,"63,4",0,1,3,1,"0,005","0,063",,"0,250","12,2029","0,005",,
4iodo-4tetrahydroacridindecoy19,5,"62,1",0,1,4,1,"0,006","0,063",,"0,200","9,7623","0,006",,
Bis-tacrinedecoy34,6,"59,4",0,1,5,1,"0,008","0,063",,"0,167","8,1352","0,008",,
2iodo-4tetrahydroacridindecoy18,7,"59,0",0,1,6,1,"0,009","0,063",,"0,143","6,9731","0,009",,
2iodo-4tetrahydroacridindecoy47,8,"58,9",0,1,7,1,"0,010","0,063",,"0,125","6,1014","0,010",,
Donepezildecoy22,9,"58,5",0,1,8,1,"0,012","0,063",,"0,111","5,4235","0,012",,
2iodo-3tetrahydroacridindecoy40,10,"57,7",0,1,9,1,"0,013","0,063",,"0,100","4,8811","0,013",,
Heptyl-physostigminedecoy33,11,"57,4",0,1,10,1,"0,014","0,063",,"0,091","4,4374","0,014",,
Heptyl-physostigminedecoy40,12,"57,1",0,1,11,1,"0,015","0,063",,"0,083","4,0676","0,015",,
Donepezildecoy12,13,"57,1",0,1,12,1,"0,017","0,063",,"0,077","3,7547","0,017",,
2iodo-2tetrahydroacridindecoy17,14,"56,7",0,1,13,1,"0,018","0,063",,"0,071","3,4865","0,018",,
4iodo-4tetrahydroacridindecoy14,15,"56,3",0,1,14,1,"0,019","0,063",,"0,067","3,2541","0,019",,
Bis-tacrinedecoy16,16,"56,0",0,1,15,1,"0,020","0,063",,"0,063","3,0507","0,020",,
Bis-tacrinedecoy17,17,"55,8",0,1,16,1,"0,022","0,063",,"0,059","2,8713","0,022",,
Bis-tacrinedecoy28,18,"55,4",0,1,17,1,"0,023","0,063",,"0,056","2,7117","0,023",,
4iodo-2tetrahydroacridindecoy32,19,"55,4",0,1,18,1,"0,024","0,063",,"0,053","2,5690","0,024",,
Donepezildecoy37,20,"54,9",0,1,19,1,"0,026","0,063",,"0,050","2,4406","0,026",,
4iodo-3tetrahydroacridindecoy34,21,"54,6",0,1,20,1,"0,027","0,063",,"0,048","2,3244","0,027",,
Donepezil,22,"54,5",1,0,20,2,"0,028","0,125",,"0,091","4,4374","0,028",,
2iodo-3tetrahydroacridindecoy47,23,"54,3",0,1,21,2,"0,029","0,125",,"0,087","4,2445","0,029",,
Bis-tacrinedecoy5,24,"53,4",0,1,22,2,"0,031","0,125",,"0,083","4,0676","0,031",,
2iodo-4tetrahydroacridindecoy19,25,"53,1",0,1,23,2,"0,032","0,125",,"0,080","3,9049","0,032",,
Heptyl-physostigminedecoy17,26,"53,1",0,1,24,2,"0,033","0,125",,"0,077","3,7547","0,033",,
Heptyl-physostigminedecoy9,27,"52,9",0,1,25,2,"0,035","0,125",,"0,074","3,6157","0,035",,
2iodo-3tetrahydroacridindecoy49,28,"52,8",0,1,26,2,"0,036","0,125",,"0,071","3,4865","0,036",,
Bis-tacrinedecoy26,29,"52,7",0,1,27,2,"0,037","0,125",,"0,069","3,3663","0,037",,
4iodo-2tetrahydroacridindecoy13,30,"52,4",0,1,28,2,"0,038","0,125",,"0,067","3,2541","0,038",,
Heptyl-physostigminedecoy18,31,"52,4",0,1,29,2,"0,040","0,125",,"0,065","3,1491","0,040",,
4iodo-4tetrahydroacridindecoy26,32,"52,4",0,1,30,2,"0,041","0,125",,"0,063","3,0507","0,041",,
2iodo-4tetrahydroacridindecoy16,33,"52,3",0,1,31,2,"0,042","0,125",,"0,061","2,9583","0,042",,
4iodo-4tetrahydroacridindecoy18,34,"52,2",0,1,32,2,"0,044","0,125",,"0,059","2,8713","0,044",,
Heptyl-physostigminedecoy32,35,"52,2",0,1,33,2,"0,045","0,125",,"0,057","2,7892","0,045",,
Heptyl-physostigminedecoy16,36,"52,0",0,1,34,2,"0,046","0,125",,"0,056","2,7117","0,046",,
4iodo-3tetrahydroacridindecoy14,37,"51,8",0,1,35,2,"0,047","0,125",,"0,054","2,6385","0,047",,
4iodo-4tetrahydroacridindecoy8,38,"51,7",0,1,36,2,"0,049","0,125",,"0,053","2,5690","0,049",,
4iodo-3tetrahydroacridindecoy13,39,"51,6",0,1,37,2,"0,050","0,125",,"0,051","2,5032","0,050",,
Heptyl-physostigminedecoy15,40,"51,5",0,1,38,2,"0,051","0,125",,"0,050","2,4406","0,051",,
Bis-tacrinedecoy25,41,"51,5",0,1,39,2,"0,052","0,125",,"0,049","2,3810","0,052",,
2iodo-3tetrahydroacridindecoy33,42,"51,2",0,1,40,2,"0,054","0,125",,"0,048","2,3244","0,054",,
3iodo-4tetrahydroacridin,43,"51,1",1,0,40,3,"0,055","0,188",,"0,070","3,4054","0,055",,
Heptyl-physostigminedecoy19,44,"51,1",0,1,41,3,"0,056","0,188",,"0,068","3,3281","0,056",,
Bis-tacrinedecoy23,45,"50,9",0,1,42,3,"0,058","0,188",,"0,067","3,2541","0,058",,
2iodo-4tetrahydroacridindecoy20,46,"50,9",0,1,43,3,"0,059","0,188",,"0,065","3,1834","0,059",,
3iodo-2tetrahydroacridindecoy11,47,"50,3",0,1,44,3,"0,060","0,188",,"0,064","3,1156","0,060",,
4iodo-4tetrahydroacridin,48,"50,3",1,0,44,4,"0,061","0,250",,"0,083","4,0676","0,061",,
Donepezildecoy15,49,"50,0",0,1,45,4,"0,063","0,250",,"0,082","3,9846","0,063",,
4iodo-4tetrahydroacridindecoy50,50,"50,0",0,1,46,4,"0,064","0,250",,"0,080","3,9049","0,064",,
4iodo-3tetrahydroacridindecoy49,51,"50,0",0,1,47,4,"0,065","0,250",,"0,078","3,8283","0,065",,
4iodo-3tetrahydroacridindecoy33,52,"49,8",0,1,48,4,"0,067","0,250",,"0,077","3,7547","0,067",,
Bis-tacrinedecoy13,53,"49,3",0,1,49,4,"0,068","0,250",,"0,075","3,6839","0,068",,
2iodo-4tetrahydroacridindecoy22,54,"49,1",0,1,50,4,"0,069","0,250",,"0,074","3,6157","0,069",,
2iodo-4tetrahydroacridindecoy45,55,"49,1",0,1,51,4,"0,070","0,250",,"0,073","3,5499","0,070",,
2iodo-2tetrahydroacridindecoy19,56,"49,0",0,1,52,4,"0,072","0,250",,"0,071","3,4865","0,072",,
4iodo-4tetrahydroacridindecoy45,57,"49,0",0,1,53,4,"0,073","0,250",,"0,070","3,4254","0,073",,
2iodo-4tetrahydroacridindecoy23,58,"48,9",0,1,54,4,"0,074","0,250",,"0,069","3,3663","0,074",,
3iodo-2tetrahydroacridindecoy26,59,"48,8",0,1,55,4,"0,076","0,250",,"0,068","3,3093","0,076",,
4iodo-4tetrahydroacridindecoy46,60,"48,5",0,1,56,4,"0,077","0,250",,"0,067","3,2541","0,077",,
3iodo-2tetrahydroacridindecoy46,61,"48,2",0,1,57,4,"0,078","0,250",,"0,066","3,2008","0,078",,
2iodo-3tetrahydroacridindecoy39,62,"48,1",0,1,58,4,"0,079","0,250",,"0,065","3,1491","0,079",,
Bis-tacrinedecoy46,63,"48,0",0,1,59,4,"0,081","0,250",,"0,063","3,0991","0,081",,
Donepezildecoy19,64,"47,9",0,1,60,4,"0,082","0,250",,"0,063","3,0507","0,082",,
4iodo-4tetrahydroacridindecoy16,65,"47,9",0,1,61,4,"0,083","0,250",,"0,062","3,0038","0,083",,
Heptyl-physostigminedecoy38,66,"47,7",0,1,62,4,"0,085","0,250",,"0,061","2,9583","0,085",,
Donepezildecoy35,67,"47,6",0,1,63,4,"0,086","0,250",,"0,060","2,9141","0,086",,
Galantaminedecoy48,68,"47,4",0,1,64,4,"0,087","0,250",,"0,059","2,8713","0,087",,
2iodo-4tetrahydroacridindecoy24,69,"47,3",0,1,65,4,"0,088","0,250",,"0,058","2,8296","0,088",,
Bis-tacrinedecoy38,70,"47,2",0,1,66,4,"0,090","0,250",,"0,057","2,7892","0,090",,
4iodo-4tetrahydroacridindecoy15,71,"47,1",0,1,67,4,"0,091","0,250",,"0,056","2,7499","0,091",,
Donepezildecoy27,72,"46,9",0,1,68,4,"0,092","0,250",,"0,056","2,7117","0,092",,
2iodo-3tetrahydroacridindecoy23,73,"46,8",0,1,69,4,"0,093","0,250",,"0,055","2,6746","0,093",,
4iodo-4tetrahydroacridindecoy10,74,"46,8",0,1,70,4,"0,095","0,250",,"0,054","2,6385","0,095",,
2iodo-4tetrahydroacridindecoy14,75,"46,7",0,1,71,4,"0,096","0,250",,"0,053","2,6033","0,096",,
Heptyl-physostigmine,76,"46,5",1,0,71,5,"0,097","0,313",,"0,066","3,2113","0,097",,
Bis-tacrinedecoy24,77,"46,3",0,1,72,5,"0,099","0,313",,"0,065","3,1696","0,099",,
Bis-tacrinedecoy35,78,"46,2",0,1,73,5,"0,100","0,313",,"0,064","3,1289","0,100",,
Bis-tacrinedecoy2,79,"46,1",0,1,74,5,"0,101","0,313",,"0,063","3,0893","0,101",,
Bis-tacrinedecoy11,80,"46,0",0,1,75,5,"0,102","0,313",,"0,063","3,0507","0,102",,
Heptyl-physostigminedecoy31,81,"45,9",0,1,76,5,"0,104","0,313",,"0,062","3,0131","0,104",,
Bis-tacrinedecoy45,82,"45,9",0,1,77,5,"0,105","0,313",,"0,061","2,9763","0,105",,
Heptyl-physostigminedecoy30,83,"45,9",0,1,78,5,"0,106","0,313",,"0,060","2,9404","0,106",,
Heptyl-physostigminedecoy36,84,"45,9",0,1,79,5,"0,108","0,313",,"0,060","2,9054","0,108",,
Bis-tacrinedecoy39,85,"45,8",0,1,80,5,"0,109","0,313",,"0,059","2,8713","0,109",,
Galantamine,86,"45,7",1,0,80,6,"0,110","0,375",,"0,070","3,4054","0,110",,
Donepezildecoy21,87,"45,6",0,1,81,6,"0,111","0,375",,"0,069","3,3663","0,111",,
Tacrinedecoy46,88,"45,6",0,1,82,6,"0,113","0,375",,"0,068","3,3281","0,113",,
2iodo-4tetrahydroacridindecoy15,89,"45,6",0,1,83,6,"0,114","0,375",,"0,067","3,2907","0,114",,
Bis-tacrinedecoy36,90,"45,5",0,1,84,6,"0,115","0,375",,"0,067","3,2541","0,115",,
4iodo-3tetrahydroacridin,91,"45,4",1,0,84,7,"0,117","0,438",,"0,077","3,7547","0,117",,
Heptyl-physostigminedecoy10,92,"45,2",0,1,85,7,"0,118","0,438",,"0,076","3,7139","0,118",,
Heptyl-physostigminedecoy8,93,"44,9",0,1,86,7,"0,119","0,438",,"0,075","3,6740","0,119",,
Heptyl-physostigminedecoy27,94,"44,8",0,1,87,7,"0,120","0,438",,"0,074","3,6349","0,120",,
4iodo-4tetrahydroacridindecoy38,95,"44,7",0,1,88,7,"0,122","0,438",,"0,074","3,5966","0,122",,
Bis-tacrinedecoy7,96,"44,5",0,1,89,7,"0,123","0,438",,"0,073","3,5592","0,123",,
4iodo-3tetrahydroacridindecoy47,97,"44,5",0,1,90,7,"0,124","0,438",,"0,072","3,5225","0,124",,
2iodo-4tetrahydroacridin,98,"44,3",1,0,90,8,"0,125","0,500",,"0,082","3,9846","0,125",,
4iodo-3tetrahydroacridindecoy31,99,"44,2",0,1,91,8,"0,127","0,500",,"0,081","3,9444","0,127",,
4iodo-4tetrahydroacridindecoy3,100,"44,2",0,1,92,8,"0,128","0,500",,"0,080","3,9049","0,128",,
Bis-tacrinedecoy40,101,"44,1",0,1,93,8,"0,129","0,500",,"0,079","3,8663","0,129",,
4iodo-3tetrahydroacridindecoy38,102,"44,0",0,1,94,8,"0,131","0,500",,"0,078","3,8283","0,131",,
4iodo-4tetrahydroacridindecoy7,103,"43,9",0,1,95,8,"0,132","0,500",,"0,078","3,7912","0,132",,
Donepezildecoy7,104,"43,9",0,1,96,8,"0,133","0,500",,"0,077","3,7547","0,133",,
2iodo-4tetrahydroacridindecoy26,105,"43,8",0,1,97,8,"0,134","0,500",,"0,076","3,7190","0,134",,
Tolserinedecoy8,106,"43,5",0,1,98,8,"0,136","0,500",,"0,075","3,6839","0,136",,
Heptyl-physostigminedecoy3,107,"43,4",0,1,99,8,"0,137","0,500",,"0,075","3,6495","0,137",,
Heptyl-physostigminedecoy37,108,"43,3",0,1,100,8,"0,138","0,500",,"0,074","3,6157","0,138",,
Velnacrinedecoy24,109,"43,2",0,1,101,8,"0,140","0,500",,"0,073","3,5825","0,140",,
4iodo-4tetrahydroacridindecoy36,110,"43,2",0,1,102,8,"0,141","0,500",,"0,073","3,5499","0,141",,
Heptyl-physostigminedecoy21,111,"43,0",0,1,103,8,"0,142","0,500",,"0,072","3,5179","0,142",,
3iodo-4tetrahydroacridindecoy33,112,"43,0",0,1,104,8,"0,143","0,500",,"0,071","3,4865","0,143",,
4iodo-4tetrahydroacridindecoy17,113,"43,0",0,1,105,8,"0,145","0,500",,"0,071","3,4557","0,145",,
4iodo-4tetrahydroacridindecoy28,114,"42,9",0,1,106,8,"0,146","0,500",,"0,070","3,4254","0,146",,
4iodo-4tetrahydroacridindecoy37,115,"42,9",0,1,107,8,"0,147","0,500",,"0,070","3,3956","0,147",,
Galantaminedecoy23,116,"42,7",0,1,108,8,"0,149","0,500",,"0,069","3,3663","0,149",,
Tolserinedecoy28,117,"42,7",0,1,109,8,"0,150","0,500",,"0,068","3,3375","0,150",,
Bis-tacrinedecoy14,118,"42,5",0,1,110,8,"0,151","0,500",,"0,068","3,3093","0,151",,
3iodo-2tetrahydroacridin,119,"42,4",1,0,110,9,"0,152","0,563",,"0,076","3,6916","0,152",,
Velnacrinedecoy22,120,"42,4",0,1,111,9,"0,154","0,563",,"0,075","3,6609","0,154",,
Velnacrinedecoy48,121,"42,2",0,1,112,9,"0,155","0,563",,"0,074","3,6306","0,155",,
2iodo-2tetrahydroacridindecoy8,122,"42,0",0,1,113,9,"0,156","0,563",,"0,074","3,6008","0,156",,
Heptyl-physostigminedecoy11,123,"42,0",0,1,114,9,"0,157","0,563",,"0,073","3,5716","0,157",,
Tacrinedecoy16,124,"42,0",0,1,115,9,"0,159","0,563",,"0,073","3,5428","0,159",,
Galantaminedecoy50,125,"41,8",0,1,116,9,"0,160","0,563",,"0,072","3,5144","0,160",,
4iodo-2tetrahydroacridin,126,"41,8",1,0,116,10,"0,161","0,625",,"0,079","3,8739","0,161",,
2iodo-4tetrahydroacridindecoy29,127,"41,8",0,1,117,10,"0,163","0,625",,"0,079","3,8434","0,163",,
Bis-tacrinedecoy22,128,"41,7",0,1,118,10,"0,164","0,625",,"0,078","3,8134","0,164",,
Bis-tacrinedecoy21,129,"41,7",0,1,119,10,"0,165","0,625",,"0,078","3,7838","0,165",,
4iodo-2tetrahydroacridindecoy48,130,"41,7",0,1,120,10,"0,166","0,625",,"0,077","3,7547","0,166",,
Velnacrinedecoy30,131,"41,7",0,1,121,10,"0,168","0,625",,"0,076","3,7261","0,168",,
Donepezildecoy10,132,"41,5",0,1,122,10,"0,169","0,625",,"0,076","3,6978","0,169",,
Heptyl-physostigminedecoy24,133,"41,5",0,1,123,10,"0,170","0,625",,"0,075","3,6700","0,170",,
Tacrinedecoy49,134,"41,4",0,1,124,10,"0,172","0,625",,"0,075","3,6426","0,172",,
2iodo-4tetrahydroacridindecoy44,135,"41,3",0,1,125,10,"0,173","0,625",,"0,074","3,6157","0,173",,
Donepezildecoy41,136,"41,3",0,1,126,10,"0,174","0,625",,"0,074","3,5891","0,174",,
3iodo-2tetrahydroacridindecoy41,137,"41,2",0,1,127,10,"0,175","0,625",,"0,073","3,5629","0,175",,
Tacrinedecoy47,138,"41,2",0,1,128,10,"0,177","0,625",,"0,072","3,5371","0,177",,
Donepezildecoy42,139,"41,1",0,1,129,10,"0,178","0,625",,"0,072","3,5116","0,178",,
Donepezildecoy28,140,"41,1",0,1,130,10,"0,179","0,625",,"0,071","3,4865","0,179",,
Galantaminedecoy38,141,"41,0",0,1,131,10,"0,181","0,625",,"0,071","3,4618","0,181",,
Heptyl-physostigminedecoy43,142,"41,0",0,1,132,10,"0,182","0,625",,"0,070","3,4374","0,182",,
4iodo-4tetrahydroacridindecoy23,143,"41,0",0,1,133,10,"0,183","0,625",,"0,070","3,4134","0,183",,
3iodo-2tetrahydroacridindecoy49,144,"41,0",0,1,134,10,"0,184","0,625",,"0,069","3,3897","0,184",,
2iodo-3tetrahydroacridin,145,"40,9",1,0,134,11,"0,186","0,688",,"0,076","3,7029","0,186",,
Bis-tacrinedecoy3,146,"40,9",0,1,135,11,"0,187","0,688",,"0,075","3,6776","0,187",,
Tolserinedecoy2,147,"40,8",0,1,136,11,"0,188","0,688",,"0,075","3,6526","0,188",,
4iodo-4tetrahydroacridindecoy12,148,"40,8",0,1,137,11,"0,190","0,688",,"0,074","3,6279","0,190",,
4iodo-4tetrahydroacridindecoy1,149,"40,8",0,1,138,11,"0,191","0,688",,"0,074","3,6035","0,191",,
3iodo-2tetrahydroacridindecoy8,150,"40,7",0,1,139,11,"0,192","0,688",,"0,073","3,5795","0,192",,
4iodo-2tetrahydroacridindecoy25,151,"40,7",0,1,140,11,"0,193","0,688",,"0,073","3,5558","0,193",,
4iodo-4tetrahydroacridindecoy39,152,"40,7",0,1,141,11,"0,195","0,688",,"0,072","3,5324","0,195",,
3iodo-2tetrahydroacridindecoy7,153,"40,6",0,1,142,11,"0,196","0,688",,"0,072","3,5093","0,196",,
2iodo-3tetrahydroacridindecoy13,154,"40,5",0,1,143,11,"0,197","0,688",,"0,071","3,4865","0,197",,
Heptyl-physostigminedecoy39,155,"40,4",0,1,144,11,"0,198","0,688",,"0,071","3,4640","0,198",,
Tacrinedecoy4,156,"40,4",0,1,145,11,"0,200","0,688",,"0,071","3,4418","0,200",,
2iodo-3tetrahydroacridindecoy12,157,"40,3",0,1,146,11,"0,201","0,688",,"0,070","3,4199","0,201",,
Galantaminedecoy5,158,"40,3",0,1,147,11,"0,202","0,688",,"0,070","3,3983","0,202",,
4iodo-3tetrahydroacridindecoy24,159,"40,2",0,1,148,11,"0,204","0,688",,"0,069","3,3769","0,204",,
Bis-tacrinedecoy44,160,"40,2",0,1,149,11,"0,205","0,688",,"0,069","3,3558","0,205",,
Heptyl-physostigminedecoy7,161,"40,2",0,1,150,11,"0,206","0,688",,"0,068","3,3349","0,206",,
Tolserinedecoy5,162,"40,2",0,1,151,11,"0,207","0,688",,"0,068","3,3144","0,207",,
Velnacrinedecoy45,163,"40,1",0,1,152,11,"0,209","0,688",,"0,067","3,2940","0,209",,
Tolserinedecoy41,164,"40,0",0,1,153,11,"0,210","0,688",,"0,067","3,2739","0,210",,
2iodo-3tetrahydroacridindecoy18,165,"40,0",0,1,154,11,"0,211","0,688",,"0,067","3,2541","0,211",,
Bis-tacrinedecoy37,166,"40,0",0,1,155,11,"0,213","0,688",,"0,066","3,2345","0,213",,
Tacrinedecoy14,167,"40,0",0,1,156,11,"0,214","0,688",,"0,066","3,2151","0,214",,
2iodo-2tetrahydroacridindecoy45,168,"40,0",0,1,157,11,"0,215","0,688",,"0,065","3,1960","0,215",,
Velnacrinedecoy16,169,"40,0",0,1,158,11,"0,216","0,688",,"0,065","3,1771","0,216",,
2iodo-2tetrahydroacridindecoy39,170,"40,0",0,1,159,11,"0,218","0,688",,"0,065","3,1584","0,218",,
Galantaminedecoy40,171,"39,9",0,1,160,11,"0,219","0,688",,"0,064","3,1399","0,219",,
Tacrinedecoy21,172,"39,8",0,1,161,11,"0,220","0,688",,"0,064","3,1217","0,220",,
2iodo-4tetrahydroacridindecoy28,173,"39,8",0,1,162,11,"0,222","0,688",,"0,064","3,1036","0,222",,
Tacrinedecoy36,174,"39,7",0,1,163,11,"0,223","0,688",,"0,063","3,0858","0,223",,
Donepezildecoy49,175,"39,7",0,1,164,11,"0,224","0,688",,"0,063","3,0681","0,224",,
2iodo-4tetrahydroacridindecoy30,176,"39,6",0,1,165,11,"0,225","0,688",,"0,063","3,0507","0,225",,
2iodo-2tetrahydroacridindecoy13,177,"39,6",0,1,166,11,"0,227","0,688",,"0,062","3,0335","0,227",,
Bis-tacrinedecoy42,178,"39,6",0,1,167,11,"0,228","0,688",,"0,062","3,0164","0,228",,
Galantaminedecoy22,179,"39,6",0,1,168,11,"0,229","0,688",,"0,061","2,9996","0,229",,
Tolserine,180,"39,4",1,0,168,12,"0,230","0,750",,"0,067","3,2541","0,230",,
Tacrinedecoy45,181,"39,3",0,1,169,12,"0,232","0,750",,"0,066","3,2361","0,232",,
Galantaminedecoy6,182,"39,3",0,1,170,12,"0,233","0,750",,"0,066","3,2183","0,233",,
Heptyl-physostigminedecoy5,183,"39,2",0,1,171,12,"0,234","0,750",,"0,066","3,2008","0,234",,
Tacrinedecoy28,184,"39,1",0,1,172,12,"0,236","0,750",,"0,065","3,1834","0,236",,
2iodo-4tetrahydroacridindecoy48,185,"39,1",0,1,173,12,"0,237","0,750",,"0,065","3,1661","0,237",,
3iodo-4tetrahydroacridindecoy46,186,"39,0",0,1,174,12,"0,238","0,750",,"0,065","3,1491","0,238",,
2iodo-2tetrahydroacridindecoy14,187,"39,0",0,1,175,12,"0,239","0,750",,"0,064","3,1323","0,239",,
3iodo-4tetrahydroacridindecoy17,188,"39,0",0,1,176,12,"0,241","0,750",,"0,064","3,1156","0,241",,
Donepezildecoy45,189,"38,9",0,1,177,12,"0,242","0,750",,"0,063","3,0991","0,242",,
Donepezildecoy11,190,"38,9",0,1,178,12,"0,243","0,750",,"0,063","3,0828","0,243",,
2iodo-4tetrahydroacridindecoy36,191,"38,8",0,1,179,12,"0,245","0,750",,"0,063","3,0667","0,245",,
4iodo-4tetrahydroacridindecoy20,192,"38,8",0,1,180,12,"0,246","0,750",,"0,063","3,0507","0,246",,
Tacrinedecoy20,193,"38,8",0,1,181,12,"0,247","0,750",,"0,062","3,0349","0,247",,
4iodo-2tetrahydroacridindecoy9,194,"38,8",0,1,182,12,"0,248","0,750",,"0,062","3,0193","0,248",,
Bis-tacrinedecoy10,195,"38,7",0,1,183,12,"0,250","0,750",,"0,062","3,0038","0,250",,
Physostigminedecoy17,196,"38,5",0,1,184,12,"0,251","0,750",,"0,061","2,9885","0,251",,
3iodo-4tetrahydroacridindecoy48,197,"38,5",0,1,185,12,"0,252","0,750",,"0,061","2,9733","0,252",,
Donepezildecoy18,198,"38,4",0,1,186,12,"0,254","0,750",,"0,061","2,9583","0,254",,
Galantaminedecoy35,199,"38,4",0,1,187,12,"0,255","0,750",,"0,060","2,9434","0,255",,
Tolserinedecoy39,200,"38,4",0,1,188,12,"0,256","0,750",,"0,060","2,9287","0,256",,
4iodo-2tetrahydroacridindecoy29,201,"38,4",0,1,189,12,"0,257","0,750",,"0,060","2,9141","0,257",,
4iodo-4tetrahydroacridindecoy27,202,"38,3",0,1,190,12,"0,259","0,750",,"0,059","2,8997","0,259",,
4iodo-3tetrahydroacridindecoy3,203,"38,3",0,1,191,12,"0,260","0,750",,"0,059","2,8854","0,260",,
3iodo-2tetrahydroacridindecoy45,204,"38,2",0,1,192,12,"0,261","0,750",,"0,059","2,8713","0,261",,
Heptyl-physostigminedecoy35,205,"38,2",0,1,193,12,"0,262","0,750",,"0,059","2,8573","0,262",,
Donepezildecoy29,206,"38,2",0,1,194,12,"0,264","0,750",,"0,058","2,8434","0,264",,
Tolserinedecoy18,207,"38,2",0,1,195,12,"0,265","0,750",,"0,058","2,8296","0,265",,
4iodo-3tetrahydroacridindecoy6,208,"38,1",0,1,196,12,"0,266","0,750",,"0,058","2,8160","0,266",,
Heptyl-physostigminedecoy41,209,"38,1",0,1,197,12,"0,268","0,750",,"0,057","2,8026","0,268",,
2iodo-2tetrahydroacridin,210,"38,1",1,0,197,13,"0,269","0,813",,"0,062","3,0217","0,269",,
Tolserinedecoy17,211,"38,0",0,1,198,13,"0,270","0,813",,"0,062","3,0073","0,270",,
Donepezildecoy44,212,"38,0",0,1,199,13,"0,271","0,813",,"0,061","2,9932","0,271",,
2iodo-2tetrahydroacridindecoy12,213,"38,0",0,1,200,13,"0,273","0,813",,"0,061","2,9791","0,273",,
Tacrinedecoy29,214,"38,0",0,1,201,13,"0,274","0,813",,"0,061","2,9652","0,274",,
Physostigminedecoy49,215,"37,9",0,1,202,13,"0,275","0,813",,"0,060","2,9514","0,275",,
Donepezildecoy36,216,"37,9",0,1,203,13,"0,277","0,813",,"0,060","2,9377","0,277",,
3iodo-2tetrahydroacridindecoy15,217,"37,9",0,1,204,13,"0,278","0,813",,"0,060","2,9242","0,278",,
Tacrinedecoy7,218,"37,8",0,1,205,13,"0,279","0,813",,"0,060","2,9108","0,279",,
Donepezildecoy4,219,"37,8",0,1,206,13,"0,280","0,813",,"0,059","2,8975","0,280",,
2iodo-3tetrahydroacridindecoy42,220,"37,8",0,1,207,13,"0,282","0,813",,"0,059","2,8843","0,282",,
4iodo-2tetrahydroacridindecoy42,221,"37,8",0,1,208,13,"0,283","0,813",,"0,059","2,8713","0,283",,
2iodo-2tetrahydroacridindecoy6,222,"37,8",0,1,209,13,"0,284","0,813",,"0,059","2,8583","0,284",,
2iodo-3tetrahydroacridindecoy45,223,"37,8",0,1,210,13,"0,286","0,813",,"0,058","2,8455","0,286",,
2iodo-3tetrahydroacridindecoy41,224,"37,8",0,1,211,13,"0,287","0,813",,"0,058","2,8328","0,287",,
Galantaminedecoy8,225,"37,8",0,1,212,13,"0,288","0,813",,"0,058","2,8202","0,288",,
2iodo-4tetrahydroacridindecoy34,226,"37,8",0,1,213,13,"0,289","0,813",,"0,058","2,8077","0,289",,
Galantaminedecoy13,227,"37,7",0,1,214,13,"0,291","0,813",,"0,057","2,7954","0,291",,
Physostigminedecoy28,228,"37,7",0,1,215,13,"0,292","0,813",,"0,057","2,7831","0,292",,
Velnacrinedecoy32,229,"37,7",0,1,216,13,"0,293","0,813",,"0,057","2,7710","0,293",,
Tacrinedecoy22,230,"37,7",0,1,217,13,"0,294","0,813",,"0,057","2,7589","0,294",,
2iodo-4tetrahydroacridindecoy6,231,"37,7",0,1,218,13,"0,296","0,813",,"0,056","2,7470","0,296",,
Velnacrinedecoy23,232,"37,6",0,1,219,13,"0,297","0,813",,"0,056","2,7351","0,297",,
Donepezildecoy43,233,"37,6",0,1,220,13,"0,298","0,813",,"0,056","2,7234","0,298",,
Heptyl-physostigminedecoy45,234,"37,5",0,1,221,13,"0,300","0,813",,"0,056","2,7117","0,300",,
Velnacrinedecoy21,235,"37,5",0,1,222,13,"0,301","0,813",,"0,055","2,7002","0,301",,
Velnacrinedecoy34,236,"37,4",0,1,223,13,"0,302","0,813",,"0,055","2,6888","0,302",,
Tacrinedecoy9,237,"37,4",0,1,224,13,"0,303","0,813",,"0,055","2,6774","0,303",,
Velnacrinedecoy35,238,"37,3",0,1,225,13,"0,305","0,813",,"0,055","2,6662","0,305",,
Velnacrinedecoy33,239,"37,3",0,1,226,13,"0,306","0,813",,"0,054","2,6550","0,306",,
Donepezildecoy32,240,"37,3",0,1,227,13,"0,307","0,813",,"0,054","2,6440","0,307",,
Bis-tacrinedecoy31,241,"37,3",0,1,228,13,"0,309","0,813",,"0,054","2,6330","0,309",,
Tolserinedecoy27,242,"37,2",0,1,229,13,"0,310","0,813",,"0,054","2,6221","0,310",,
Donepezildecoy33,243,"37,2",0,1,230,13,"0,311","0,813",,"0,053","2,6113","0,311",,
3iodo-2tetrahydroacridindecoy21,244,"37,2",0,1,231,13,"0,312","0,813",,"0,053","2,6006","0,312",,
Galantaminedecoy39,245,"37,2",0,1,232,13,"0,314","0,813",,"0,053","2,5900","0,314",,
4iodo-4tetrahydroacridindecoy30,246,"37,1",0,1,233,13,"0,315","0,813",,"0,053","2,5795","0,315",,
Bis-tacrinedecoy30,247,"37,0",0,1,234,13,"0,316","0,813",,"0,053","2,5690","0,316",,
Heptyl-physostigminedecoy50,248,"37,0",0,1,235,13,"0,318","0,813",,"0,052","2,5587","0,318",,
2iodo-4tetrahydroacridindecoy4,249,"37,0",0,1,236,13,"0,319","0,813",,"0,052","2,5484","0,319",,
2iodo-3tetrahydroacridindecoy20,250,"37,0",0,1,237,13,"0,320","0,813",,"0,052","2,5382","0,320",,
2iodo-4tetrahydroacridindecoy5,251,"36,9",0,1,238,13,"0,321","0,813",,"0,052","2,5281","0,321",,
2iodo-3tetrahydroacridindecoy44,252,"36,9",0,1,239,13,"0,323","0,813",,"0,052","2,5181","0,323",,
Galantaminedecoy16,253,"36,9",0,1,240,13,"0,324","0,813",,"0,051","2,5081","0,324",,
Velnacrinedecoy25,254,"36,8",0,1,241,13,"0,325","0,813",,"0,051","2,4982","0,325",,
Galantaminedecoy3,255,"36,8",0,1,242,13,"0,327","0,813",,"0,051","2,4884","0,327",,
Tacrinedecoy17,256,"36,6",0,1,243,13,"0,328","0,813",,"0,051","2,4787","0,328",,
Tolserinedecoy24,257,"36,6",0,1,244,13,"0,329","0,813",,"0,051","2,4691","0,329",,
4iodo-4tetrahydroacridindecoy4,258,"36,6",0,1,245,13,"0,330","0,813",,"0,050","2,4595","0,330",,
2iodo-3tetrahydroacridindecoy9,259,"36,6",0,1,246,13,"0,332","0,813",,"0,050","2,4500","0,332",,
Galantaminedecoy4,260,"36,5",0,1,247,13,"0,333","0,813",,"0,050","2,4406","0,333",,
4iodo-3tetrahydroacridindecoy2,261,"36,5",0,1,248,13,"0,334","0,813",,"0,050","2,4312","0,334",,
4iodo-3tetrahydroacridindecoy25,262,"36,5",0,1,249,13,"0,335","0,813",,"0,050","2,4219","0,335",,
Tacrinedecoy42,263,"36,4",0,1,250,13,"0,337","0,813",,"0,049","2,4127","0,337",,
4iodo-3tetrahydroacridindecoy40,264,"36,4",0,1,251,13,"0,338","0,813",,"0,049","2,4036","0,338",,
4iodo-3tetrahydroacridindecoy30,265,"36,4",0,1,252,13,"0,339","0,813",,"0,049","2,3945","0,339",,
Velnacrinedecoy40,266,"36,4",0,1,253,13,"0,341","0,813",,"0,049","2,3855","0,341",,
4iodo-3tetrahydroacridindecoy28,267,"36,3",0,1,254,13,"0,342","0,813",,"0,049","2,3766","0,342",,
Donepezildecoy26,268,"36,3",0,1,255,13,"0,343","0,813",,"0,049","2,3677","0,343",,
Galantaminedecoy29,269,"36,3",0,1,256,13,"0,344","0,813",,"0,048","2,3589","0,344",,
2iodo-2tetrahydroacridindecoy25,270,"36,2",0,1,257,13,"0,346","0,813",,"0,048","2,3502","0,346",,
Velnacrinedecoy29,271,"36,2",0,1,258,13,"0,347","0,813",,"0,048","2,3415","0,347",,
Heptyl-physostigminedecoy23,272,"36,2",0,1,259,13,"0,348","0,813",,"0,048","2,3329","0,348",,
Donepezildecoy3,273,"36,2",0,1,260,13,"0,350","0,813",,"0,048","2,3244","0,350",,
Tacrinedecoy25,274,"36,1",0,1,261,13,"0,351","0,813",,"0,047","2,3159","0,351",,
Tolserinedecoy36,275,"36,1",0,1,262,13,"0,352","0,813",,"0,047","2,3074","0,352",,
Physostigminedecoy9,276,"36,1",0,1,263,13,"0,353","0,813",,"0,047","2,2991","0,353",,
Tolserinedecoy44,277,"36,1",0,1,264,13,"0,355","0,813",,"0,047","2,2908","0,355",,
Tacrinedecoy37,278,"36,0",0,1,265,13,"0,356","0,813",,"0,047","2,2825","0,356",,
Tacrinedecoy43,279,"36,0",0,1,266,13,"0,357","0,813",,"0,047","2,2744","0,357",,
3iodo-2tetrahydroacridindecoy16,280,"36,0",0,1,267,13,"0,359","0,813",,"0,046","2,2662","0,359",,
Tolserinedecoy40,281,"35,9",0,1,268,13,"0,360","0,813",,"0,046","2,2582","0,360",,
Galantaminedecoy47,282,"35,9",0,1,269,13,"0,361","0,813",,"0,046","2,2502","0,361",,
Tacrinedecoy44,283,"35,9",0,1,270,13,"0,362","0,813",,"0,046","2,2422","0,362",,
4iodo-4tetrahydroacridindecoy49,284,"35,9",0,1,271,13,"0,364","0,813",,"0,046","2,2343","0,364",,
Donepezildecoy14,285,"35,9",0,1,272,13,"0,365","0,813",,"0,046","2,2265","0,365",,
2iodo-3tetrahydroacridindecoy3,286,"35,9",0,1,273,13,"0,366","0,813",,"0,045","2,2187","0,366",,
Velnacrinedecoy17,287,"35,9",0,1,274,13,"0,367","0,813",,"0,045","2,2110","0,367",,
Bis-tacrinedecoy43,288,"35,8",0,1,275,13,"0,369","0,813",,"0,045","2,2033","0,369",,
Galantaminedecoy34,289,"35,7",0,1,276,13,"0,370","0,813",,"0,045","2,1957","0,370",,
Tacrinedecoy30,290,"35,7",0,1,277,13,"0,371","0,813",,"0,045","2,1881","0,371",,
2iodo-4tetrahydroacridindecoy7,291,"35,7",0,1,278,13,"0,373","0,813",,"0,045","2,1806","0,373",,
Tacrinedecoy3,292,"35,7",0,1,279,13,"0,374","0,813",,"0,045","2,1731","0,374",,
Tolserinedecoy37,293,"35,6",0,1,280,13,"0,375","0,813",,"0,044","2,1657","0,375",,
Velnacrinedecoy8,294,"35,6",0,1,281,13,"0,376","0,813",,"0,044","2,1583","0,376",,
Physostigminedecoy26,295,"35,6",0,1,282,13,"0,378","0,813",,"0,044","2,1510","0,378",,
Velnacrinedecoy44,296,"35,6",0,1,283,13,"0,379","0,813",,"0,044","2,1437","0,379",,
Physostigminedecoy36,297,"35,6",0,1,284,13,"0,380","0,813",,"0,044","2,1365","0,380",,
Velnacrinedecoy37,298,"35,6",0,1,285,13,"0,382","0,813",,"0,044","2,1294","0,382",,
4iodo-3tetrahydroacridindecoy50,299,"35,6",0,1,286,13,"0,383","0,813",,"0,043","2,1222","0,383",,
4iodo-3tetrahydroacridindecoy1,300,"35,5",0,1,287,13,"0,384","0,813",,"0,043","2,1152","0,384",,
3iodo-2tetrahydroacridindecoy37,301,"35,5",0,1,288,13,"0,385","0,813",,"0,043","2,1081","0,385",,
2iodo-3tetrahydroacridindecoy24,302,"35,5",0,1,289,13,"0,387","0,813",,"0,043","2,1012","0,387",,
Bis-tacrinedecoy49,303,"35,5",0,1,290,13,"0,388","0,813",,"0,043","2,0942","0,388",,
Velnacrinedecoy46,304,"35,4",0,1,291,13,"0,389","0,813",,"0,043","2,0873","0,389",,
4iodo-4tetrahydroacridindecoy9,305,"35,4",0,1,292,13,"0,391","0,813",,"0,043","2,0805","0,391",,
4iodo-2tetrahydroacridindecoy34,306,"35,4",0,1,293,13,"0,392","0,813",,"0,042","2,0737","0,392",,
Tacrinedecoy27,307,"35,4",0,1,294,13,"0,393","0,813",,"0,042","2,0669","0,393",,
2iodo-4tetrahydroacridindecoy10,308,"35,2",0,1,295,13,"0,394","0,813",,"0,042","2,0602","0,394",,
2iodo-3tetrahydroacridindecoy16,309,"35,2",0,1,296,13,"0,396","0,813",,"0,042","2,0536","0,396",,
Tolserinedecoy29,310,"35,2",0,1,297,13,"0,397","0,813",,"0,042","2,0469","0,397",,
4iodo-3tetrahydroacridindecoy10,311,"35,2",0,1,298,13,"0,398","0,813",,"0,042","2,0403","0,398",,
Velnacrinedecoy28,312,"35,1",0,1,299,13,"0,399","0,813",,"0,042","2,0338","0,399",,
Velnacrinedecoy7,313,"35,1",0,1,300,13,"0,401","0,813",,"0,042","2,0273","0,401",,
Donepezildecoy46,314,"35,1",0,1,301,13,"0,402","0,813",,"0,041","2,0209","0,402",,
Tacrinedecoy32,315,"35,0",0,1,302,13,"0,403","0,813",,"0,041","2,0144","0,403",,
Physostigminedecoy14,316,"35,0",0,1,303,13,"0,405","0,813",,"0,041","2,0081","0,405",,
2iodo-3tetrahydroacridindecoy6,317,"34,9",0,1,304,13,"0,406","0,813",,"0,041","2,0017","0,406",,
Velnacrinedecoy27,318,"34,9",0,1,305,13,"0,407","0,813",,"0,041","1,9954","0,407",,
Velnacrinedecoy12,319,"34,9",0,1,306,13,"0,408","0,813",,"0,041","1,9892","0,408",,
Tacrinedecoy10,320,"34,8",0,1,307,13,"0,410","0,813",,"0,041","1,9830","0,410",,
Heptyl-physostigminedecoy1,321,"34,8",0,1,308,13,"0,411","0,813",,"0,040","1,9768","0,411",,
4iodo-3tetrahydroacridindecoy39,322,"34,7",0,1,309,13,"0,412","0,813",,"0,040","1,9706","0,412",,
Galantaminedecoy43,323,"34,7",0,1,310,13,"0,414","0,813",,"0,040","1,9645","0,414",,
Velnacrinedecoy39,324,"34,7",0,1,311,13,"0,415","0,813",,"0,040","1,9585","0,415",,
4iodo-2tetrahydroacridindecoy7,325,"34,6",0,1,312,13,"0,416","0,813",,"0,040","1,9525","0,416",,
2iodo-3tetrahydroacridindecoy5,326,"34,6",0,1,313,13,"0,417","0,813",,"0,040","1,9465","0,417",,
Donepezildecoy47,327,"34,6",0,1,314,13,"0,419","0,813",,"0,040","1,9405","0,419",,
3iodo-2tetrahydroacridindecoy30,328,"34,5",0,1,315,13,"0,420","0,813",,"0,040","1,9346","0,420",,
4iodo-3tetrahydroacridindecoy45,329,"34,3",0,1,316,13,"0,421","0,813",,"0,040","1,9287","0,421",,
Donepezildecoy16,330,"34,2",0,1,317,13,"0,423","0,813",,"0,039","1,9229","0,423",,
2iodo-2tetrahydroacridindecoy31,331,"34,2",0,1,318,13,"0,424","0,813",,"0,039","1,9171","0,424",,
Heptyl-physostigminedecoy46,332,"34,2",0,1,319,13,"0,425","0,813",,"0,039","1,9113","0,425",,
Velnacrinedecoy20,333,"34,2",0,1,320,13,"0,426","0,813",,"0,039","1,9056","0,426",,
3iodo-4tetrahydroacridindecoy37,334,"34,1",0,1,321,13,"0,428","0,813",,"0,039","1,8998","0,428",,
Galantaminedecoy21,335,"34,1",0,1,322,13,"0,429","0,813",,"0,039","1,8942","0,429",,
Physostigminedecoy40,336,"34,1",0,1,323,13,"0,430","0,813",,"0,039","1,8885","0,430",,
Tolserinedecoy50,337,"34,0",0,1,324,13,"0,431","0,813",,"0,039","1,8829","0,431",,
Velnacrinedecoy38,338,"34,0",0,1,325,13,"0,433","0,813",,"0,038","1,8774","0,433",,
Tolserinedecoy30,339,"33,9",0,1,326,13,"0,434","0,813",,"0,038","1,8718","0,434",,
Tacrinedecoy8,340,"33,9",0,1,327,13,"0,435","0,813",,"0,038","1,8663","0,435",,
4iodo-3tetrahydroacridindecoy22,341,"33,9",0,1,328,13,"0,437","0,813",,"0,038","1,8608","0,437",,
4iodo-3tetrahydroacridindecoy9,342,"33,9",0,1,329,13,"0,438","0,813",,"0,038","1,8554","0,438",,
2iodo-2tetrahydroacridindecoy24,343,"33,9",0,1,330,13,"0,439","0,813",,"0,038","1,8500","0,439",,
Galantaminedecoy32,344,"33,8",0,1,331,13,"0,440","0,813",,"0,038","1,8446","0,440",,
Tacrinedecoy18,345,"33,8",0,1,332,13,"0,442","0,813",,"0,038","1,8393","0,442",,
3iodo-2tetrahydroacridindecoy10,346,"33,7",0,1,333,13,"0,443","0,813",,"0,038","1,8340","0,443",,
Heptyl-physostigminedecoy49,347,"33,7",0,1,334,13,"0,444","0,813",,"0,037","1,8287","0,444",,
Physostigminedecoy41,348,"33,7",0,1,335,13,"0,446","0,813",,"0,037","1,8234","0,446",,
2iodo-4tetrahydroacridindecoy21,349,"33,6",0,1,336,13,"0,447","0,813",,"0,037","1,8182","0,447",,
Tolserinedecoy25,350,"33,6",0,1,337,13,"0,448","0,813",,"0,037","1,8130","0,448",,
Galantaminedecoy33,351,"33,5",0,1,338,13,"0,449","0,813",,"0,037","1,8078","0,449",,
2iodo-2tetrahydroacridindecoy2,352,"33,5",0,1,339,13,"0,451","0,813",,"0,037","1,8027","0,451",,
Donepezildecoy38,353,"33,5",0,1,340,13,"0,452","0,813",,"0,037","1,7976","0,452",,
Tolserinedecoy49,354,"33,5",0,1,341,13,"0,453","0,813",,"0,037","1,7925","0,453",,
Heptyl-physostigminedecoy4,355,"33,5",0,1,342,13,"0,455","0,813",,"0,037","1,7875","0,455",,
2iodo-3tetrahydroacridindecoy15,356,"33,4",0,1,343,13,"0,456","0,813",,"0,037","1,7824","0,456",,
2iodo-3tetrahydroacridindecoy14,357,"33,4",0,1,344,13,"0,457","0,813",,"0,036","1,7774","0,457",,
Bis-tacrinedecoy41,358,"33,4",0,1,345,13,"0,458","0,813",,"0,036","1,7725","0,458",,
4iodo-4tetrahydroacridindecoy41,359,"33,3",0,1,346,13,"0,460","0,813",,"0,036","1,7675","0,460",,
Bis-tacrinedecoy4,360,"33,3",0,1,347,13,"0,461","0,813",,"0,036","1,7626","0,461",,
4iodo-2tetrahydroacridindecoy4,361,"33,2",0,1,348,13,"0,462","0,813",,"0,036","1,7578","0,462",,
4iodo-4tetrahydroacridindecoy44,362,"33,2",0,1,349,13,"0,464","0,813",,"0,036","1,7529","0,464",,
Heptyl-physostigminedecoy2,363,"33,1",0,1,350,13,"0,465","0,813",,"0,036","1,7481","0,465",,
Physostigminedecoy37,364,"33,0",0,1,351,13,"0,466","0,813",,"0,036","1,7433","0,466",,
4iodo-4tetrahydroacridindecoy40,365,"33,0",0,1,352,13,"0,467","0,813",,"0,036","1,7385","0,467",,
Galantaminedecoy15,366,"33,0",0,1,353,13,"0,469","0,813",,"0,036","1,7337","0,469",,
Tacrinedecoy39,367,"33,0",0,1,354,13,"0,470","0,813",,"0,035","1,7290","0,470",,
2iodo-3tetrahydroacridindecoy26,368,"33,0",0,1,355,13,"0,471","0,813",,"0,035","1,7243","0,471",,
Bis-tacrinedecoy33,369,"32,9",0,1,356,13,"0,472","0,813",,"0,035","1,7196","0,472",,
Heptyl-physostigminedecoy12,370,"32,9",0,1,357,13,"0,474","0,813",,"0,035","1,7150","0,474",,
3iodo-4tetrahydroacridindecoy44,371,"32,8",0,1,358,13,"0,475","0,813",,"0,035","1,7104","0,475",,
Physostigminedecoy32,372,"32,8",0,1,359,13,"0,476","0,813",,"0,035","1,7058","0,476",,
Bis-tacrinedecoy48,373,"32,8",0,1,360,13,"0,478","0,813",,"0,035","1,7012","0,478",,
2iodo-4tetrahydroacridindecoy42,374,"32,8",0,1,361,13,"0,479","0,813",,"0,035","1,6967","0,479",,
4iodo-3tetrahydroacridindecoy21,375,"32,7",0,1,362,13,"0,480","0,813",,"0,035","1,6921","0,480",,
2iodo-2tetrahydroacridindecoy23,376,"32,6",0,1,363,13,"0,481","0,813",,"0,035","1,6876","0,481",,
4iodo-3tetrahydroacridindecoy11,377,"32,6",0,1,364,13,"0,483","0,813",,"0,034","1,6832","0,483",,
3iodo-4tetrahydroacridindecoy38,378,"32,6",0,1,365,13,"0,484","0,813",,"0,034","1,6787","0,484",,
Donepezildecoy6,379,"32,6",0,1,366,13,"0,485","0,813",,"0,034","1,6743","0,485",,
2iodo-2tetrahydroacridindecoy18,380,"32,6",0,1,367,13,"0,487","0,813",,"0,034","1,6699","0,487",,
Tolserinedecoy19,381,"32,5",0,1,368,13,"0,488","0,813",,"0,034","1,6655","0,488",,
3iodo-4tetrahydroacridindecoy43,382,"32,5",0,1,369,13,"0,489","0,813",,"0,034","1,6611","0,489",,
4iodo-2tetrahydroacridindecoy22,383,"32,5",0,1,370,13,"0,490","0,813",,"0,034","1,6568","0,490",,
2iodo-3tetrahydroacridindecoy11,384,"32,5",0,1,371,13,"0,492","0,813",,"0,034","1,6525","0,492",,
Velnacrinedecoy10,385,"32,4",0,1,372,13,"0,493","0,813",,"0,034","1,6482","0,493",,
2iodo-3tetrahydroacridindecoy8,386,"32,3",0,1,373,13,"0,494","0,813",,"0,034","1,6439","0,494",,
Bis-tacrinedecoy19,387,"32,3",0,1,374,13,"0,496","0,813",,"0,034","1,6397","0,496",,
Donepezildecoy48,388,"32,2",0,1,375,13,"0,497","0,813",,"0,034","1,6354","0,497",,
2iodo-4tetrahydroacridindecoy38,389,"32,2",0,1,376,13,"0,498","0,813",,"0,033","1,6312","0,498",,
Physostigminedecoy21,390,"32,2",0,1,377,13,"0,499","0,813",,"0,033","1,6270","0,499",,
2iodo-4tetrahydroacridindecoy1,391,"32,2",0,1,378,13,"0,501","0,813",,"0,033","1,6229","0,501",,
3iodo-4tetrahydroacridindecoy47,392,"32,1",0,1,379,13,"0,502","0,813",,"0,033","1,6187","0,502",,
Tolserinedecoy33,393,"32,0",0,1,380,13,"0,503","0,813",,"0,033","1,6146","0,503",,
Physostigmine,394,"32,0",1,0,380,14,"0,504","0,875",,"0,036","1,7344","0,504",,
Tolserinedecoy34,395,"32,0",0,1,381,14,"0,506","0,875",,"0,035","1,7300","0,506",,
3iodo-2tetrahydroacridindecoy20,396,"32,0",0,1,382,14,"0,507","0,875",,"0,035","1,7257","0,507",,
Donepezildecoy25,397,"31,9",0,1,383,14,"0,508","0,875",,"0,035","1,7213","0,508",,
Galantaminedecoy11,398,"31,9",0,1,384,14,"0,510","0,875",,"0,035","1,7170","0,510",,
3iodo-2tetrahydroacridindecoy34,399,"31,9",0,1,385,14,"0,511","0,875",,"0,035","1,7127","0,511",,
Physostigminedecoy45,400,"31,8",0,1,386,14,"0,512","0,875",,"0,035","1,7084","0,512",,
4iodo-4tetrahydroacridindecoy22,401,"31,8",0,1,387,14,"0,513","0,875",,"0,035","1,7041","0,513",,
Physostigminedecoy10,402,"31,8",0,1,388,14,"0,515","0,875",,"0,035","1,6999","0,515",,
2iodo-4tetrahydroacridindecoy27,403,"31,7",0,1,389,14,"0,516","0,875",,"0,035","1,6957","0,516",,
2iodo-2tetrahydroacridindecoy15,404,"31,6",0,1,390,14,"0,517","0,875",,"0,035","1,6915","0,517",,
4iodo-3tetrahydroacridindecoy42,405,"31,6",0,1,391,14,"0,519","0,875",,"0,035","1,6873","0,519",,
4iodo-2tetrahydroacridindecoy5,406,"31,6",0,1,392,14,"0,520","0,875",,"0,034","1,6832","0,520",,
Tolserinedecoy20,407,"31,5",0,1,393,14,"0,521","0,875",,"0,034","1,6790","0,521",,
4iodo-2tetrahydroacridindecoy23,408,"31,5",0,1,394,14,"0,522","0,875",,"0,034","1,6749","0,522",,
4iodo-3tetrahydroacridindecoy19,409,"31,5",0,1,395,14,"0,524","0,875",,"0,034","1,6708","0,524",,
4iodo-2tetrahydroacridindecoy20,410,"31,4",0,1,396,14,"0,525","0,875",,"0,034","1,6667","0,525",,
Tolserinedecoy12,411,"31,4",0,1,397,14,"0,526","0,875",,"0,034","1,6627","0,526",,
2iodo-2tetrahydroacridindecoy38,412,"31,3",0,1,398,14,"0,528","0,875",,"0,034","1,6586","0,528",,
Donepezildecoy39,413,"31,3",0,1,399,14,"0,529","0,875",,"0,034","1,6546","0,529",,
2iodo-3tetrahydroacridindecoy22,414,"31,3",0,1,400,14,"0,530","0,875",,"0,034","1,6506","0,530",,
4iodo-3tetrahydroacridindecoy26,415,"31,2",0,1,401,14,"0,531","0,875",,"0,034","1,6467","0,531",,
Tolserinedecoy22,416,"31,2",0,1,402,14,"0,533","0,875",,"0,034","1,6427","0,533",,
2iodo-3tetrahydroacridindecoy27,417,"31,2",0,1,403,14,"0,534","0,875",,"0,034","1,6388","0,534",,
Physostigminedecoy33,418,"31,2",0,1,404,14,"0,535","0,875",,"0,033","1,6348","0,535",,
3iodo-2tetrahydroacridindecoy9,419,"31,2",0,1,405,14,"0,536","0,875",,"0,033","1,6309","0,536",,
3iodo-2tetrahydroacridindecoy27,420,"31,1",0,1,406,14,"0,538","0,875",,"0,033","1,6270","0,538",,
2iodo-4tetrahydroacridindecoy33,421,"31,1",0,1,407,14,"0,539","0,875",,"0,033","1,6232","0,539",,
Galantaminedecoy7,422,"31,0",0,1,408,14,"0,540","0,875",,"0,033","1,6193","0,540",,
3iodo-2tetrahydroacridindecoy12,423,"31,0",0,1,409,14,"0,542","0,875",,"0,033","1,6155","0,542",,
Tolserinedecoy11,424,"30,9",0,1,410,14,"0,543","0,875",,"0,033","1,6117","0,543",,
Donepezildecoy2,425,"30,9",0,1,411,14,"0,544","0,875",,"0,033","1,6079","0,544",,
Galantaminedecoy42,426,"30,9",0,1,412,14,"0,545","0,875",,"0,033","1,6041","0,545",,
4iodo-3tetrahydroacridindecoy16,427,"30,8",0,1,413,14,"0,547","0,875",,"0,033","1,6004","0,547",,
3iodo-4tetrahydroacridindecoy42,428,"30,7",0,1,414,14,"0,548","0,875",,"0,033","1,5966","0,548",,
4iodo-2tetrahydroacridindecoy12,429,"30,7",0,1,415,14,"0,549","0,875",,"0,033","1,5929","0,549",,
Velnacrinedecoy49,430,"30,7",0,1,416,14,"0,551","0,875",,"0,033","1,5892","0,551",,
4iodo-4tetrahydroacridindecoy42,431,"30,7",0,1,417,14,"0,552","0,875",,"0,032","1,5855","0,552",,
2iodo-3tetrahydroacridindecoy19,432,"30,7",0,1,418,14,"0,553","0,875",,"0,032","1,5819","0,553",,
Tolserinedecoy14,433,"30,6",0,1,419,14,"0,554","0,875",,"0,032","1,5782","0,554",,
3iodo-2tetrahydroacridindecoy22,434,"30,6",0,1,420,14,"0,556","0,875",,"0,032","1,5746","0,556",,
3iodo-2tetrahydroacridindecoy42,435,"30,6",0,1,421,14,"0,557","0,875",,"0,032","1,5709","0,557",,
2iodo-3tetrahydroacridindecoy25,436,"30,5",0,1,422,14,"0,558","0,875",,"0,032","1,5673","0,558",,
4iodo-2tetrahydroacridindecoy3,437,"30,5",0,1,423,14,"0,560","0,875",,"0,032","1,5638","0,560",,
2iodo-2tetrahydroacridindecoy7,438,"30,5",0,1,424,14,"0,561","0,875",,"0,032","1,5602","0,561",,
4iodo-3tetrahydroacridindecoy7,439,"30,5",0,1,425,14,"0,562","0,875",,"0,032","1,5566","0,562",,
Galantaminedecoy9,440,"30,4",0,1,426,14,"0,563","0,875",,"0,032","1,5531","0,563",,
Tacrine,441,"30,3",1,0,426,15,"0,565","0,938",,"0,034","1,6603","0,565",,
Physostigminedecoy16,442,"30,3",0,1,427,15,"0,566","0,938",,"0,034","1,6565","0,566",,
4iodo-3tetrahydroacridindecoy44,443,"30,3",0,1,428,15,"0,567","0,938",,"0,034","1,6528","0,567",,
Velnacrinedecoy31,444,"30,3",0,1,429,15,"0,569","0,938",,"0,034","1,6490","0,569",,
Galantaminedecoy12,445,"30,2",0,1,430,15,"0,570","0,938",,"0,034","1,6453","0,570",,
Donepezildecoy24,446,"30,2",0,1,431,15,"0,571","0,938",,"0,034","1,6416","0,571",,
Tacrinedecoy26,447,"30,2",0,1,432,15,"0,572","0,938",,"0,034","1,6380","0,572",,
Tolserinedecoy38,448,"30,2",0,1,433,15,"0,574","0,938",,"0,033","1,6343","0,574",,
Galantaminedecoy2,449,"30,1",0,1,434,15,"0,575","0,938",,"0,033","1,6307","0,575",,
Donepezildecoy31,450,"30,1",0,1,435,15,"0,576","0,938",,"0,033","1,6270","0,576",,
Velnacrine,451,"30,0",1,0,435,16,"0,577","1,000",,"0,035","1,7317","0,577",,
2iodo-2tetrahydroacridindecoy9,452,"30,0",0,1,436,16,"0,579","1,000",,"0,035","1,7278","0,579",,
3iodo-2tetrahydroacridindecoy28,453,"30,0",0,1,437,16,"0,580","1,000",,"0,035","1,7240","0,580",,
4iodo-4tetrahydroacridindecoy6,454,"30,0",0,1,438,16,"0,581","1,000",,"0,035","1,7202","0,581",,
4iodo-4tetrahydroacridindecoy35,455,"30,0",0,1,439,16,"0,583","1,000",,"0,035","1,7164","0,583",,
Velnacrinedecoy15,456,"29,9",0,1,440,16,"0,584","1,000",,"0,035","1,7127","0,584",,
2iodo-3tetrahydroacridindecoy17,457,"29,9",0,1,441,16,"0,585","1,000",,"0,035","1,7089","0,585",,
2iodo-2tetrahydroacridindecoy29,458,"29,9",0,1,442,16,"0,586","1,000",,"0,035","1,7052","0,586",,
4iodo-3tetrahydroacridindecoy12,459,"29,9",0,1,443,16,"0,588","1,000",,"0,035","1,7015","0,588",,
2iodo-3tetrahydroacridindecoy21,460,"29,8",0,1,444,16,"0,589","1,000",,"0,035","1,6978","0,589",,
2iodo-3tetrahydroacridindecoy32,461,"29,8",0,1,445,16,"0,590","1,000",,"0,035","1,6941","0,590",,
4iodo-4tetrahydroacridindecoy2,462,"29,8",0,1,446,16,"0,592","1,000",,"0,035","1,6904","0,592",,
Heptyl-physostigminedecoy48,463,"29,8",0,1,447,16,"0,593","1,000",,"0,035","1,6868","0,593",,
Heptyl-physostigminedecoy47,464,"29,8",0,1,448,16,"0,594","1,000",,"0,034","1,6832","0,594",,
4iodo-3tetrahydroacridindecoy20,465,"29,8",0,1,449,16,"0,595","1,000",,"0,034","1,6795","0,595",,
Galantaminedecoy10,466,"29,7",0,1,450,16,"0,597","1,000",,"0,034","1,6759","0,597",,
4iodo-4tetrahydroacridindecoy43,467,"29,7",0,1,451,16,"0,598","1,000",,"0,034","1,6723","0,598",,
2iodo-4tetrahydroacridindecoy46,468,"29,7",0,1,452,16,"0,599","1,000",,"0,034","1,6688","0,599",,
4iodo-2tetrahydroacridindecoy10,469,"29,7",0,1,453,16,"0,601","1,000",,"0,034","1,6652","0,601",,
2iodo-4tetrahydroacridindecoy8,470,"29,7",0,1,454,16,"0,602","1,000",,"0,034","1,6617","0,602",,
4iodo-3tetrahydroacridindecoy23,471,"29,7",0,1,455,16,"0,603","1,000",,"0,034","1,6581","0,603",,
Physostigminedecoy34,472,"29,6",0,1,456,16,"0,604","1,000",,"0,034","1,6546","0,604",,
Physostigminedecoy23,473,"29,5",0,1,457,16,"0,606","1,000",,"0,034","1,6511","0,606",,
2iodo-2tetrahydroacridindecoy10,474,"29,4",0,1,458,16,"0,607","1,000",,"0,034","1,6476","0,607",,
Heptyl-physostigminedecoy20,475,"29,4",0,1,459,16,"0,608","1,000",,"0,034","1,6442","0,608",,
Galantaminedecoy46,476,"29,4",0,1,460,16,"0,609","1,000",,"0,034","1,6407","0,609",,
4iodo-2tetrahydroacridindecoy26,477,"29,4",0,1,461,16,"0,611","1,000",,"0,034","1,6373","0,611",,
3iodo-2tetrahydroacridindecoy48,478,"29,3",0,1,462,16,"0,612","1,000",,"0,033","1,6339","0,612",,
2iodo-3tetrahydroacridindecoy43,479,"29,3",0,1,463,16,"0,613","1,000",,"0,033","1,6304","0,613",,
2iodo-4tetrahydroacridindecoy3,480,"29,3",0,1,464,16,"0,615","1,000",,"0,033","1,6270","0,615",,
4iodo-4tetrahydroacridindecoy33,481,"29,2",0,1,465,16,"0,616","1,000",,"0,033","1,6237","0,616",,
Tolserinedecoy43,482,"29,1",0,1,466,16,"0,617","1,000",,"0,033","1,6203","0,617",,
Tacrinedecoy24,483,"29,1",0,1,467,16,"0,618","1,000",,"0,033","1,6169","0,618",,
3iodo-4tetrahydroacridindecoy31,484,"29,0",0,1,468,16,"0,620","1,000",,"0,033","1,6136","0,620",,
Tolserinedecoy23,485,"29,0",0,1,469,16,"0,621","1,000",,"0,033","1,6103","0,621",,
2iodo-3tetrahydroacridindecoy28,486,"29,0",0,1,470,16,"0,622","1,000",,"0,033","1,6070","0,622",,
2iodo-3tetrahydroacridindecoy29,487,"28,9",0,1,471,16,"0,624","1,000",,"0,033","1,6037","0,624",,
Physostigminedecoy50,488,"28,9",0,1,472,16,"0,625","1,000",,"0,033","1,6004","0,625",,
Heptyl-physostigminedecoy6,489,"28,9",0,1,473,16,"0,626","1,000",,"0,033","1,5971","0,626",,
2iodo-3tetrahydroacridindecoy48,490,"28,9",0,1,474,16,"0,627","1,000",,"0,033","1,5938","0,627",,
Tolserinedecoy26,491,"28,9",0,1,475,16,"0,629","1,000",,"0,033","1,5906","0,629",,
Tolserinedecoy32,492,"28,8",0,1,476,16,"0,630","1,000",,"0,033","1,5874","0,630",,
3iodo-2tetrahydroacridindecoy29,493,"28,6",0,1,477,16,"0,631","1,000",,"0,032","1,5841","0,631",,
Physostigminedecoy18,494,"28,5",0,1,478,16,"0,633","1,000",,"0,032","1,5809","0,633",,
4iodo-2tetrahydroacridindecoy21,495,"28,5",0,1,479,16,"0,634","1,000",,"0,032","1,5777","0,634",,
3iodo-2tetrahydroacridindecoy39,496,"28,4",0,1,480,16,"0,635","1,000",,"0,032","1,5746","0,635",,
Galantaminedecoy17,497,"28,4",0,1,481,16,"0,636","1,000",,"0,032","1,5714","0,636",,
4iodo-3tetrahydroacridindecoy4,498,"28,4",0,1,482,16,"0,638","1,000",,"0,032","1,5682","0,638",,
2iodo-2tetrahydroacridindecoy30,499,"28,3",0,1,483,16,"0,639","1,000",,"0,032","1,5651","0,639",,
3iodo-2tetrahydroacridindecoy40,500,"28,3",0,1,484,16,"0,640","1,000",,"0,032","1,5620","0,640",,
Galantaminedecoy49,501,"28,3",0,1,485,16,"0,641","1,000",,"0,032","1,5588","0,641",,
Galantaminedecoy24,502,"28,3",0,1,486,16,"0,643","1,000",,"0,032","1,5557","0,643",,
2iodo-2tetrahydroacridindecoy47,503,"28,2",0,1,487,16,"0,644","1,000",,"0,032","1,5527","0,644",,
3iodo-4tetrahydroacridindecoy49,504,"28,2",0,1,488,16,"0,645","1,000",,"0,032","1,5496","0,645",,
4iodo-4tetrahydroacridindecoy47,505,"28,2",0,1,489,16,"0,647","1,000",,"0,032","1,5465","0,647",,
4iodo-4tetrahydroacridindecoy21,506,"28,2",0,1,490,16,"0,648","1,000",,"0,032","1,5434","0,648",,
Tacrinedecoy13,507,"28,2",0,1,491,16,"0,649","1,000",,"0,032","1,5404","0,649",,
Donepezildecoy34,508,"28,2",0,1,492,16,"0,650","1,000",,"0,031","1,5374","0,650",,
Heptyl-physostigminedecoy29,509,"28,2",0,1,493,16,"0,652","1,000",,"0,031","1,5343","0,652",,
Tacrinedecoy19,510,"28,1",0,1,494,16,"0,653","1,000",,"0,031","1,5313","0,653",,
2iodo-4tetrahydroacridindecoy35,511,"28,1",0,1,495,16,"0,654","1,000",,"0,031","1,5283","0,654",,
2iodo-4tetrahydroacridindecoy32,512,"28,1",0,1,496,16,"0,656","1,000",,"0,031","1,5254","0,656",,
Physostigminedecoy29,513,"28,1",0,1,497,16,"0,657","1,000",,"0,031","1,5224","0,657",,
4iodo-3tetrahydroacridindecoy8,514,"28,0",0,1,498,16,"0,658","1,000",,"0,031","1,5194","0,658",,
3iodo-4tetrahydroacridindecoy11,515,"28,0",0,1,499,16,"0,659","1,000",,"0,031","1,5165","0,659",,
3iodo-4tetrahydroacridindecoy22,516,"28,0",0,1,500,16,"0,661","1,000",,"0,031","1,5135","0,661",,
4iodo-3tetrahydroacridindecoy41,517,"27,8",0,1,501,16,"0,662","1,000",,"0,031","1,5106","0,662",,
2iodo-3tetrahydroacridindecoy2,518,"27,8",0,1,502,16,"0,663","1,000",,"0,031","1,5077","0,663",,
3iodo-2tetrahydroacridindecoy6,519,"27,6",0,1,503,16,"0,665","1,000",,"0,031","1,5048","0,665",,
Heptyl-physostigminedecoy14,520,"27,6",0,1,504,16,"0,666","1,000",,"0,031","1,5019","0,666",,
Galantaminedecoy41,521,"27,5",0,1,505,16,"0,667","1,000",,"0,031","1,4990","0,667",,
4iodo-3tetrahydroacridindecoy35,522,"27,5",0,1,506,16,"0,668","1,000",,"0,031","1,4961","0,668",,
4iodo-4tetrahydroacridindecoy11,523,"27,5",0,1,507,16,"0,670","1,000",,"0,031","1,4933","0,670",,
Physostigminedecoy48,524,"27,3",0,1,508,16,"0,671","1,000",,"0,031","1,4904","0,671",,
4iodo-2tetrahydroacridindecoy47,525,"27,3",0,1,509,16,"0,672","1,000",,"0,030","1,4876","0,672",,
4iodo-4tetrahydroacridindecoy13,526,"27,3",0,1,510,16,"0,673","1,000",,"0,030","1,4848","0,673",,
4iodo-4tetrahydroacridindecoy24,527,"27,3",0,1,511,16,"0,675","1,000",,"0,030","1,4819","0,675",,
2iodo-4tetrahydroacridindecoy9,528,"27,3",0,1,512,16,"0,676","1,000",,"0,030","1,4791","0,676",,
3iodo-4tetrahydroacridindecoy19,529,"27,3",0,1,513,16,"0,677","1,000",,"0,030","1,4763","0,677",,
Bis-tacrinedecoy15,530,"27,3",0,1,514,16,"0,679","1,000",,"0,030","1,4736","0,679",,
Physostigminedecoy4,531,"27,2",0,1,515,16,"0,680","1,000",,"0,030","1,4708","0,680",,
3iodo-4tetrahydroacridindecoy5,532,"27,2",0,1,516,16,"0,681","1,000",,"0,030","1,4680","0,681",,
Tacrinedecoy40,533,"27,2",0,1,517,16,"0,682","1,000",,"0,030","1,4653","0,682",,
Physostigminedecoy24,534,"27,0",0,1,518,16,"0,684","1,000",,"0,030","1,4625","0,684",,
3iodo-2tetrahydroacridindecoy19,535,"27,0",0,1,519,16,"0,685","1,000",,"0,030","1,4598","0,685",,
Tolserinedecoy21,536,"26,9",0,1,520,16,"0,686","1,000",,"0,030","1,4571","0,686",,
2iodo-4tetrahydroacridindecoy49,537,"26,8",0,1,521,16,"0,688","1,000",,"0,030","1,4543","0,688",,
Physostigminedecoy8,538,"26,8",0,1,522,16,"0,689","1,000",,"0,030","1,4516","0,689",,
4iodo-4tetrahydroacridindecoy34,539,"26,8",0,1,523,16,"0,690","1,000",,"0,030","1,4489","0,690",,
3iodo-4tetrahydroacridindecoy16,540,"26,8",0,1,524,16,"0,691","1,000",,"0,030","1,4463","0,691",,
2iodo-4tetrahydroacridindecoy17,541,"26,7",0,1,525,16,"0,693","1,000",,"0,030","1,4436","0,693",,
Tacrinedecoy50,542,"26,7",0,1,526,16,"0,694","1,000",,"0,030","1,4409","0,694",,
Heptyl-physostigminedecoy42,543,"26,7",0,1,527,16,"0,695","1,000",,"0,029","1,4383","0,695",,
Tacrinedecoy31,544,"26,6",0,1,528,16,"0,697","1,000",,"0,029","1,4356","0,697",,
4iodo-2tetrahydroacridindecoy19,545,"26,5",0,1,529,16,"0,698","1,000",,"0,029","1,4330","0,698",,
Velnacrinedecoy18,546,"26,5",0,1,530,16,"0,699","1,000",,"0,029","1,4304","0,699",,
Donepezildecoy9,547,"26,5",0,1,531,16,"0,700","1,000",,"0,029","1,4278","0,700",,
4iodo-2tetrahydroacridindecoy46,548,"26,4",0,1,532,16,"0,702","1,000",,"0,029","1,4252","0,702",,
4iodo-2tetrahydroacridindecoy41,549,"26,4",0,1,533,16,"0,703","1,000",,"0,029","1,4226","0,703",,
4iodo-2tetrahydroacridindecoy45,550,"26,4",0,1,534,16,"0,704","1,000",,"0,029","1,4200","0,704",,
4iodo-2tetrahydroacridindecoy11,551,"26,3",0,1,535,16,"0,706","1,000",,"0,029","1,4174","0,706",,
4iodo-2tetrahydroacridindecoy17,552,"26,3",0,1,536,16,"0,707","1,000",,"0,029","1,4148","0,707",,
3iodo-2tetrahydroacridindecoy43,553,"26,3",0,1,537,16,"0,708","1,000",,"0,029","1,4123","0,708",,
Velnacrinedecoy26,554,"26,1",0,1,538,16,"0,709","1,000",,"0,029","1,4097","0,709",,
3iodo-2tetrahydroacridindecoy4,555,"26,1",0,1,539,16,"0,711","1,000",,"0,029","1,4072","0,711",,
Physostigminedecoy39,556,"26,0",0,1,540,16,"0,712","1,000",,"0,029","1,4046","0,712",,
Heptyl-physostigminedecoy44,557,"26,0",0,1,541,16,"0,713","1,000",,"0,029","1,4021","0,713",,
Heptyl-physostigminedecoy25,558,"25,9",0,1,542,16,"0,714","1,000",,"0,029","1,3996","0,714",,
3iodo-2tetrahydroacridindecoy14,559,"25,9",0,1,543,16,"0,716","1,000",,"0,029","1,3971","0,716",,
Heptyl-physostigminedecoy22,560,"25,9",0,1,544,16,"0,717","1,000",,"0,029","1,3946","0,717",,
Donepezildecoy23,561,"25,8",0,1,545,16,"0,718","1,000",,"0,029","1,3921","0,718",,
Donepezildecoy40,562,"25,8",0,1,546,16,"0,720","1,000",,"0,028","1,3896","0,720",,
Tolserinedecoy15,563,"25,8",0,1,547,16,"0,721","1,000",,"0,028","1,3872","0,721",,
3iodo-4tetrahydroacridindecoy32,564,"25,8",0,1,548,16,"0,722","1,000",,"0,028","1,3847","0,722",,
4iodo-3tetrahydroacridindecoy43,565,"25,7",0,1,549,16,"0,723","1,000",,"0,028","1,3823","0,723",,
2iodo-2tetrahydroacridindecoy43,566,"25,7",0,1,550,16,"0,725","1,000",,"0,028","1,3798","0,725",,
4iodo-2tetrahydroacridindecoy50,567,"25,7",0,1,551,16,"0,726","1,000",,"0,028","1,3774","0,726",,
Physostigminedecoy35,568,"25,6",0,1,552,16,"0,727","1,000",,"0,028","1,3750","0,727",,
2iodo-4tetrahydroacridindecoy50,569,"25,6",0,1,553,16,"0,729","1,000",,"0,028","1,3726","0,729",,
Physostigminedecoy20,570,"25,5",0,1,554,16,"0,730","1,000",,"0,028","1,3701","0,730",,
4iodo-3tetrahydroacridindecoy48,571,"25,5",0,1,555,16,"0,731","1,000",,"0,028","1,3677","0,731",,
Physostigminedecoy22,572,"25,4",0,1,556,16,"0,732","1,000",,"0,028","1,3654","0,732",,
3iodo-4tetrahydroacridindecoy10,573,"25,2",0,1,557,16,"0,734","1,000",,"0,028","1,3630","0,734",,
3iodo-2tetrahydroacridindecoy24,574,"25,1",0,1,558,16,"0,735","1,000",,"0,028","1,3606","0,735",,
Galantaminedecoy30,575,"25,1",0,1,559,16,"0,736","1,000",,"0,028","1,3582","0,736",,
Donepezildecoy50,576,"25,1",0,1,560,16,"0,738","1,000",,"0,028","1,3559","0,738",,
Tolserinedecoy13,577,"25,1",0,1,561,16,"0,739","1,000",,"0,028","1,3535","0,739",,
4iodo-3tetrahydroacridindecoy15,578,"25,0",0,1,562,16,"0,740","1,000",,"0,028","1,3512","0,740",,
2iodo-3tetrahydroacridindecoy4,579,"24,9",0,1,563,16,"0,741","1,000",,"0,028","1,3488","0,741",,
3iodo-2tetrahydroacridindecoy2,580,"24,9",0,1,564,16,"0,743","1,000",,"0,028","1,3465","0,743",,
2iodo-3tetrahydroacridindecoy38,581,"24,8",0,1,565,16,"0,744","1,000",,"0,028","1,3442","0,744",,
Tacrinedecoy5,582,"24,8",0,1,566,16,"0,745","1,000",,"0,027","1,3419","0,745",,
4iodo-3tetrahydroacridindecoy37,583,"24,8",0,1,567,16,"0,746","1,000",,"0,027","1,3396","0,746",,
4iodo-3tetrahydroacridindecoy46,584,"24,8",0,1,568,16,"0,748","1,000",,"0,027","1,3373","0,748",,
2iodo-2tetrahydroacridindecoy11,585,"24,7",0,1,569,16,"0,749","1,000",,"0,027","1,3350","0,749",,
Heptyl-physostigminedecoy26,586,"24,7",0,1,570,16,"0,750","1,000",,"0,027","1,3327","0,750",,
Velnacrinedecoy5,587,"24,6",0,1,571,16,"0,752","1,000",,"0,027","1,3305","0,752",,
2iodo-3tetrahydroacridindecoy46,588,"24,5",0,1,572,16,"0,753","1,000",,"0,027","1,3282","0,753",,
4iodo-2tetrahydroacridindecoy37,589,"24,4",0,1,573,16,"0,754","1,000",,"0,027","1,3259","0,754",,
Tolserinedecoy10,590,"24,4",0,1,574,16,"0,755","1,000",,"0,027","1,3237","0,755",,
Donepezildecoy1,591,"24,4",0,1,575,16,"0,757","1,000",,"0,027","1,3215","0,757",,
3iodo-2tetrahydroacridindecoy33,592,"24,3",0,1,576,16,"0,758","1,000",,"0,027","1,3192","0,758",,
4iodo-2tetrahydroacridindecoy35,593,"24,0",0,1,577,16,"0,759","1,000",,"0,027","1,3170","0,759",,
3iodo-2tetrahydroacridindecoy5,594,"23,8",0,1,578,16,"0,761","1,000",,"0,027","1,3148","0,761",,
2iodo-2tetrahydroacridindecoy46,595,"23,8",0,1,579,16,"0,762","1,000",,"0,027","1,3126","0,762",,
4iodo-2tetrahydroacridindecoy33,596,"23,7",0,1,580,16,"0,763","1,000",,"0,027","1,3104","0,763",,
3iodo-4tetrahydroacridindecoy34,597,"23,7",0,1,581,16,"0,764","1,000",,"0,027","1,3082","0,764",,
Physostigminedecoy12,598,"23,7",0,1,582,16,"0,766","1,000",,"0,027","1,3060","0,766",,
Donepezildecoy5,599,"23,5",0,1,583,16,"0,767","1,000",,"0,027","1,3038","0,767",,
3iodo-2tetrahydroacridindecoy44,600,"23,5",0,1,584,16,"0,768","1,000",,"0,027","1,3016","0,768",,
Bis-tacrinedecoy29,601,"23,4",0,1,585,16,"0,770","1,000",,"0,027","1,2995","0,770",,
2iodo-2tetrahydroacridindecoy37,602,"23,4",0,1,586,16,"0,771","1,000",,"0,027","1,2973","0,771",,
Velnacrinedecoy43,603,"23,3",0,1,587,16,"0,772","1,000",,"0,027","1,2952","0,772",,
Tacrinedecoy34,604,"23,3",0,1,588,16,"0,773","1,000",,"0,026","1,2930","0,773",,
4iodo-4tetrahydroacridindecoy31,605,"23,2",0,1,589,16,"0,775","1,000",,"0,026","1,2909","0,775",,
2iodo-4tetrahydroacridindecoy25,606,"23,1",0,1,590,16,"0,776","1,000",,"0,026","1,2888","0,776",,
Tacrinedecoy6,607,"23,1",0,1,591,16,"0,777","1,000",,"0,026","1,2866","0,777",,
Physostigminedecoy3,608,"23,0",0,1,592,16,"0,778","1,000",,"0,026","1,2845","0,778",,
Galantaminedecoy27,609,"22,9",0,1,593,16,"0,780","1,000",,"0,026","1,2824","0,780",,
Physostigminedecoy2,610,"22,9",0,1,594,16,"0,781","1,000",,"0,026","1,2803","0,781",,
Physostigminedecoy43,611,"22,9",0,1,595,16,"0,782","1,000",,"0,026","1,2782","0,782",,
Donepezildecoy20,612,"22,9",0,1,596,16,"0,784","1,000",,"0,026","1,2761","0,784",,
Physostigminedecoy42,613,"22,9",0,1,597,16,"0,785","1,000",,"0,026","1,2740","0,785",,
Velnacrinedecoy36,614,"22,8",0,1,598,16,"0,786","1,000",,"0,026","1,2720","0,786",,
4iodo-4tetrahydroacridindecoy48,615,"22,8",0,1,599,16,"0,787","1,000",,"0,026","1,2699","0,787",,
2iodo-4tetrahydroacridindecoy12,616,"22,8",0,1,600,16,"0,789","1,000",,"0,026","1,2678","0,789",,
3iodo-4tetrahydroacridindecoy29,617,"22,8",0,1,601,16,"0,790","1,000",,"0,026","1,2658","0,790",,
2iodo-2tetrahydroacridindecoy40,618,"22,7",0,1,602,16,"0,791","1,000",,"0,026","1,2637","0,791",,
2iodo-2tetrahydroacridindecoy36,619,"22,6",0,1,603,16,"0,793","1,000",,"0,026","1,2617","0,793",,
Velnacrinedecoy13,620,"22,6",0,1,604,16,"0,794","1,000",,"0,026","1,2597","0,794",,
Tacrinedecoy23,621,"22,6",0,1,605,16,"0,795","1,000",,"0,026","1,2576","0,795",,
3iodo-4tetrahydroacridindecoy20,622,"22,5",0,1,606,16,"0,796","1,000",,"0,026","1,2556","0,796",,
2iodo-2tetrahydroacridindecoy49,623,"22,4",0,1,607,16,"0,798","1,000",,"0,026","1,2536","0,798",,
Galantaminedecoy25,624,"22,4",0,1,608,16,"0,799","1,000",,"0,026","1,2516","0,799",,
Physostigminedecoy11,625,"22,4",0,1,609,16,"0,800","1,000",,"0,026","1,2496","0,800",,
3iodo-2tetrahydroacridindecoy38,626,"22,4",0,1,610,16,"0,802","1,000",,"0,026","1,2476","0,802",,
Velnacrinedecoy11,627,"22,3",0,1,611,16,"0,803","1,000",,"0,026","1,2456","0,803",,
Tolserinedecoy6,628,"22,3",0,1,612,16,"0,804","1,000",,"0,025","1,2436","0,804",,
Physostigminedecoy19,629,"22,2",0,1,613,16,"0,805","1,000",,"0,025","1,2416","0,805",,
3iodo-4tetrahydroacridindecoy45,630,"22,2",0,1,614,16,"0,807","1,000",,"0,025","1,2397","0,807",,
2iodo-4tetrahydroacridindecoy2,631,"22,2",0,1,615,16,"0,808","1,000",,"0,025","1,2377","0,808",,
Tolserinedecoy46,632,"22,0",0,1,616,16,"0,809","1,000",,"0,025","1,2357","0,809",,
4iodo-2tetrahydroacridindecoy27,633,"21,9",0,1,617,16,"0,810","1,000",,"0,025","1,2338","0,810",,
3iodo-4tetrahydroacridindecoy50,634,"21,9",0,1,618,16,"0,812","1,000",,"0,025","1,2318","0,812",,
2iodo-3tetrahydroacridindecoy10,635,"21,8",0,1,619,16,"0,813","1,000",,"0,025","1,2299","0,813",,
Physostigminedecoy6,636,"21,8",0,1,620,16,"0,814","1,000",,"0,025","1,2280","0,814",,
2iodo-3tetrahydroacridindecoy7,637,"21,7",0,1,621,16,"0,816","1,000",,"0,025","1,2260","0,816",,
Bis-tacrinedecoy50,638,"21,6",0,1,622,16,"0,817","1,000",,"0,025","1,2241","0,817",,
Donepezildecoy13,639,"21,6",0,1,623,16,"0,818","1,000",,"0,025","1,2222","0,818",,
Tacrinedecoy35,640,"21,5",0,1,624,16,"0,819","1,000",,"0,025","1,2203","0,819",,
Tolserinedecoy47,641,"21,5",0,1,625,16,"0,821","1,000",,"0,025","1,2184","0,821",,
Tacrinedecoy12,642,"21,5",0,1,626,16,"0,822","1,000",,"0,025","1,2165","0,822",,
Tolserinedecoy16,643,"21,4",0,1,627,16,"0,823","1,000",,"0,025","1,2146","0,823",,
2iodo-2tetrahydroacridindecoy41,644,"21,4",0,1,628,16,"0,825","1,000",,"0,025","1,2127","0,825",,
4iodo-4tetrahydroacridindecoy5,645,"21,2",0,1,629,16,"0,826","1,000",,"0,025","1,2108","0,826",,
3iodo-2tetrahydroacridindecoy23,646,"21,2",0,1,630,16,"0,827","1,000",,"0,025","1,2090","0,827",,
Tolserinedecoy9,647,"21,2",0,1,631,16,"0,828","1,000",,"0,025","1,2071","0,828",,
Physostigminedecoy44,648,"21,1",0,1,632,16,"0,830","1,000",,"0,025","1,2052","0,830",,
3iodo-2tetrahydroacridindecoy36,649,"21,0",0,1,633,16,"0,831","1,000",,"0,025","1,2034","0,831",,
Donepezildecoy8,650,"20,9",0,1,634,16,"0,832","1,000",,"0,025","1,2015","0,832",,
2iodo-4tetrahydroacridindecoy37,651,"20,9",0,1,635,16,"0,834","1,000",,"0,025","1,1997","0,834",,
Heptyl-physostigminedecoy28,652,"20,7",0,1,636,16,"0,835","1,000",,"0,025","1,1978","0,835",,
Physostigminedecoy7,653,"20,6",0,1,637,16,"0,836","1,000",,"0,025","1,1960","0,836",,
4iodo-2tetrahydroacridindecoy2,654,"20,5",0,1,638,16,"0,837","1,000",,"0,024","1,1942","0,837",,
Heptyl-physostigminedecoy34,655,"20,5",0,1,639,16,"0,839","1,000",,"0,024","1,1923","0,839",,
Galantaminedecoy19,656,"20,5",0,1,640,16,"0,840","1,000",,"0,024","1,1905","0,840",,
Velnacrinedecoy4,657,"20,4",0,1,641,16,"0,841","1,000",,"0,024","1,1887","0,841",,
2iodo-2tetrahydroacridindecoy34,658,"20,2",0,1,642,16,"0,843","1,000",,"0,024","1,1869","0,843",,
3iodo-4tetrahydroacridindecoy15,659,"20,2",0,1,643,16,"0,844","1,000",,"0,024","1,1851","0,844",,
3iodo-2tetrahydroacridindecoy35,660,"20,1",0,1,644,16,"0,845","1,000",,"0,024","1,1833","0,845",,
Galantaminedecoy37,661,"20,1",0,1,645,16,"0,846","1,000",,"0,024","1,1815","0,846",,
4iodo-2tetrahydroacridindecoy8,662,"20,0",0,1,646,16,"0,848","1,000",,"0,024","1,1797","0,848",,
2iodo-2tetrahydroacridindecoy50,663,"19,9",0,1,647,16,"0,849","1,000",,"0,024","1,1780","0,849",,
3iodo-4tetrahydroacridindecoy2,664,"19,9",0,1,648,16,"0,850","1,000",,"0,024","1,1762","0,850",,
Galantaminedecoy1,665,"19,8",0,1,649,16,"0,851","1,000",,"0,024","1,1744","0,851",,
3iodo-2tetrahydroacridindecoy18,666,"19,8",0,1,650,16,"0,853","1,000",,"0,024","1,1726","0,853",,
Velnacrinedecoy6,667,"19,8",0,1,651,16,"0,854","1,000",,"0,024","1,1709","0,854",,
Velnacrinedecoy14,668,"19,6",0,1,652,16,"0,855","1,000",,"0,024","1,1691","0,855",,
4iodo-2tetrahydroacridindecoy36,669,"19,6",0,1,653,16,"0,857","1,000",,"0,024","1,1674","0,857",,
2iodo-4tetrahydroacridindecoy40,670,"19,5",0,1,654,16,"0,858","1,000",,"0,024","1,1656","0,858",,
Galantaminedecoy18,671,"19,4",0,1,655,16,"0,859","1,000",,"0,024","1,1639","0,859",,
Donepezildecoy17,672,"19,3",0,1,656,16,"0,860","1,000",,"0,024","1,1622","0,860",,
Physostigminedecoy31,673,"19,2",0,1,657,16,"0,862","1,000",,"0,024","1,1605","0,862",,
Velnacrinedecoy41,674,"18,9",0,1,658,16,"0,863","1,000",,"0,024","1,1587","0,863",,
2iodo-2tetrahydroacridindecoy5,675,"18,9",0,1,659,16,"0,864","1,000",,"0,024","1,1570","0,864",,
4iodo-2tetrahydroacridindecoy31,676,"18,8",0,1,660,16,"0,866","1,000",,"0,024","1,1553","0,866",,
4iodo-2tetrahydroacridindecoy38,677,"18,8",0,1,661,16,"0,867","1,000",,"0,024","1,1536","0,867",,
2iodo-2tetrahydroacridindecoy3,678,"18,8",0,1,662,16,"0,868","1,000",,"0,024","1,1519","0,868",,
2iodo-2tetrahydroacridindecoy33,679,"18,7",0,1,663,16,"0,869","1,000",,"0,024","1,1502","0,869",,
4iodo-2tetrahydroacridindecoy49,680,"18,6",0,1,664,16,"0,871","1,000",,"0,024","1,1485","0,871",,
4iodo-2tetrahydroacridindecoy14,681,"18,5",0,1,665,16,"0,872","1,000",,"0,023","1,1468","0,872",,
2iodo-2tetrahydroacridindecoy42,682,"18,4",0,1,666,16,"0,873","1,000",,"0,023","1,1451","0,873",,
4iodo-4tetrahydroacridindecoy32,683,"18,4",0,1,667,16,"0,875","1,000",,"0,023","1,1435","0,875",,
3iodo-2tetrahydroacridindecoy3,684,"18,4",0,1,668,16,"0,876","1,000",,"0,023","1,1418","0,876",,
Galantaminedecoy28,685,"18,4",0,1,669,16,"0,877","1,000",,"0,023","1,1401","0,877",,
Velnacrinedecoy19,686,"18,3",0,1,670,16,"0,878","1,000",,"0,023","1,1385","0,878",,
4iodo-2tetrahydroacridindecoy44,687,"18,1",0,1,671,16,"0,880","1,000",,"0,023","1,1368","0,880",,
2iodo-2tetrahydroacridindecoy35,688,"17,7",0,1,672,16,"0,881","1,000",,"0,023","1,1351","0,881",,
3iodo-4tetrahydroacridindecoy39,689,"17,7",0,1,673,16,"0,882","1,000",,"0,023","1,1335","0,882",,
2iodo-2tetrahydroacridindecoy4,690,"17,6",0,1,674,16,"0,883","1,000",,"0,023","1,1319","0,883",,
Tacrinedecoy1,691,"17,4",0,1,675,16,"0,885","1,000",,"0,023","1,1302","0,885",,
3iodo-4tetrahydroacridindecoy12,692,"17,4",0,1,676,16,"0,886","1,000",,"0,023","1,1286","0,886",,
Galantaminedecoy31,693,"17,3",0,1,677,16,"0,887","1,000",,"0,023","1,1270","0,887",,
4iodo-3tetrahydroacridindecoy5,694,"17,1",0,1,678,16,"0,889","1,000",,"0,023","1,1253","0,889",,
Physostigminedecoy46,695,"17,1",0,1,679,16,"0,890","1,000",,"0,023","1,1237","0,890",,
Physostigminedecoy38,696,"17,1",0,1,680,16,"0,891","1,000",,"0,023","1,1221","0,891",,
4iodo-4tetrahydroacridindecoy25,697,"17,0",0,1,681,16,"0,892","1,000",,"0,023","1,1205","0,892",,
2iodo-3tetrahydroacridindecoy1,698,"16,9",0,1,682,16,"0,894","1,000",,"0,023","1,1189","0,894",,
Velnacrinedecoy3,699,"16,8",0,1,683,16,"0,895","1,000",,"0,023","1,1173","0,895",,
3iodo-2tetrahydroacridindecoy17,700,"16,7",0,1,684,16,"0,896","1,000",,"0,023","1,1157","0,896",,
3iodo-4tetrahydroacridindecoy8,701,"16,7",0,1,685,16,"0,898","1,000",,"0,023","1,1141","0,898",,
Tolserinedecoy42,702,"16,7",0,1,686,16,"0,899","1,000",,"0,023","1,1125","0,899",,
Tolserinedecoy31,703,"16,7",0,1,687,16,"0,900","1,000",,"0,023","1,1109","0,900",,
Tacrinedecoy38,704,"16,5",0,1,688,16,"0,901","1,000",,"0,023","1,1094","0,901",,
Velnacrinedecoy50,705,"16,5",0,1,689,16,"0,903","1,000",,"0,023","1,1078","0,903",,
2iodo-4tetrahydroacridindecoy31,706,"16,4",0,1,690,16,"0,904","1,000",,"0,023","1,1062","0,904",,
3iodo-4tetrahydroacridindecoy21,707,"16,3",0,1,691,16,"0,905","1,000",,"0,023","1,1046","0,905",,
3iodo-4tetrahydroacridindecoy7,708,"16,3",0,1,692,16,"0,907","1,000",,"0,023","1,1031","0,907",,
3iodo-2tetrahydroacridindecoy50,709,"16,3",0,1,693,16,"0,908","1,000",,"0,023","1,1015","0,908",,
Physostigminedecoy27,710,"16,2",0,1,694,16,"0,909","1,000",,"0,023","1,1000","0,909",,
Galantaminedecoy20,711,"16,1",0,1,695,16,"0,910","1,000",,"0,023","1,0984","0,910",,
2iodo-2tetrahydroacridindecoy26,712,"16,1",0,1,696,16,"0,912","1,000",,"0,022","1,0969","0,912",,
3iodo-2tetrahydroacridindecoy1,713,"16,0",0,1,697,16,"0,913","1,000",,"0,022","1,0953","0,913",,
2iodo-4tetrahydroacridindecoy39,714,"15,7",0,1,698,16,"0,914","1,000",,"0,022","1,0938","0,914",,
Tolserinedecoy35,715,"15,0",0,1,699,16,"0,915","1,000",,"0,022","1,0923","0,915",,
3iodo-4tetrahydroacridindecoy13,716,"15,0",0,1,700,16,"0,917","1,000",,"0,022","1,0908","0,917",,
2iodo-3tetrahydroacridindecoy37,717,"15,0",0,1,701,16,"0,918","1,000",,"0,022","1,0892","0,918",,
4iodo-2tetrahydroacridindecoy30,718,"14,5",0,1,702,16,"0,919","1,000",,"0,022","1,0877","0,919",,
2iodo-4tetrahydroacridindecoy13,719,"14,5",0,1,703,16,"0,921","1,000",,"0,022","1,0862","0,921",,
3iodo-4tetrahydroacridindecoy1,720,"14,4",0,1,704,16,"0,922","1,000",,"0,022","1,0847","0,922",,
4iodo-4tetrahydroacridindecoy29,721,"14,3",0,1,705,16,"0,923","1,000",,"0,022","1,0832","0,923",,
2iodo-3tetrahydroacridindecoy36,722,"14,2",0,1,706,16,"0,924","1,000",,"0,022","1,0817","0,924",,
Physostigminedecoy30,723,"14,2",0,1,707,16,"0,926","1,000",,"0,022","1,0802","0,926",,
Galantaminedecoy36,724,"13,9",0,1,708,16,"0,927","1,000",,"0,022","1,0787","0,927",,
3iodo-4tetrahydroacridindecoy26,725,"13,8",0,1,709,16,"0,928","1,000",,"0,022","1,0772","0,928",,
Physostigminedecoy47,726,"13,7",0,1,710,16,"0,930","1,000",,"0,022","1,0757","0,930",,
Tacrinedecoy48,727,"13,4",0,1,711,16,"0,931","1,000",,"0,022","1,0743","0,931",,
Galantaminedecoy14,728,"12,9",0,1,712,16,"0,932","1,000",,"0,022","1,0728","0,932",,
Donepezildecoy30,729,"12,8",0,1,713,16,"0,933","1,000",,"0,022","1,0713","0,933",,
2iodo-3tetrahydroacridindecoy35,730,"12,8",0,1,714,16,"0,935","1,000",,"0,022","1,0698","0,935",,
Galantaminedecoy26,731,"12,6",0,1,715,16,"0,936","1,000",,"0,022","1,0684","0,936",,
Tacrinedecoy15,732,"12,5",0,1,716,16,"0,937","1,000",,"0,022","1,0669","0,937",,
4iodo-3tetrahydroacridindecoy32,733,"12,3",0,1,717,16,"0,939","1,000",,"0,022","1,0655","0,939",,
4iodo-2tetrahydroacridindecoy40,734,"12,3",0,1,718,16,"0,940","1,000",,"0,022","1,0640","0,940",,
Tolserinedecoy4,735,"12,1",0,1,719,16,"0,941","1,000",,"0,022","1,0626","0,941",,
3iodo-4tetrahydroacridindecoy30,736,"12,0",0,1,720,16,"0,942","1,000",,"0,022","1,0611","0,942",,
2iodo-3tetrahydroacridindecoy34,737,"12,0",0,1,721,16,"0,944","1,000",,"0,022","1,0597","0,944",,
Tolserinedecoy48,738,"12,0",0,1,722,16,"0,945","1,000",,"0,022","1,0582","0,945",,
Velnacrinedecoy2,739,"11,7",0,1,723,16,"0,946","1,000",,"0,022","1,0568","0,946",,
3iodo-4tetrahydroacridindecoy3,740,"11,1",0,1,724,16,"0,948","1,000",,"0,022","1,0554","0,948",,
Physostigminedecoy1,741,"11,0",0,1,725,16,"0,949","1,000",,"0,022","1,0540","0,949",,
Tolserinedecoy7,742,"10,9",0,1,726,16,"0,950","1,000",,"0,022","1,0525","0,950",,
Tolserinedecoy45,743,"10,7",0,1,727,16,"0,951","1,000",,"0,022","1,0511","0,951",,
2iodo-3tetrahydroacridindecoy31,744,"10,7",0,1,728,16,"0,953","1,000",,"0,022","1,0497","0,953",,
Galantaminedecoy44,745,"10,6",0,1,729,16,"0,954","1,000",,"0,021","1,0483","0,954",,
3iodo-2tetrahydroacridindecoy13,746,"10,5",0,1,730,16,"0,955","1,000",,"0,021","1,0469","0,955",,
Physostigminedecoy13,747,"10,3",0,1,731,16,"0,956","1,000",,"0,021","1,0455","0,956",,
4iodo-2tetrahydroacridindecoy43,748,"10,3",0,1,732,16,"0,958","1,000",,"0,021","1,0441","0,958",,
Bis-tacrinedecoy6,749,"9,8",0,1,733,16,"0,959","1,000",,"0,021","1,0427","0,959",,
4iodo-2tetrahydroacridindecoy15,750,"9,5",0,1,734,16,"0,960","1,000",,"0,021","1,0413","0,960",,
3iodo-4tetrahydroacridindecoy9,751,"9,2",0,1,735,16,"0,962","1,000",,"0,021","1,0399","0,962",,
2iodo-2tetrahydroacridindecoy22,752,"8,6",0,1,736,16,"0,963","1,000",,"0,021","1,0385","0,963",,
Physostigminedecoy25,753,"8,6",0,1,737,16,"0,964","1,000",,"0,021","1,0372","0,964",,
3iodo-2tetrahydroacridindecoy25,754,"8,5",0,1,738,16,"0,965","1,000",,"0,021","1,0358","0,965",,
3iodo-4tetrahydroacridindecoy14,755,"8,5",0,1,739,16,"0,967","1,000",,"0,021","1,0344","0,967",,
2iodo-2tetrahydroacridindecoy20,756,"8,2",0,1,740,16,"0,968","1,000",,"0,021","1,0330","0,968",,
Velnacrinedecoy1,757,"8,1",0,1,741,16,"0,969","1,000",,"0,021","1,0317","0,969",,
3iodo-4tetrahydroacridindecoy35,758,"7,7",0,1,742,16,"0,971","1,000",,"0,021","1,0303","0,971",,
Bis-tacrinedecoy8,759,"6,8",0,1,743,16,"0,972","1,000",,"0,021","1,0290","0,972",,
Bis-tacrinedecoy1,760,"6,6",0,1,744,16,"0,973","1,000",,"0,021","1,0276","0,973",,
Velnacrinedecoy42,761,"6,6",0,1,745,16,"0,974","1,000",,"0,021","1,0263","0,974",,
4iodo-3tetrahydroacridindecoy36,762,"5,5",0,1,746,16,"0,976","1,000",,"0,021","1,0249","0,976",,
3iodo-4tetrahydroacridindecoy24,763,"5,5",0,1,747,16,"0,977","1,000",,"0,021","1,0236","0,977",,
Tolserinedecoy1,764,"5,4",0,1,748,16,"0,978","1,000",,"0,021","1,0222","0,978",,
Velnacrinedecoy47,765,"5,4",0,1,749,16,"0,980","1,000",,"0,021","1,0209","0,980",,
4iodo-3tetrahydroacridindecoy17,766,"5,3",0,1,750,16,"0,981","1,000",,"0,021","1,0196","0,981",,
2iodo-2tetrahydroacridindecoy32,767,"4,8",0,1,751,16,"0,982","1,000",,"0,021","1,0182","0,982",,
Tolserinedecoy3,768,"3,9",0,1,752,16,"0,983","1,000",,"0,021","1,0169","0,983",,
4iodo-2tetrahydroacridindecoy16,769,"2,9",0,1,753,16,"0,985","1,000",,"0,021","1,0156","0,985",,
3iodo-2tetrahydroacridindecoy32,770,"2,6",0,1,754,16,"0,986","1,000",,"0,021","1,0143","0,986",,
Bis-tacrinedecoy9,771,"1,9",0,1,755,16,"0,987","1,000",,"0,021","1,0129","0,987",,
3iodo-2tetrahydroacridindecoy31,772,"1,3",0,1,756,16,"0,988","1,000",,"0,021","1,0116","0,988",,
2iodo-2tetrahydroacridindecoy21,773,"1,0",0,1,757,16,"0,990","1,000",,"0,021","1,0103","0,990",,
Velnacrinedecoy9,774,"0,2",0,1,758,16,"0,991","1,000",,"0,021","1,0090","0,991",,
4iodo-3tetrahydroacridindecoy29,775,"-0,3",0,1,759,16,"0,992","1,000",,"0,021","1,0077","0,992",,
Physostigminedecoy15,776,"-0,6",0,1,760,16,"0,994","1,000",,"0,021","1,0064","0,994",,
4iodo-2tetrahydroacridindecoy1,777,"-0,6",0,1,761,16,"0,995","1,000",,"0,021","1,0051","0,995",,
2iodo-2tetrahydroacridindecoy27,778,"-2,5",0,1,762,16,"0,996","1,000",,"0,021","1,0038","0,996",,
2iodo-3tetrahydroacridindecoy30,779,"-4,4",0,1,763,16,"0,997","1,000",,"0,021","1,0025","0,997",,
4iodo-2tetrahydroacridindecoy24,780,"-5,5",0,1,764,16,"0,999","1,000",,"0,021","1,0013","0,999",,
4iodo-2tetrahydroacridindecoy18,781,"-8,1",0,1,765,16,"1,000","1,000",,"0,020","1,0000","1,000",,
,,,16,765,,,,,,,,,,