Ligand,ordem,Affinity_mean,Positivos,Decoys,Tdecoys,Tpositivos,FracDocada,FracPositivos,,Conc(P),Fator Enriquecimento,FracDocada,positivos/total = ,"0,0204865557"
4iodo-4tetrahydroacridindecoy50,1,"-70,2",0,1,1,0,"0,001","0,000",,"0,000","0,0000","0,001",,
2iodo-4tetrahydroacridindecoy29,2,"-69,2",0,1,2,0,"0,003","0,000",,"0,000","0,0000","0,003",,
4iodo-4tetrahydroacridindecoy20,3,"-69,0",0,1,3,0,"0,004","0,000",,"0,000","0,0000","0,004",,
Bis-tacrine,4,"-68,7",1,0,3,1,"0,005","0,063",,"0,250","12,2029","0,005",,
2iodo-4tetrahydroacridindecoy24,5,"-68,6",0,1,4,1,"0,006","0,063",,"0,200","9,7623","0,006",,
4iodo-4tetrahydroacridindecoy18,6,"-68,1",0,1,5,1,"0,008","0,063",,"0,167","8,1352","0,008",,
2iodo-4tetrahydroacridindecoy47,7,"-67,2",0,1,6,1,"0,009","0,063",,"0,143","6,9731","0,009",,
Bis-tacrinedecoy17,8,"-66,7",0,1,7,1,"0,010","0,063",,"0,125","6,1014","0,010",,
Bis-tacrinedecoy28,9,"-66,7",0,1,8,1,"0,012","0,063",,"0,111","5,4235","0,012",,
4iodo-4tetrahydroacridindecoy19,10,"-66,2",0,1,9,1,"0,013","0,063",,"0,100","4,8811","0,013",,
2iodo-4tetrahydroacridindecoy22,11,"-66,2",0,1,10,1,"0,014","0,063",,"0,091","4,4374","0,014",,
2iodo-3tetrahydroacridindecoy40,12,"-65,6",0,1,11,1,"0,015","0,063",,"0,083","4,0676","0,015",,
4iodo-4tetrahydroacridindecoy45,13,"-65,6",0,1,12,1,"0,017","0,063",,"0,077","3,7547","0,017",,
2iodo-4tetrahydroacridindecoy28,14,"-65,6",0,1,13,1,"0,018","0,063",,"0,071","3,4865","0,018",,
Bis-tacrinedecoy30,15,"-65,5",0,1,14,1,"0,019","0,063",,"0,067","3,2541","0,019",,
4iodo-4tetrahydroacridindecoy16,16,"-65,2",0,1,15,1,"0,020","0,063",,"0,063","3,0507","0,020",,
Bis-tacrinedecoy3,17,"-65,0",0,1,16,1,"0,022","0,063",,"0,059","2,8713","0,022",,
Bis-tacrinedecoy16,18,"-65,0",0,1,17,1,"0,023","0,063",,"0,056","2,7117","0,023",,
2iodo-4tetrahydroacridindecoy43,19,"-65,0",0,1,18,1,"0,024","0,063",,"0,053","2,5690","0,024",,
Bis-tacrinedecoy46,20,"-64,9",0,1,19,1,"0,026","0,063",,"0,050","2,4406","0,026",,
2iodo-4tetrahydroacridindecoy6,21,"-64,5",0,1,20,1,"0,027","0,063",,"0,048","2,3244","0,027",,
Bis-tacrinedecoy31,22,"-64,4",0,1,21,1,"0,028","0,063",,"0,045","2,2187","0,028",,
2iodo-4tetrahydroacridindecoy23,23,"-63,9",0,1,22,1,"0,029","0,063",,"0,043","2,1222","0,029",,
4iodo-3tetrahydroacridindecoy14,24,"-63,6",0,1,23,1,"0,031","0,063",,"0,042","2,0338","0,031",,
4iodo-4tetrahydroacridindecoy33,25,"-63,6",0,1,24,1,"0,032","0,063",,"0,040","1,9525","0,032",,
4iodo-3tetrahydroacridindecoy13,26,"-63,4",0,1,25,1,"0,033","0,063",,"0,038","1,8774","0,033",,
Bis-tacrinedecoy38,27,"-63,4",0,1,26,1,"0,035","0,063",,"0,037","1,8078","0,035",,
4iodo-4tetrahydroacridindecoy8,28,"-63,1",0,1,27,1,"0,036","0,063",,"0,036","1,7433","0,036",,
2iodo-3tetrahydroacridindecoy19,29,"-63,1",0,1,28,1,"0,037","0,063",,"0,034","1,6832","0,037",,
Bis-tacrinedecoy36,30,"-63,1",0,1,29,1,"0,038","0,063",,"0,033","1,6270","0,038",,
Bis-tacrinedecoy35,31,"-63,0",0,1,30,1,"0,040","0,063",,"0,032","1,5746","0,040",,
2iodo-2tetrahydroacridindecoy19,32,"-62,9",0,1,31,1,"0,041","0,063",,"0,031","1,5254","0,041",,
2iodo-3tetrahydroacridindecoy39,33,"-62,7",0,1,32,1,"0,042","0,063",,"0,030","1,4791","0,042",,
Bis-tacrinedecoy26,34,"-62,4",0,1,33,1,"0,044","0,063",,"0,029","1,4356","0,044",,
4iodo-4tetrahydroacridindecoy14,35,"-62,4",0,1,34,1,"0,045","0,063",,"0,029","1,3946","0,045",,
2iodo-3tetrahydroacridindecoy20,36,"-62,3",0,1,35,1,"0,046","0,063",,"0,028","1,3559","0,046",,
2iodo-3tetrahydroacridindecoy49,37,"-62,3",0,1,36,1,"0,047","0,063",,"0,027","1,3192","0,047",,
2iodo-4tetrahydroacridindecoy26,38,"-62,3",0,1,37,1,"0,049","0,063",,"0,026","1,2845","0,049",,
4iodo-4tetrahydroacridindecoy26,39,"-62,2",0,1,38,1,"0,050","0,063",,"0,026","1,2516","0,050",,
Bis-tacrinedecoy44,40,"-62,1",0,1,39,1,"0,051","0,063",,"0,025","1,2203","0,051",,
2iodo-3tetrahydroacridindecoy29,41,"-61,7",0,1,40,1,"0,052","0,063",,"0,024","1,1905","0,052",,
4iodo-2tetrahydroacridindecoy13,42,"-61,7",0,1,41,1,"0,054","0,063",,"0,024","1,1622","0,054",,
4iodo-4tetrahydroacridindecoy15,43,"-61,6",0,1,42,1,"0,055","0,063",,"0,023","1,1351","0,055",,
4iodo-3tetrahydroacridindecoy50,44,"-61,5",0,1,43,1,"0,056","0,063",,"0,023","1,1094","0,056",,
Bis-tacrinedecoy11,45,"-61,4",0,1,44,1,"0,058","0,063",,"0,022","1,0847","0,058",,
Bis-tacrinedecoy7,46,"-61,3",0,1,45,1,"0,059","0,063",,"0,022","1,0611","0,059",,
Bis-tacrinedecoy19,47,"-61,2",0,1,46,1,"0,060","0,063",,"0,021","1,0385","0,060",,
2iodo-3tetrahydroacridindecoy16,48,"-61,0",0,1,47,1,"0,061","0,063",,"0,021","1,0169","0,061",,
Donepezildecoy11,49,"-60,8",0,1,48,1,"0,063","0,063",,"0,020","0,9962","0,063",,
4iodo-3tetrahydroacridindecoy28,50,"-60,6",0,1,49,1,"0,064","0,063",,"0,020","0,9762","0,064",,
Bis-tacrinedecoy45,51,"-60,6",0,1,50,1,"0,065","0,063",,"0,020","0,9571","0,065",,
2iodo-3tetrahydroacridindecoy47,52,"-60,2",0,1,51,1,"0,067","0,063",,"0,019","0,9387","0,067",,
Bis-tacrinedecoy15,53,"-60,2",0,1,52,1,"0,068","0,063",,"0,019","0,9210","0,068",,
4iodo-4tetrahydroacridindecoy30,54,"-60,2",0,1,53,1,"0,069","0,063",,"0,019","0,9039","0,069",,
Bis-tacrinedecoy49,55,"-60,1",0,1,54,1,"0,070","0,063",,"0,018","0,8875","0,070",,
4iodo-3tetrahydroacridindecoy34,56,"-60,0",0,1,55,1,"0,072","0,063",,"0,018","0,8716","0,072",,
4iodo-4tetrahydroacridindecoy17,57,"-59,9",0,1,56,1,"0,073","0,063",,"0,018","0,8563","0,073",,
2iodo-4tetrahydroacridindecoy18,58,"-59,7",0,1,57,1,"0,074","0,063",,"0,017","0,8416","0,074",,
3iodo-2tetrahydroacridindecoy48,59,"-59,6",0,1,58,1,"0,076","0,063",,"0,017","0,8273","0,076",,
3iodo-4tetrahydroacridin,60,"-59,5",1,0,58,2,"0,077","0,125",,"0,033","1,6270","0,077",,
2iodo-2tetrahydroacridindecoy39,61,"-59,4",0,1,59,2,"0,078","0,125",,"0,033","1,6004","0,078",,
4iodo-2tetrahydroacridindecoy33,62,"-59,4",0,1,60,2,"0,079","0,125",,"0,032","1,5746","0,079",,
Bis-tacrinedecoy13,63,"-59,3",0,1,61,2,"0,081","0,125",,"0,032","1,5496","0,081",,
2iodo-2tetrahydroacridindecoy34,64,"-59,0",0,1,62,2,"0,082","0,125",,"0,031","1,5254","0,082",,
Bis-tacrinedecoy37,65,"-59,0",0,1,63,2,"0,083","0,125",,"0,031","1,5019","0,083",,
2iodo-3tetrahydroacridindecoy45,66,"-59,0",0,1,64,2,"0,085","0,125",,"0,030","1,4791","0,085",,
Bis-tacrinedecoy33,67,"-58,8",0,1,65,2,"0,086","0,125",,"0,030","1,4571","0,086",,
2iodo-4tetrahydroacridindecoy14,68,"-58,7",0,1,66,2,"0,087","0,125",,"0,029","1,4356","0,087",,
2iodo-4tetrahydroacridindecoy16,69,"-58,6",0,1,67,2,"0,088","0,125",,"0,029","1,4148","0,088",,
Bis-tacrinedecoy5,70,"-58,4",0,1,68,2,"0,090","0,125",,"0,029","1,3946","0,090",,
4iodo-4tetrahydroacridin,71,"-58,2",1,0,68,3,"0,091","0,188",,"0,042","2,0625","0,091",,
4iodo-3tetrahydroacridindecoy37,72,"-58,1",0,1,69,3,"0,092","0,188",,"0,042","2,0338","0,092",,
2iodo-4tetrahydroacridindecoy19,73,"-58,0",0,1,70,3,"0,093","0,188",,"0,041","2,0059","0,093",,
4iodo-4tetrahydroacridindecoy32,74,"-57,9",0,1,71,3,"0,095","0,188",,"0,041","1,9788","0,095",,
Heptyl-physostigminedecoy17,75,"-57,9",0,1,72,3,"0,096","0,188",,"0,040","1,9525","0,096",,
4iodo-4tetrahydroacridindecoy44,76,"-57,8",0,1,73,3,"0,097","0,188",,"0,039","1,9268","0,097",,
2iodo-4tetrahydroacridindecoy1,77,"-57,8",0,1,74,3,"0,099","0,188",,"0,039","1,9017","0,099",,
Bis-tacrinedecoy34,78,"-57,8",0,1,75,3,"0,100","0,188",,"0,038","1,8774","0,100",,
Bis-tacrinedecoy14,79,"-57,8",0,1,76,3,"0,101","0,188",,"0,038","1,8536","0,101",,
Heptyl-physostigminedecoy15,80,"-57,7",0,1,77,3,"0,102","0,188",,"0,038","1,8304","0,102",,
2iodo-4tetrahydroacridin,81,"-57,7",1,0,77,4,"0,104","0,250",,"0,049","2,4104","0,104",,
4iodo-3tetrahydroacridindecoy41,82,"-57,6",0,1,78,4,"0,105","0,250",,"0,049","2,3810","0,105",,
2iodo-4tetrahydroacridindecoy40,83,"-57,6",0,1,79,4,"0,106","0,250",,"0,048","2,3524","0,106",,
3iodo-2tetrahydroacridindecoy26,84,"-57,5",0,1,80,4,"0,108","0,250",,"0,048","2,3244","0,108",,
Bis-tacrinedecoy4,85,"-57,5",0,1,81,4,"0,109","0,250",,"0,047","2,2970","0,109",,
Donepezildecoy29,86,"-57,5",0,1,82,4,"0,110","0,250",,"0,047","2,2703","0,110",,
4iodo-4tetrahydroacridindecoy4,87,"-57,4",0,1,83,4,"0,111","0,250",,"0,046","2,2442","0,111",,
2iodo-4tetrahydroacridindecoy33,88,"-57,4",0,1,84,4,"0,113","0,250",,"0,045","2,2187","0,113",,
4iodo-3tetrahydroacridindecoy45,89,"-57,4",0,1,85,4,"0,114","0,250",,"0,045","2,1938","0,114",,
4iodo-3tetrahydroacridindecoy49,90,"-57,3",0,1,86,4,"0,115","0,250",,"0,044","2,1694","0,115",,
2iodo-3tetrahydroacridindecoy23,91,"-57,2",0,1,87,4,"0,117","0,250",,"0,044","2,1456","0,117",,
Heptyl-physostigminedecoy36,92,"-57,2",0,1,88,4,"0,118","0,250",,"0,043","2,1222","0,118",,
Heptyl-physostigminedecoy16,93,"-57,1",0,1,89,4,"0,119","0,250",,"0,043","2,0994","0,119",,
2iodo-4tetrahydroacridindecoy15,94,"-57,1",0,1,90,4,"0,120","0,250",,"0,043","2,0771","0,120",,
3iodo-2tetrahydroacridindecoy41,95,"-57,1",0,1,91,4,"0,122","0,250",,"0,042","2,0552","0,122",,
4iodo-2tetrahydroacridindecoy19,96,"-57,1",0,1,92,4,"0,123","0,250",,"0,042","2,0338","0,123",,
4iodo-3tetrahydroacridindecoy38,97,"-57,1",0,1,93,4,"0,124","0,250",,"0,041","2,0128","0,124",,
2iodo-4tetrahydroacridindecoy30,98,"-57,1",0,1,94,4,"0,125","0,250",,"0,041","1,9923","0,125",,
2iodo-3tetrahydroacridin,99,"-56,9",1,0,94,5,"0,127","0,313",,"0,051","2,4652","0,127",,
2iodo-2tetrahydroacridindecoy37,100,"-56,8",0,1,95,5,"0,128","0,313",,"0,050","2,4406","0,128",,
4iodo-2tetrahydroacridindecoy48,101,"-56,7",0,1,96,5,"0,129","0,313",,"0,050","2,4164","0,129",,
2iodo-3tetrahydroacridindecoy22,102,"-56,7",0,1,97,5,"0,131","0,313",,"0,049","2,3927","0,131",,
Bis-tacrinedecoy2,103,"-56,7",0,1,98,5,"0,132","0,313",,"0,049","2,3695","0,132",,
2iodo-4tetrahydroacridindecoy48,104,"-56,6",0,1,99,5,"0,133","0,313",,"0,048","2,3467","0,133",,
2iodo-3tetrahydroacridindecoy48,105,"-56,6",0,1,100,5,"0,134","0,313",,"0,048","2,3244","0,134",,
Bis-tacrinedecoy42,106,"-56,6",0,1,101,5,"0,136","0,313",,"0,047","2,3024","0,136",,
4iodo-4tetrahydroacridindecoy28,107,"-56,5",0,1,102,5,"0,137","0,313",,"0,047","2,2809","0,137",,
Bis-tacrinedecoy25,108,"-56,5",0,1,103,5,"0,138","0,313",,"0,046","2,2598","0,138",,
3iodo-2tetrahydroacridindecoy39,109,"-56,4",0,1,104,5,"0,140","0,313",,"0,046","2,2391","0,140",,
4iodo-3tetrahydroacridindecoy31,110,"-56,4",0,1,105,5,"0,141","0,313",,"0,045","2,2187","0,141",,
4iodo-4tetrahydroacridindecoy11,111,"-56,4",0,1,106,5,"0,142","0,313",,"0,045","2,1987","0,142",,
4iodo-3tetrahydroacridindecoy19,112,"-56,3",0,1,107,5,"0,143","0,313",,"0,045","2,1791","0,143",,
2iodo-3tetrahydroacridindecoy14,113,"-56,3",0,1,108,5,"0,145","0,313",,"0,044","2,1598","0,145",,
3iodo-2tetrahydroacridindecoy8,114,"-56,2",0,1,109,5,"0,146","0,313",,"0,044","2,1409","0,146",,
3iodo-2tetrahydroacridindecoy49,115,"-56,2",0,1,110,5,"0,147","0,313",,"0,043","2,1222","0,147",,
2iodo-4tetrahydroacridindecoy13,116,"-56,0",0,1,111,5,"0,149","0,313",,"0,043","2,1039","0,149",,
3iodo-2tetrahydroacridindecoy46,117,"-55,8",0,1,112,5,"0,150","0,313",,"0,043","2,0860","0,150",,
2iodo-2tetrahydroacridindecoy29,118,"-55,8",0,1,113,5,"0,151","0,313",,"0,042","2,0683","0,151",,
4iodo-3tetrahydroacridin,119,"-55,8",1,0,113,6,"0,152","0,375",,"0,050","2,4611","0,152",,
4iodo-4tetrahydroacridindecoy46,120,"-55,7",0,1,114,6,"0,154","0,375",,"0,050","2,4406","0,154",,
3iodo-2tetrahydroacridindecoy40,121,"-55,7",0,1,115,6,"0,155","0,375",,"0,050","2,4204","0,155",,
Bis-tacrinedecoy29,122,"-55,6",0,1,116,6,"0,156","0,375",,"0,049","2,4006","0,156",,
4iodo-2tetrahydroacridindecoy37,123,"-55,5",0,1,117,6,"0,157","0,375",,"0,049","2,3810","0,157",,
4iodo-4tetrahydroacridindecoy27,124,"-55,4",0,1,118,6,"0,159","0,375",,"0,048","2,3618","0,159",,
Heptyl-physostigminedecoy35,125,"-55,4",0,1,119,6,"0,160","0,375",,"0,048","2,3429","0,160",,
3iodo-2tetrahydroacridin,126,"-55,3",1,0,119,7,"0,161","0,438",,"0,056","2,7117","0,161",,
4iodo-2tetrahydroacridindecoy9,127,"-55,3",0,1,120,7,"0,163","0,438",,"0,055","2,6904","0,163",,
4iodo-3tetrahydroacridindecoy10,128,"-55,2",0,1,121,7,"0,164","0,438",,"0,055","2,6694","0,164",,
4iodo-2tetrahydroacridindecoy25,129,"-55,2",0,1,122,7,"0,165","0,438",,"0,054","2,6487","0,165",,
4iodo-3tetrahydroacridindecoy39,130,"-55,2",0,1,123,7,"0,166","0,438",,"0,054","2,6283","0,166",,
4iodo-4tetrahydroacridindecoy10,131,"-55,2",0,1,124,7,"0,168","0,438",,"0,053","2,6082","0,168",,
2iodo-3tetrahydroacridindecoy33,132,"-55,2",0,1,125,7,"0,169","0,438",,"0,053","2,5885","0,169",,
4iodo-4tetrahydroacridindecoy23,133,"-55,2",0,1,126,7,"0,170","0,438",,"0,053","2,5690","0,170",,
Donepezildecoy14,134,"-55,2",0,1,127,7,"0,172","0,438",,"0,052","2,5499","0,172",,
Heptyl-physostigminedecoy3,135,"-55,1",0,1,128,7,"0,173","0,438",,"0,052","2,5310","0,173",,
Bis-tacrinedecoy18,136,"-55,1",0,1,129,7,"0,174","0,438",,"0,051","2,5124","0,174",,
Bis-tacrinedecoy24,137,"-55,1",0,1,130,7,"0,175","0,438",,"0,051","2,4940","0,175",,
Heptyl-physostigminedecoy2,138,"-55,0",0,1,131,7,"0,177","0,438",,"0,051","2,4759","0,177",,
4iodo-2tetrahydroacridindecoy38,139,"-54,9",0,1,132,7,"0,178","0,438",,"0,050","2,4581","0,178",,
2iodo-3tetrahydroacridindecoy38,140,"-54,9",0,1,133,7,"0,179","0,438",,"0,050","2,4406","0,179",,
4iodo-4tetrahydroacridindecoy9,141,"-54,9",0,1,134,7,"0,181","0,438",,"0,050","2,4233","0,181",,
Donepezildecoy43,142,"-54,9",0,1,135,7,"0,182","0,438",,"0,049","2,4062","0,182",,
2iodo-3tetrahydroacridindecoy13,143,"-54,9",0,1,136,7,"0,183","0,438",,"0,049","2,3894","0,183",,
2iodo-2tetrahydroacridin,144,"-54,8",1,0,136,8,"0,184","0,500",,"0,056","2,7117","0,184",,
Bis-tacrinedecoy8,145,"-54,8",0,1,137,8,"0,186","0,500",,"0,055","2,6930","0,186",,
4iodo-2tetrahydroacridindecoy35,146,"-54,8",0,1,138,8,"0,187","0,500",,"0,055","2,6746","0,187",,
Donepezildecoy6,147,"-54,8",0,1,139,8,"0,188","0,500",,"0,054","2,6564","0,188",,
4iodo-4tetrahydroacridindecoy38,148,"-54,7",0,1,140,8,"0,190","0,500",,"0,054","2,6385","0,190",,
2iodo-3tetrahydroacridindecoy9,149,"-54,7",0,1,141,8,"0,191","0,500",,"0,054","2,6207","0,191",,
Donepezildecoy10,150,"-54,7",0,1,142,8,"0,192","0,500",,"0,053","2,6033","0,192",,
Donepezildecoy38,151,"-54,7",0,1,143,8,"0,193","0,500",,"0,053","2,5860","0,193",,
4iodo-2tetrahydroacridindecoy31,152,"-54,6",0,1,144,8,"0,195","0,500",,"0,053","2,5690","0,195",,
3iodo-2tetrahydroacridindecoy38,153,"-54,6",0,1,145,8,"0,196","0,500",,"0,052","2,5522","0,196",,
2iodo-2tetrahydroacridindecoy25,154,"-54,6",0,1,146,8,"0,197","0,500",,"0,052","2,5357","0,197",,
4iodo-3tetrahydroacridindecoy44,155,"-54,5",0,1,147,8,"0,198","0,500",,"0,052","2,5193","0,198",,
Bis-tacrinedecoy23,156,"-54,5",0,1,148,8,"0,200","0,500",,"0,051","2,5032","0,200",,
2iodo-4tetrahydroacridindecoy25,157,"-54,5",0,1,149,8,"0,201","0,500",,"0,051","2,4872","0,201",,
4iodo-4tetrahydroacridindecoy1,158,"-54,4",0,1,150,8,"0,202","0,500",,"0,051","2,4715","0,202",,
4iodo-4tetrahydroacridindecoy3,159,"-54,4",0,1,151,8,"0,204","0,500",,"0,050","2,4559","0,204",,
4iodo-2tetrahydroacridin,160,"-54,4",1,0,151,9,"0,205","0,563",,"0,056","2,7456","0,205",,
4iodo-3tetrahydroacridindecoy6,161,"-54,3",0,1,152,9,"0,206","0,563",,"0,056","2,7286","0,206",,
2iodo-2tetrahydroacridindecoy13,162,"-54,3",0,1,153,9,"0,207","0,563",,"0,056","2,7117","0,207",,
4iodo-3tetrahydroacridindecoy47,163,"-54,3",0,1,154,9,"0,209","0,563",,"0,055","2,6951","0,209",,
Donepezildecoy30,164,"-54,2",0,1,155,9,"0,210","0,563",,"0,055","2,6787","0,210",,
4iodo-4tetrahydroacridindecoy39,165,"-54,2",0,1,156,9,"0,211","0,563",,"0,055","2,6624","0,211",,
2iodo-2tetrahydroacridindecoy14,166,"-54,1",0,1,157,9,"0,213","0,563",,"0,054","2,6464","0,213",,
4iodo-3tetrahydroacridindecoy42,167,"-54,1",0,1,158,9,"0,214","0,563",,"0,054","2,6306","0,214",,
2iodo-3tetrahydroacridindecoy17,168,"-54,1",0,1,159,9,"0,215","0,563",,"0,054","2,6149","0,215",,
Donepezildecoy21,169,"-53,9",0,1,160,9,"0,216","0,563",,"0,053","2,5994","0,216",,
3iodo-2tetrahydroacridindecoy45,170,"-53,9",0,1,161,9,"0,218","0,563",,"0,053","2,5841","0,218",,
Bis-tacrinedecoy1,171,"-53,8",0,1,162,9,"0,219","0,563",,"0,053","2,5690","0,219",,
3iodo-4tetrahydroacridindecoy32,172,"-53,8",0,1,163,9,"0,220","0,563",,"0,052","2,5541","0,220",,
Heptyl-physostigminedecoy44,173,"-53,8",0,1,164,9,"0,222","0,563",,"0,052","2,5393","0,222",,
Heptyl-physostigminedecoy33,174,"-53,8",0,1,165,9,"0,223","0,563",,"0,052","2,5247","0,223",,
Donepezildecoy18,175,"-53,8",0,1,166,9,"0,224","0,563",,"0,051","2,5103","0,224",,
2iodo-4tetrahydroacridindecoy46,176,"-53,7",0,1,167,9,"0,225","0,563",,"0,051","2,4960","0,225",,
2iodo-4tetrahydroacridindecoy7,177,"-53,7",0,1,168,9,"0,227","0,563",,"0,051","2,4819","0,227",,
Bis-tacrinedecoy6,178,"-53,7",0,1,169,9,"0,228","0,563",,"0,051","2,4680","0,228",,
Bis-tacrinedecoy40,179,"-53,6",0,1,170,9,"0,229","0,563",,"0,050","2,4542","0,229",,
2iodo-4tetrahydroacridindecoy34,180,"-53,6",0,1,171,9,"0,230","0,563",,"0,050","2,4406","0,230",,
Bis-tacrinedecoy50,181,"-53,5",0,1,172,9,"0,232","0,563",,"0,050","2,4271","0,232",,
2iodo-3tetrahydroacridindecoy27,182,"-53,4",0,1,173,9,"0,233","0,563",,"0,049","2,4138","0,233",,
4iodo-3tetrahydroacridindecoy33,183,"-53,4",0,1,174,9,"0,234","0,563",,"0,049","2,4006","0,234",,
Tolserinedecoy49,184,"-53,4",0,1,175,9,"0,236","0,563",,"0,049","2,3875","0,236",,
4iodo-3tetrahydroacridindecoy16,185,"-53,4",0,1,176,9,"0,237","0,563",,"0,049","2,3746","0,237",,
3iodo-2tetrahydroacridindecoy33,186,"-53,2",0,1,177,9,"0,238","0,563",,"0,048","2,3618","0,238",,
4iodo-3tetrahydroacridindecoy12,187,"-53,2",0,1,178,9,"0,239","0,563",,"0,048","2,3492","0,239",,
2iodo-4tetrahydroacridindecoy9,188,"-53,2",0,1,179,9,"0,241","0,563",,"0,048","2,3367","0,241",,
4iodo-2tetrahydroacridindecoy23,189,"-53,2",0,1,180,9,"0,242","0,563",,"0,048","2,3244","0,242",,
2iodo-4tetrahydroacridindecoy21,190,"-53,1",0,1,181,9,"0,243","0,563",,"0,047","2,3121","0,243",,
2iodo-3tetrahydroacridindecoy12,191,"-53,1",0,1,182,9,"0,245","0,563",,"0,047","2,3000","0,245",,
3iodo-2tetrahydroacridindecoy12,192,"-53,1",0,1,183,9,"0,246","0,563",,"0,047","2,2880","0,246",,
3iodo-2tetrahydroacridindecoy15,193,"-53,1",0,1,184,9,"0,247","0,563",,"0,047","2,2762","0,247",,
2iodo-4tetrahydroacridindecoy8,194,"-53,1",0,1,185,9,"0,248","0,563",,"0,046","2,2644","0,248",,
2iodo-2tetrahydroacridindecoy47,195,"-53,1",0,1,186,9,"0,250","0,563",,"0,046","2,2528","0,250",,
4iodo-3tetrahydroacridindecoy22,196,"-53,0",0,1,187,9,"0,251","0,563",,"0,046","2,2413","0,251",,
4iodo-4tetrahydroacridindecoy31,197,"-53,0",0,1,188,9,"0,252","0,563",,"0,046","2,2300","0,252",,
Tolserinedecoy36,198,"-52,9",0,1,189,9,"0,254","0,563",,"0,045","2,2187","0,254",,
4iodo-4tetrahydroacridindecoy35,199,"-52,9",0,1,190,9,"0,255","0,563",,"0,045","2,2076","0,255",,
Donepezildecoy28,200,"-52,9",0,1,191,9,"0,256","0,563",,"0,045","2,1965","0,256",,
Donepezildecoy49,201,"-52,9",0,1,192,9,"0,257","0,563",,"0,045","2,1856","0,257",,
Donepezildecoy19,202,"-52,9",0,1,193,9,"0,259","0,563",,"0,045","2,1748","0,259",,
3iodo-2tetrahydroacridindecoy16,203,"-52,9",0,1,194,9,"0,260","0,563",,"0,044","2,1641","0,260",,
Heptyl-physostigminedecoy30,204,"-52,9",0,1,195,9,"0,261","0,563",,"0,044","2,1534","0,261",,
4iodo-3tetrahydroacridindecoy25,205,"-52,8",0,1,196,9,"0,262","0,563",,"0,044","2,1429","0,262",,
Heptyl-physostigminedecoy5,206,"-52,8",0,1,197,9,"0,264","0,563",,"0,044","2,1325","0,264",,
Bis-tacrinedecoy39,207,"-52,8",0,1,198,9,"0,265","0,563",,"0,043","2,1222","0,265",,
3iodo-4tetrahydroacridindecoy15,208,"-52,7",0,1,199,9,"0,266","0,563",,"0,043","2,1120","0,266",,
4iodo-3tetrahydroacridindecoy40,209,"-52,7",0,1,200,9,"0,268","0,563",,"0,043","2,1019","0,268",,
4iodo-2tetrahydroacridindecoy10,210,"-52,7",0,1,201,9,"0,269","0,563",,"0,043","2,0919","0,269",,
4iodo-2tetrahydroacridindecoy42,211,"-52,6",0,1,202,9,"0,270","0,563",,"0,043","2,0820","0,270",,
Donepezil,212,"-52,6",1,0,202,10,"0,271","0,625",,"0,047","2,3024","0,271",,
4iodo-3tetrahydroacridindecoy2,213,"-52,6",0,1,203,10,"0,273","0,625",,"0,047","2,2916","0,273",,
3iodo-2tetrahydroacridindecoy21,214,"-52,6",0,1,204,10,"0,274","0,625",,"0,047","2,2809","0,274",,
Donepezildecoy4,215,"-52,6",0,1,205,10,"0,275","0,625",,"0,047","2,2703","0,275",,
3iodo-2tetrahydroacridindecoy37,216,"-52,5",0,1,206,10,"0,277","0,625",,"0,046","2,2598","0,277",,
2iodo-2tetrahydroacridindecoy8,217,"-52,5",0,1,207,10,"0,278","0,625",,"0,046","2,2494","0,278",,
4iodo-3tetrahydroacridindecoy15,218,"-52,5",0,1,208,10,"0,279","0,625",,"0,046","2,2391","0,279",,
Heptyl-physostigminedecoy37,219,"-52,5",0,1,209,10,"0,280","0,625",,"0,046","2,2288","0,280",,
2iodo-4tetrahydroacridindecoy44,220,"-52,4",0,1,210,10,"0,282","0,625",,"0,045","2,2187","0,282",,
4iodo-3tetrahydroacridindecoy43,221,"-52,4",0,1,211,10,"0,283","0,625",,"0,045","2,2087","0,283",,
Heptyl-physostigminedecoy4,222,"-52,4",0,1,212,10,"0,284","0,625",,"0,045","2,1987","0,284",,
Donepezildecoy31,223,"-52,4",0,1,213,10,"0,286","0,625",,"0,045","2,1889","0,286",,
2iodo-2tetrahydroacridindecoy40,224,"-52,3",0,1,214,10,"0,287","0,625",,"0,045","2,1791","0,287",,
3iodo-2tetrahydroacridindecoy20,225,"-52,3",0,1,215,10,"0,288","0,625",,"0,044","2,1694","0,288",,
Bis-tacrinedecoy43,226,"-52,3",0,1,216,10,"0,289","0,625",,"0,044","2,1598","0,289",,
3iodo-2tetrahydroacridindecoy28,227,"-52,3",0,1,217,10,"0,291","0,625",,"0,044","2,1503","0,291",,
4iodo-3tetrahydroacridindecoy1,228,"-52,3",0,1,218,10,"0,292","0,625",,"0,044","2,1409","0,292",,
Donepezildecoy35,229,"-52,2",0,1,219,10,"0,293","0,625",,"0,044","2,1315","0,293",,
4iodo-4tetrahydroacridindecoy29,230,"-52,2",0,1,220,10,"0,294","0,625",,"0,043","2,1222","0,294",,
3iodo-2tetrahydroacridindecoy7,231,"-52,1",0,1,221,10,"0,296","0,625",,"0,043","2,1130","0,296",,
3iodo-4tetrahydroacridindecoy8,232,"-52,1",0,1,222,10,"0,297","0,625",,"0,043","2,1039","0,297",,
Donepezildecoy12,233,"-52,1",0,1,223,10,"0,298","0,625",,"0,043","2,0949","0,298",,
2iodo-4tetrahydroacridindecoy32,234,"-52,1",0,1,224,10,"0,300","0,625",,"0,043","2,0860","0,300",,
2iodo-3tetrahydroacridindecoy43,235,"-52,0",0,1,225,10,"0,301","0,625",,"0,043","2,0771","0,301",,
Donepezildecoy39,236,"-52,0",0,1,226,10,"0,302","0,625",,"0,042","2,0683","0,302",,
2iodo-3tetrahydroacridindecoy46,237,"-52,0",0,1,227,10,"0,303","0,625",,"0,042","2,0596","0,303",,
4iodo-3tetrahydroacridindecoy26,238,"-51,8",0,1,228,10,"0,305","0,625",,"0,042","2,0509","0,305",,
Heptyl-physostigminedecoy43,239,"-51,8",0,1,229,10,"0,306","0,625",,"0,042","2,0423","0,306",,
2iodo-2tetrahydroacridindecoy24,240,"-51,8",0,1,230,10,"0,307","0,625",,"0,042","2,0338","0,307",,
3iodo-4tetrahydroacridindecoy46,241,"-51,8",0,1,231,10,"0,309","0,625",,"0,041","2,0254","0,309",,
Tolserinedecoy5,242,"-51,8",0,1,232,10,"0,310","0,625",,"0,041","2,0170","0,310",,
4iodo-4tetrahydroacridindecoy41,243,"-51,8",0,1,233,10,"0,311","0,625",,"0,041","2,0087","0,311",,
4iodo-4tetrahydroacridindecoy43,244,"-51,8",0,1,234,10,"0,312","0,625",,"0,041","2,0005","0,312",,
2iodo-3tetrahydroacridindecoy28,245,"-51,7",0,1,235,10,"0,314","0,625",,"0,041","1,9923","0,314",,
Donepezildecoy3,246,"-51,6",0,1,236,10,"0,315","0,625",,"0,041","1,9842","0,315",,
Donepezildecoy47,247,"-51,6",0,1,237,10,"0,316","0,625",,"0,040","1,9762","0,316",,
2iodo-4tetrahydroacridindecoy12,248,"-51,6",0,1,238,10,"0,318","0,625",,"0,040","1,9682","0,318",,
2iodo-4tetrahydroacridindecoy45,249,"-51,6",0,1,239,10,"0,319","0,625",,"0,040","1,9603","0,319",,
4iodo-3tetrahydroacridindecoy9,250,"-51,6",0,1,240,10,"0,320","0,625",,"0,040","1,9525","0,320",,
Donepezildecoy44,251,"-51,6",0,1,241,10,"0,321","0,625",,"0,040","1,9447","0,321",,
2iodo-3tetrahydroacridindecoy42,252,"-51,5",0,1,242,10,"0,323","0,625",,"0,040","1,9370","0,323",,
4iodo-4tetrahydroacridindecoy7,253,"-51,5",0,1,243,10,"0,324","0,625",,"0,040","1,9293","0,324",,
Donepezildecoy23,254,"-51,5",0,1,244,10,"0,325","0,625",,"0,039","1,9217","0,325",,
2iodo-3tetrahydroacridindecoy21,255,"-51,5",0,1,245,10,"0,327","0,625",,"0,039","1,9142","0,327",,
Donepezildecoy45,256,"-51,5",0,1,246,10,"0,328","0,625",,"0,039","1,9067","0,328",,
Donepezildecoy37,257,"-51,4",0,1,247,10,"0,329","0,625",,"0,039","1,8993","0,329",,
Heptyl-physostigminedecoy9,258,"-51,4",0,1,248,10,"0,330","0,625",,"0,039","1,8919","0,330",,
4iodo-2tetrahydroacridindecoy34,259,"-51,4",0,1,249,10,"0,332","0,625",,"0,039","1,8846","0,332",,
Donepezildecoy7,260,"-51,4",0,1,250,10,"0,333","0,625",,"0,038","1,8774","0,333",,
Donepezildecoy48,261,"-51,4",0,1,251,10,"0,334","0,625",,"0,038","1,8702","0,334",,
2iodo-4tetrahydroacridindecoy31,262,"-51,4",0,1,252,10,"0,335","0,625",,"0,038","1,8630","0,335",,
3iodo-2tetrahydroacridindecoy43,263,"-51,4",0,1,253,10,"0,337","0,625",,"0,038","1,8559","0,337",,
Heptyl-physostigminedecoy23,264,"-51,4",0,1,254,10,"0,338","0,625",,"0,038","1,8489","0,338",,
4iodo-2tetrahydroacridindecoy21,265,"-51,4",0,1,255,10,"0,339","0,625",,"0,038","1,8419","0,339",,
2iodo-4tetrahydroacridindecoy20,266,"-51,3",0,1,256,10,"0,341","0,625",,"0,038","1,8350","0,341",,
Donepezildecoy32,267,"-51,3",0,1,257,10,"0,342","0,625",,"0,037","1,8281","0,342",,
4iodo-2tetrahydroacridindecoy22,268,"-51,2",0,1,258,10,"0,343","0,625",,"0,037","1,8213","0,343",,
Heptyl-physostigminedecoy8,269,"-51,1",0,1,259,10,"0,344","0,625",,"0,037","1,8146","0,344",,
Donepezildecoy13,270,"-51,1",0,1,260,10,"0,346","0,625",,"0,037","1,8078","0,346",,
4iodo-2tetrahydroacridindecoy44,271,"-51,1",0,1,261,10,"0,347","0,625",,"0,037","1,8012","0,347",,
4iodo-4tetrahydroacridindecoy21,272,"-51,1",0,1,262,10,"0,348","0,625",,"0,037","1,7945","0,348",,
2iodo-2tetrahydroacridindecoy23,273,"-51,0",0,1,263,10,"0,350","0,625",,"0,037","1,7880","0,350",,
Donepezildecoy22,274,"-51,0",0,1,264,10,"0,351","0,625",,"0,036","1,7814","0,351",,
2iodo-2tetrahydroacridindecoy11,275,"-51,0",0,1,265,10,"0,352","0,625",,"0,036","1,7750","0,352",,
4iodo-4tetrahydroacridindecoy34,276,"-51,0",0,1,266,10,"0,353","0,625",,"0,036","1,7685","0,353",,
4iodo-2tetrahydroacridindecoy12,277,"-50,9",0,1,267,10,"0,355","0,625",,"0,036","1,7621","0,355",,
Tolserinedecoy32,278,"-50,9",0,1,268,10,"0,356","0,625",,"0,036","1,7558","0,356",,
2iodo-2tetrahydroacridindecoy16,279,"-50,9",0,1,269,10,"0,357","0,625",,"0,036","1,7495","0,357",,
2iodo-4tetrahydroacridindecoy10,280,"-50,8",0,1,270,10,"0,359","0,625",,"0,036","1,7433","0,359",,
2iodo-2tetrahydroacridindecoy35,281,"-50,8",0,1,271,10,"0,360","0,625",,"0,036","1,7371","0,360",,
4iodo-2tetrahydroacridindecoy36,282,"-50,8",0,1,272,10,"0,361","0,625",,"0,035","1,7309","0,361",,
2iodo-3tetrahydroacridindecoy24,283,"-50,7",0,1,273,10,"0,362","0,625",,"0,035","1,7248","0,362",,
2iodo-2tetrahydroacridindecoy46,284,"-50,6",0,1,274,10,"0,364","0,625",,"0,035","1,7187","0,364",,
2iodo-3tetrahydroacridindecoy41,285,"-50,6",0,1,275,10,"0,365","0,625",,"0,035","1,7127","0,365",,
Heptyl-physostigminedecoy10,286,"-50,6",0,1,276,10,"0,366","0,625",,"0,035","1,7067","0,366",,
Heptyl-physostigminedecoy19,287,"-50,6",0,1,277,10,"0,367","0,625",,"0,035","1,7007","0,367",,
4iodo-2tetrahydroacridindecoy4,288,"-50,6",0,1,278,10,"0,369","0,625",,"0,035","1,6948","0,369",,
2iodo-4tetrahydroacridindecoy35,289,"-50,5",0,1,279,10,"0,370","0,625",,"0,035","1,6890","0,370",,
Tolserinedecoy11,290,"-50,5",0,1,280,10,"0,371","0,625",,"0,034","1,6832","0,371",,
Heptyl-physostigminedecoy18,291,"-50,5",0,1,281,10,"0,373","0,625",,"0,034","1,6774","0,373",,
2iodo-4tetrahydroacridindecoy36,292,"-50,5",0,1,282,10,"0,374","0,625",,"0,034","1,6716","0,374",,
Donepezildecoy41,293,"-50,5",0,1,283,10,"0,375","0,625",,"0,034","1,6659","0,375",,
4iodo-3tetrahydroacridindecoy5,294,"-50,4",0,1,284,10,"0,376","0,625",,"0,034","1,6603","0,376",,
Tolserinedecoy50,295,"-50,4",0,1,285,10,"0,378","0,625",,"0,034","1,6546","0,378",,
3iodo-2tetrahydroacridindecoy9,296,"-50,3",0,1,286,10,"0,379","0,625",,"0,034","1,6490","0,379",,
Donepezildecoy2,297,"-50,3",0,1,287,10,"0,380","0,625",,"0,034","1,6435","0,380",,
2iodo-3tetrahydroacridindecoy11,298,"-50,3",0,1,288,10,"0,382","0,625",,"0,034","1,6380","0,382",,
3iodo-4tetrahydroacridindecoy7,299,"-50,3",0,1,289,10,"0,383","0,625",,"0,033","1,6325","0,383",,
4iodo-3tetrahydroacridindecoy11,300,"-50,3",0,1,290,10,"0,384","0,625",,"0,033","1,6270","0,384",,
Tolserinedecoy23,301,"-50,2",0,1,291,10,"0,385","0,625",,"0,033","1,6216","0,385",,
Heptyl-physostigminedecoy41,302,"-50,2",0,1,292,10,"0,387","0,625",,"0,033","1,6163","0,387",,
4iodo-2tetrahydroacridindecoy29,303,"-50,1",0,1,293,10,"0,388","0,625",,"0,033","1,6109","0,388",,
2iodo-2tetrahydroacridindecoy12,304,"-50,1",0,1,294,10,"0,389","0,625",,"0,033","1,6056","0,389",,
Donepezildecoy26,305,"-50,1",0,1,295,10,"0,391","0,625",,"0,033","1,6004","0,391",,
Heptyl-physostigminedecoy7,306,"-50,1",0,1,296,10,"0,392","0,625",,"0,033","1,5951","0,392",,
2iodo-3tetrahydroacridindecoy6,307,"-50,0",0,1,297,10,"0,393","0,625",,"0,033","1,5899","0,393",,
4iodo-2tetrahydroacridindecoy7,308,"-50,0",0,1,298,10,"0,394","0,625",,"0,032","1,5848","0,394",,
2iodo-2tetrahydroacridindecoy18,309,"-50,0",0,1,299,10,"0,396","0,625",,"0,032","1,5797","0,396",,
Heptyl-physostigminedecoy38,310,"-50,0",0,1,300,10,"0,397","0,625",,"0,032","1,5746","0,397",,
Heptyl-physostigminedecoy50,311,"-50,0",0,1,301,10,"0,398","0,625",,"0,032","1,5695","0,398",,
Heptyl-physostigminedecoy32,312,"-49,9",0,1,302,10,"0,399","0,625",,"0,032","1,5645","0,399",,
Heptyl-physostigminedecoy31,313,"-49,9",0,1,303,10,"0,401","0,625",,"0,032","1,5595","0,401",,
2iodo-3tetrahydroacridindecoy8,314,"-49,9",0,1,304,10,"0,402","0,625",,"0,032","1,5545","0,402",,
3iodo-4tetrahydroacridindecoy10,315,"-49,8",0,1,305,10,"0,403","0,625",,"0,032","1,5496","0,403",,
Heptyl-physostigminedecoy14,316,"-49,8",0,1,306,10,"0,405","0,625",,"0,032","1,5447","0,405",,
2iodo-2tetrahydroacridindecoy31,317,"-49,8",0,1,307,10,"0,406","0,625",,"0,032","1,5398","0,406",,
Heptyl-physostigmine,318,"-49,7",1,0,307,11,"0,407","0,688",,"0,035","1,6884","0,407",,
2iodo-2tetrahydroacridindecoy30,319,"-49,7",0,1,308,11,"0,408","0,688",,"0,034","1,6832","0,408",,
4iodo-3tetrahydroacridindecoy24,320,"-49,7",0,1,309,11,"0,410","0,688",,"0,034","1,6779","0,410",,
2iodo-2tetrahydroacridindecoy10,321,"-49,7",0,1,310,11,"0,411","0,688",,"0,034","1,6727","0,411",,
Donepezildecoy15,322,"-49,7",0,1,311,11,"0,412","0,688",,"0,034","1,6675","0,412",,
Donepezildecoy25,323,"-49,6",0,1,312,11,"0,414","0,688",,"0,034","1,6623","0,414",,
Tolserinedecoy8,324,"-49,6",0,1,313,11,"0,415","0,688",,"0,034","1,6572","0,415",,
Donepezildecoy36,325,"-49,6",0,1,314,11,"0,416","0,688",,"0,034","1,6521","0,416",,
Heptyl-physostigminedecoy1,326,"-49,5",0,1,315,11,"0,417","0,688",,"0,034","1,6470","0,417",,
2iodo-4tetrahydroacridindecoy49,327,"-49,5",0,1,316,11,"0,419","0,688",,"0,034","1,6420","0,419",,
4iodo-3tetrahydroacridindecoy21,328,"-49,5",0,1,317,11,"0,420","0,688",,"0,034","1,6370","0,420",,
Bis-tacrinedecoy21,329,"-49,5",0,1,318,11,"0,421","0,688",,"0,033","1,6320","0,421",,
4iodo-2tetrahydroacridindecoy5,330,"-49,5",0,1,319,11,"0,423","0,688",,"0,033","1,6270","0,423",,
2iodo-3tetrahydroacridindecoy26,331,"-49,4",0,1,320,11,"0,424","0,688",,"0,033","1,6221","0,424",,
Heptyl-physostigminedecoy27,332,"-49,4",0,1,321,11,"0,425","0,688",,"0,033","1,6172","0,425",,
Donepezildecoy33,333,"-49,4",0,1,322,11,"0,426","0,688",,"0,033","1,6124","0,426",,
3iodo-2tetrahydroacridindecoy6,334,"-49,4",0,1,323,11,"0,428","0,688",,"0,033","1,6076","0,428",,
3iodo-2tetrahydroacridindecoy30,335,"-49,4",0,1,324,11,"0,429","0,688",,"0,033","1,6028","0,429",,
2iodo-3tetrahydroacridindecoy15,336,"-49,4",0,1,325,11,"0,430","0,688",,"0,033","1,5980","0,430",,
3iodo-4tetrahydroacridindecoy31,337,"-49,4",0,1,326,11,"0,431","0,688",,"0,033","1,5933","0,431",,
3iodo-4tetrahydroacridindecoy49,338,"-49,3",0,1,327,11,"0,433","0,688",,"0,033","1,5885","0,433",,
2iodo-2tetrahydroacridindecoy2,339,"-49,3",0,1,328,11,"0,434","0,688",,"0,032","1,5839","0,434",,
2iodo-3tetrahydroacridindecoy18,340,"-49,3",0,1,329,11,"0,435","0,688",,"0,032","1,5792","0,435",,
2iodo-2tetrahydroacridindecoy7,341,"-49,3",0,1,330,11,"0,437","0,688",,"0,032","1,5746","0,437",,
Bis-tacrinedecoy22,342,"-49,3",0,1,331,11,"0,438","0,688",,"0,032","1,5700","0,438",,
Heptyl-physostigminedecoy24,343,"-49,3",0,1,332,11,"0,439","0,688",,"0,032","1,5654","0,439",,
4iodo-3tetrahydroacridindecoy23,344,"-49,3",0,1,333,11,"0,440","0,688",,"0,032","1,5608","0,440",,
4iodo-3tetrahydroacridindecoy20,345,"-49,2",0,1,334,11,"0,442","0,688",,"0,032","1,5563","0,442",,
Heptyl-physostigminedecoy39,346,"-49,1",0,1,335,11,"0,443","0,688",,"0,032","1,5518","0,443",,
2iodo-3tetrahydroacridindecoy5,347,"-49,1",0,1,336,11,"0,444","0,688",,"0,032","1,5473","0,444",,
Heptyl-physostigminedecoy11,348,"-49,1",0,1,337,11,"0,446","0,688",,"0,032","1,5429","0,446",,
2iodo-3tetrahydroacridindecoy3,349,"-49,1",0,1,338,11,"0,447","0,688",,"0,032","1,5385","0,447",,
2iodo-2tetrahydroacridindecoy17,350,"-49,1",0,1,339,11,"0,448","0,688",,"0,031","1,5341","0,448",,
4iodo-2tetrahydroacridindecoy50,351,"-49,1",0,1,340,11,"0,449","0,688",,"0,031","1,5297","0,449",,
Heptyl-physostigminedecoy40,352,"-49,0",0,1,341,11,"0,451","0,688",,"0,031","1,5254","0,451",,
2iodo-4tetrahydroacridindecoy2,353,"-49,0",0,1,342,11,"0,452","0,688",,"0,031","1,5210","0,452",,
2iodo-4tetrahydroacridindecoy5,354,"-49,0",0,1,343,11,"0,453","0,688",,"0,031","1,5167","0,453",,
4iodo-4tetrahydroacridindecoy40,355,"-48,9",0,1,344,11,"0,455","0,688",,"0,031","1,5125","0,455",,
3iodo-2tetrahydroacridindecoy35,356,"-48,9",0,1,345,11,"0,456","0,688",,"0,031","1,5082","0,456",,
Tolserinedecoy21,357,"-48,9",0,1,346,11,"0,457","0,688",,"0,031","1,5040","0,457",,
3iodo-4tetrahydroacridindecoy48,358,"-48,9",0,1,347,11,"0,458","0,688",,"0,031","1,4998","0,458",,
3iodo-2tetrahydroacridindecoy22,359,"-48,8",0,1,348,11,"0,460","0,688",,"0,031","1,4956","0,460",,
Heptyl-physostigminedecoy45,360,"-48,8",0,1,349,11,"0,461","0,688",,"0,031","1,4915","0,461",,
Donepezildecoy17,361,"-48,7",0,1,350,11,"0,462","0,688",,"0,030","1,4873","0,462",,
3iodo-2tetrahydroacridindecoy2,362,"-48,7",0,1,351,11,"0,464","0,688",,"0,030","1,4832","0,464",,
2iodo-4tetrahydroacridindecoy38,363,"-48,7",0,1,352,11,"0,465","0,688",,"0,030","1,4791","0,465",,
Tolserinedecoy44,364,"-48,7",0,1,353,11,"0,466","0,688",,"0,030","1,4751","0,466",,
2iodo-4tetrahydroacridindecoy4,365,"-48,7",0,1,354,11,"0,467","0,688",,"0,030","1,4710","0,467",,
Tolserinedecoy10,366,"-48,7",0,1,355,11,"0,469","0,688",,"0,030","1,4670","0,469",,
Donepezildecoy20,367,"-48,7",0,1,356,11,"0,470","0,688",,"0,030","1,4630","0,470",,
4iodo-3tetrahydroacridindecoy7,368,"-48,7",0,1,357,11,"0,471","0,688",,"0,030","1,4590","0,471",,
3iodo-2tetrahydroacridindecoy3,369,"-48,6",0,1,358,11,"0,472","0,688",,"0,030","1,4551","0,472",,
4iodo-2tetrahydroacridindecoy20,370,"-48,6",0,1,359,11,"0,474","0,688",,"0,030","1,4512","0,474",,
2iodo-2tetrahydroacridindecoy22,371,"-48,6",0,1,360,11,"0,475","0,688",,"0,030","1,4472","0,475",,
4iodo-2tetrahydroacridindecoy46,372,"-48,5",0,1,361,11,"0,476","0,688",,"0,030","1,4433","0,476",,
3iodo-2tetrahydroacridindecoy34,373,"-48,5",0,1,362,11,"0,478","0,688",,"0,029","1,4395","0,478",,
4iodo-2tetrahydroacridindecoy17,374,"-48,5",0,1,363,11,"0,479","0,688",,"0,029","1,4356","0,479",,
2iodo-4tetrahydroacridindecoy42,375,"-48,5",0,1,364,11,"0,480","0,688",,"0,029","1,4318","0,480",,
Tolserinedecoy33,376,"-48,4",0,1,365,11,"0,481","0,688",,"0,029","1,4280","0,481",,
2iodo-3tetrahydroacridindecoy2,377,"-48,4",0,1,366,11,"0,483","0,688",,"0,029","1,4242","0,483",,
Donepezildecoy46,378,"-48,4",0,1,367,11,"0,484","0,688",,"0,029","1,4204","0,484",,
Tolserinedecoy2,379,"-48,4",0,1,368,11,"0,485","0,688",,"0,029","1,4167","0,485",,
4iodo-4tetrahydroacridindecoy36,380,"-48,3",0,1,369,11,"0,487","0,688",,"0,029","1,4130","0,487",,
4iodo-4tetrahydroacridindecoy24,381,"-48,3",0,1,370,11,"0,488","0,688",,"0,029","1,4093","0,488",,
2iodo-2tetrahydroacridindecoy9,382,"-48,3",0,1,371,11,"0,489","0,688",,"0,029","1,4056","0,489",,
4iodo-4tetrahydroacridindecoy12,383,"-48,3",0,1,372,11,"0,490","0,688",,"0,029","1,4019","0,490",,
4iodo-2tetrahydroacridindecoy3,384,"-48,3",0,1,373,11,"0,492","0,688",,"0,029","1,3982","0,492",,
4iodo-2tetrahydroacridindecoy32,385,"-48,2",0,1,374,11,"0,493","0,688",,"0,029","1,3946","0,493",,
2iodo-2tetrahydroacridindecoy42,386,"-48,2",0,1,375,11,"0,494","0,688",,"0,028","1,3910","0,494",,
Donepezildecoy8,387,"-48,2",0,1,376,11,"0,496","0,688",,"0,028","1,3874","0,496",,
Tolserinedecoy34,388,"-48,2",0,1,377,11,"0,497","0,688",,"0,028","1,3838","0,497",,
4iodo-2tetrahydroacridindecoy2,389,"-48,2",0,1,378,11,"0,498","0,688",,"0,028","1,3803","0,498",,
2iodo-3tetrahydroacridindecoy44,390,"-48,1",0,1,379,11,"0,499","0,688",,"0,028","1,3767","0,499",,
4iodo-3tetrahydroacridindecoy3,391,"-48,1",0,1,380,11,"0,501","0,688",,"0,028","1,3732","0,501",,
Donepezildecoy24,392,"-48,1",0,1,381,11,"0,502","0,688",,"0,028","1,3697","0,502",,
4iodo-3tetrahydroacridindecoy48,393,"-48,0",0,1,382,11,"0,503","0,688",,"0,028","1,3662","0,503",,
Tolserinedecoy12,394,"-48,0",0,1,383,11,"0,504","0,688",,"0,028","1,3628","0,504",,
4iodo-2tetrahydroacridindecoy45,395,"-48,0",0,1,384,11,"0,506","0,688",,"0,028","1,3593","0,506",,
2iodo-3tetrahydroacridindecoy1,396,"-48,0",0,1,385,11,"0,507","0,688",,"0,028","1,3559","0,507",,
4iodo-3tetrahydroacridindecoy4,397,"-47,9",0,1,386,11,"0,508","0,688",,"0,028","1,3525","0,508",,
3iodo-2tetrahydroacridindecoy19,398,"-47,9",0,1,387,11,"0,510","0,688",,"0,028","1,3491","0,510",,
Heptyl-physostigminedecoy49,399,"-47,8",0,1,388,11,"0,511","0,688",,"0,028","1,3457","0,511",,
3iodo-4tetrahydroacridindecoy44,400,"-47,8",0,1,389,11,"0,512","0,688",,"0,028","1,3423","0,512",,
Heptyl-physostigminedecoy46,401,"-47,7",0,1,390,11,"0,513","0,688",,"0,027","1,3390","0,513",,
4iodo-2tetrahydroacridindecoy8,402,"-47,6",0,1,391,11,"0,515","0,688",,"0,027","1,3356","0,515",,
3iodo-4tetrahydroacridindecoy37,403,"-47,6",0,1,392,11,"0,516","0,688",,"0,027","1,3323","0,516",,
3iodo-2tetrahydroacridindecoy14,404,"-47,6",0,1,393,11,"0,517","0,688",,"0,027","1,3290","0,517",,
2iodo-4tetrahydroacridindecoy3,405,"-47,6",0,1,394,11,"0,519","0,688",,"0,027","1,3257","0,519",,
Tolserinedecoy17,406,"-47,5",0,1,395,11,"0,520","0,688",,"0,027","1,3225","0,520",,
3iodo-4tetrahydroacridindecoy47,407,"-47,5",0,1,396,11,"0,521","0,688",,"0,027","1,3192","0,521",,
3iodo-2tetrahydroacridindecoy42,408,"-47,5",0,1,397,11,"0,522","0,688",,"0,027","1,3160","0,522",,
2iodo-2tetrahydroacridindecoy41,409,"-47,5",0,1,398,11,"0,524","0,688",,"0,027","1,3128","0,524",,
Tolserinedecoy18,410,"-47,5",0,1,399,11,"0,525","0,688",,"0,027","1,3096","0,525",,
4iodo-4tetrahydroacridindecoy2,411,"-47,5",0,1,400,11,"0,526","0,688",,"0,027","1,3064","0,526",,
Tolserinedecoy19,412,"-47,5",0,1,401,11,"0,528","0,688",,"0,027","1,3032","0,528",,
4iodo-4tetrahydroacridindecoy5,413,"-47,4",0,1,402,11,"0,529","0,688",,"0,027","1,3001","0,529",,
2iodo-2tetrahydroacridindecoy6,414,"-47,3",0,1,403,11,"0,530","0,688",,"0,027","1,2969","0,530",,
Heptyl-physostigminedecoy42,415,"-47,3",0,1,404,11,"0,531","0,688",,"0,027","1,2938","0,531",,
Tolserinedecoy9,416,"-47,3",0,1,405,11,"0,533","0,688",,"0,026","1,2907","0,533",,
Tolserinedecoy26,417,"-47,3",0,1,406,11,"0,534","0,688",,"0,026","1,2876","0,534",,
3iodo-4tetrahydroacridindecoy43,418,"-47,2",0,1,407,11,"0,535","0,688",,"0,026","1,2845","0,535",,
4iodo-3tetrahydroacridindecoy32,419,"-47,2",0,1,408,11,"0,536","0,688",,"0,026","1,2814","0,536",,
Donepezildecoy34,420,"-47,2",0,1,409,11,"0,538","0,688",,"0,026","1,2784","0,538",,
4iodo-3tetrahydroacridindecoy8,421,"-47,1",0,1,410,11,"0,539","0,688",,"0,026","1,2754","0,539",,
3iodo-4tetrahydroacridindecoy26,422,"-47,1",0,1,411,11,"0,540","0,688",,"0,026","1,2723","0,540",,
2iodo-3tetrahydroacridindecoy10,423,"-47,0",0,1,412,11,"0,542","0,688",,"0,026","1,2693","0,542",,
2iodo-3tetrahydroacridindecoy37,424,"-47,0",0,1,413,11,"0,543","0,688",,"0,026","1,2663","0,543",,
4iodo-3tetrahydroacridindecoy30,425,"-47,0",0,1,414,11,"0,544","0,688",,"0,026","1,2634","0,544",,
2iodo-2tetrahydroacridindecoy3,426,"-47,0",0,1,415,11,"0,545","0,688",,"0,026","1,2604","0,545",,
3iodo-2tetrahydroacridindecoy44,427,"-46,9",0,1,416,11,"0,547","0,688",,"0,026","1,2574","0,547",,
2iodo-3tetrahydroacridindecoy25,428,"-46,8",0,1,417,11,"0,548","0,688",,"0,026","1,2545","0,548",,
3iodo-2tetrahydroacridindecoy32,429,"-46,8",0,1,418,11,"0,549","0,688",,"0,026","1,2516","0,549",,
3iodo-4tetrahydroacridindecoy33,430,"-46,8",0,1,419,11,"0,551","0,688",,"0,026","1,2487","0,551",,
Donepezildecoy9,431,"-46,7",0,1,420,11,"0,552","0,688",,"0,026","1,2458","0,552",,
Heptyl-physostigminedecoy47,432,"-46,7",0,1,421,11,"0,553","0,688",,"0,025","1,2429","0,553",,
Bis-tacrinedecoy48,433,"-46,7",0,1,422,11,"0,554","0,688",,"0,025","1,2400","0,554",,
4iodo-4tetrahydroacridindecoy37,434,"-46,7",0,1,423,11,"0,556","0,688",,"0,025","1,2372","0,556",,
Tolserinedecoy24,435,"-46,6",0,1,424,11,"0,557","0,688",,"0,025","1,2343","0,557",,
4iodo-2tetrahydroacridindecoy26,436,"-46,4",0,1,425,11,"0,558","0,688",,"0,025","1,2315","0,558",,
Heptyl-physostigminedecoy21,437,"-46,4",0,1,426,11,"0,560","0,688",,"0,025","1,2287","0,560",,
2iodo-3tetrahydroacridindecoy35,438,"-46,4",0,1,427,11,"0,561","0,688",,"0,025","1,2259","0,561",,
3iodo-2tetrahydroacridindecoy1,439,"-46,3",0,1,428,11,"0,562","0,688",,"0,025","1,2231","0,562",,
2iodo-3tetrahydroacridindecoy7,440,"-46,2",0,1,429,11,"0,563","0,688",,"0,025","1,2203","0,563",,
Tolserinedecoy31,441,"-46,2",0,1,430,11,"0,565","0,688",,"0,025","1,2175","0,565",,
Tolserinedecoy38,442,"-45,9",0,1,431,11,"0,566","0,688",,"0,025","1,2148","0,566",,
Tolserinedecoy15,443,"-45,9",0,1,432,11,"0,567","0,688",,"0,025","1,2120","0,567",,
Donepezildecoy27,444,"-45,9",0,1,433,11,"0,569","0,688",,"0,025","1,2093","0,569",,
Tolserinedecoy7,445,"-45,8",0,1,434,11,"0,570","0,688",,"0,025","1,2066","0,570",,
Tolserinedecoy22,446,"-45,7",0,1,435,11,"0,571","0,688",,"0,025","1,2039","0,571",,
3iodo-2tetrahydroacridindecoy11,447,"-45,7",0,1,436,11,"0,572","0,688",,"0,025","1,2012","0,572",,
Tolserine,448,"-45,7",1,0,436,12,"0,574","0,750",,"0,027","1,3074","0,574",,
Tolserinedecoy37,449,"-45,7",0,1,437,12,"0,575","0,750",,"0,027","1,3045","0,575",,
3iodo-4tetrahydroacridindecoy17,450,"-45,6",0,1,438,12,"0,576","0,750",,"0,027","1,3016","0,576",,
4iodo-2tetrahydroacridindecoy11,451,"-45,5",0,1,439,12,"0,577","0,750",,"0,027","1,2988","0,577",,
Tolserinedecoy48,452,"-45,4",0,1,440,12,"0,579","0,750",,"0,027","1,2959","0,579",,
2iodo-2tetrahydroacridindecoy15,453,"-45,4",0,1,441,12,"0,580","0,750",,"0,026","1,2930","0,580",,
Donepezildecoy1,454,"-45,3",0,1,442,12,"0,581","0,750",,"0,026","1,2902","0,581",,
3iodo-2tetrahydroacridindecoy24,455,"-45,3",0,1,443,12,"0,583","0,750",,"0,026","1,2873","0,583",,
2iodo-2tetrahydroacridindecoy32,456,"-45,3",0,1,444,12,"0,584","0,750",,"0,026","1,2845","0,584",,
Tolserinedecoy20,457,"-45,2",0,1,445,12,"0,585","0,750",,"0,026","1,2817","0,585",,
2iodo-2tetrahydroacridindecoy5,458,"-45,2",0,1,446,12,"0,586","0,750",,"0,026","1,2789","0,586",,
Tolserinedecoy43,459,"-45,1",0,1,447,12,"0,588","0,750",,"0,026","1,2761","0,588",,
Heptyl-physostigminedecoy29,460,"-45,0",0,1,448,12,"0,589","0,750",,"0,026","1,2733","0,589",,
3iodo-4tetrahydroacridindecoy1,461,"-45,0",0,1,449,12,"0,590","0,750",,"0,026","1,2706","0,590",,
3iodo-2tetrahydroacridindecoy17,462,"-45,0",0,1,450,12,"0,592","0,750",,"0,026","1,2678","0,592",,
Heptyl-physostigminedecoy25,463,"-45,0",0,1,451,12,"0,593","0,750",,"0,026","1,2651","0,593",,
Tolserinedecoy25,464,"-45,0",0,1,452,12,"0,594","0,750",,"0,026","1,2624","0,594",,
Tolserinedecoy13,465,"-45,0",0,1,453,12,"0,595","0,750",,"0,026","1,2597","0,595",,
4iodo-4tetrahydroacridindecoy6,466,"-44,9",0,1,454,12,"0,597","0,750",,"0,026","1,2569","0,597",,
2iodo-2tetrahydroacridindecoy45,467,"-44,8",0,1,455,12,"0,598","0,750",,"0,026","1,2543","0,598",,
4iodo-2tetrahydroacridindecoy41,468,"-44,8",0,1,456,12,"0,599","0,750",,"0,026","1,2516","0,599",,
3iodo-4tetrahydroacridindecoy42,469,"-44,8",0,1,457,12,"0,601","0,750",,"0,026","1,2489","0,601",,
4iodo-2tetrahydroacridindecoy14,470,"-44,7",0,1,458,12,"0,602","0,750",,"0,026","1,2462","0,602",,
Donepezildecoy40,471,"-44,6",0,1,459,12,"0,603","0,750",,"0,025","1,2436","0,603",,
3iodo-2tetrahydroacridindecoy18,472,"-44,6",0,1,460,12,"0,604","0,750",,"0,025","1,2410","0,604",,
2iodo-4tetrahydroacridindecoy27,473,"-44,6",0,1,461,12,"0,606","0,750",,"0,025","1,2383","0,606",,
4iodo-4tetrahydroacridindecoy22,474,"-44,6",0,1,462,12,"0,607","0,750",,"0,025","1,2357","0,607",,
3iodo-4tetrahydroacridindecoy50,475,"-44,5",0,1,463,12,"0,608","0,750",,"0,025","1,2331","0,608",,
Donepezildecoy42,476,"-44,5",0,1,464,12,"0,609","0,750",,"0,025","1,2305","0,609",,
2iodo-2tetrahydroacridindecoy43,477,"-44,5",0,1,465,12,"0,611","0,750",,"0,025","1,2280","0,611",,
2iodo-2tetrahydroacridindecoy33,478,"-44,4",0,1,466,12,"0,612","0,750",,"0,025","1,2254","0,612",,
Tolserinedecoy6,479,"-44,3",0,1,467,12,"0,613","0,750",,"0,025","1,2228","0,613",,
4iodo-3tetrahydroacridindecoy36,480,"-44,2",0,1,468,12,"0,615","0,750",,"0,025","1,2203","0,615",,
4iodo-4tetrahydroacridindecoy47,481,"-44,2",0,1,469,12,"0,616","0,750",,"0,025","1,2177","0,616",,
Donepezildecoy5,482,"-44,2",0,1,470,12,"0,617","0,750",,"0,025","1,2152","0,617",,
Tolserinedecoy16,483,"-44,1",0,1,471,12,"0,618","0,750",,"0,025","1,2127","0,618",,
Donepezildecoy16,484,"-44,1",0,1,472,12,"0,620","0,750",,"0,025","1,2102","0,620",,
Bis-tacrinedecoy41,485,"-44,0",0,1,473,12,"0,621","0,750",,"0,025","1,2077","0,621",,
4iodo-4tetrahydroacridindecoy42,486,"-44,0",0,1,474,12,"0,622","0,750",,"0,025","1,2052","0,622",,
Tolserinedecoy42,487,"-44,0",0,1,475,12,"0,624","0,750",,"0,025","1,2027","0,624",,
3iodo-4tetrahydroacridindecoy11,488,"-43,9",0,1,476,12,"0,625","0,750",,"0,025","1,2003","0,625",,
4iodo-2tetrahydroacridindecoy30,489,"-43,9",0,1,477,12,"0,626","0,750",,"0,025","1,1978","0,626",,
3iodo-2tetrahydroacridindecoy4,490,"-43,8",0,1,478,12,"0,627","0,750",,"0,024","1,1954","0,627",,
2iodo-3tetrahydroacridindecoy4,491,"-43,7",0,1,479,12,"0,629","0,750",,"0,024","1,1929","0,629",,
2iodo-4tetrahydroacridindecoy50,492,"-43,3",0,1,480,12,"0,630","0,750",,"0,024","1,1905","0,630",,
3iodo-4tetrahydroacridindecoy19,493,"-43,3",0,1,481,12,"0,631","0,750",,"0,024","1,1881","0,631",,
Tolserinedecoy29,494,"-43,2",0,1,482,12,"0,633","0,750",,"0,024","1,1857","0,633",,
Tolserinedecoy27,495,"-43,2",0,1,483,12,"0,634","0,750",,"0,024","1,1833","0,634",,
3iodo-2tetrahydroacridindecoy29,496,"-43,1",0,1,484,12,"0,635","0,750",,"0,024","1,1809","0,635",,
3iodo-4tetrahydroacridindecoy22,497,"-43,0",0,1,485,12,"0,636","0,750",,"0,024","1,1785","0,636",,
4iodo-4tetrahydroacridindecoy48,498,"-43,0",0,1,486,12,"0,638","0,750",,"0,024","1,1762","0,638",,
Tolserinedecoy3,499,"-43,0",0,1,487,12,"0,639","0,750",,"0,024","1,1738","0,639",,
2iodo-3tetrahydroacridindecoy36,500,"-43,0",0,1,488,12,"0,640","0,750",,"0,024","1,1715","0,640",,
2iodo-3tetrahydroacridindecoy32,501,"-42,7",0,1,489,12,"0,641","0,750",,"0,024","1,1691","0,641",,
2iodo-4tetrahydroacridindecoy17,502,"-42,6",0,1,490,12,"0,643","0,750",,"0,024","1,1668","0,643",,
Heptyl-physostigminedecoy6,503,"-42,5",0,1,491,12,"0,644","0,750",,"0,024","1,1645","0,644",,
2iodo-2tetrahydroacridindecoy4,504,"-42,4",0,1,492,12,"0,645","0,750",,"0,024","1,1622","0,645",,
Tolserinedecoy28,505,"-42,4",0,1,493,12,"0,647","0,750",,"0,024","1,1599","0,647",,
3iodo-2tetrahydroacridindecoy27,506,"-42,4",0,1,494,12,"0,648","0,750",,"0,024","1,1576","0,648",,
4iodo-4tetrahydroacridindecoy49,507,"-42,3",0,1,495,12,"0,649","0,750",,"0,024","1,1553","0,649",,
3iodo-4tetrahydroacridindecoy14,508,"-42,3",0,1,496,12,"0,650","0,750",,"0,024","1,1530","0,650",,
2iodo-3tetrahydroacridindecoy31,509,"-42,3",0,1,497,12,"0,652","0,750",,"0,024","1,1508","0,652",,
Bis-tacrinedecoy9,510,"-42,3",0,1,498,12,"0,653","0,750",,"0,024","1,1485","0,653",,
3iodo-2tetrahydroacridindecoy5,511,"-42,2",0,1,499,12,"0,654","0,750",,"0,023","1,1463","0,654",,
4iodo-2tetrahydroacridindecoy15,512,"-42,2",0,1,500,12,"0,656","0,750",,"0,023","1,1440","0,656",,
2iodo-3tetrahydroacridindecoy34,513,"-42,1",0,1,501,12,"0,657","0,750",,"0,023","1,1418","0,657",,
4iodo-3tetrahydroacridindecoy35,514,"-42,1",0,1,502,12,"0,658","0,750",,"0,023","1,1396","0,658",,
3iodo-2tetrahydroacridindecoy10,515,"-42,0",0,1,503,12,"0,659","0,750",,"0,023","1,1374","0,659",,
2iodo-4tetrahydroacridindecoy37,516,"-41,8",0,1,504,12,"0,661","0,750",,"0,023","1,1351","0,661",,
Tolserinedecoy41,517,"-41,8",0,1,505,12,"0,662","0,750",,"0,023","1,1330","0,662",,
Heptyl-physostigminedecoy20,518,"-41,7",0,1,506,12,"0,663","0,750",,"0,023","1,1308","0,663",,
Physostigminedecoy49,519,"-41,7",0,1,507,12,"0,665","0,750",,"0,023","1,1286","0,665",,
Tolserinedecoy39,520,"-41,7",0,1,508,12,"0,666","0,750",,"0,023","1,1264","0,666",,
Donepezildecoy50,521,"-41,6",0,1,509,12,"0,667","0,750",,"0,023","1,1243","0,667",,
Tolserinedecoy30,522,"-41,6",0,1,510,12,"0,668","0,750",,"0,023","1,1221","0,668",,
Tolserinedecoy45,523,"-41,5",0,1,511,12,"0,670","0,750",,"0,023","1,1200","0,670",,
2iodo-2tetrahydroacridindecoy49,524,"-41,4",0,1,512,12,"0,671","0,750",,"0,023","1,1178","0,671",,
Galantaminedecoy17,525,"-41,4",0,1,513,12,"0,672","0,750",,"0,023","1,1157","0,672",,
3iodo-4tetrahydroacridindecoy2,526,"-41,4",0,1,514,12,"0,673","0,750",,"0,023","1,1136","0,673",,
Physostigminedecoy6,527,"-41,3",0,1,515,12,"0,675","0,750",,"0,023","1,1115","0,675",,
Tolserinedecoy4,528,"-41,2",0,1,516,12,"0,676","0,750",,"0,023","1,1094","0,676",,
Tolserinedecoy1,529,"-41,1",0,1,517,12,"0,677","0,750",,"0,023","1,1073","0,677",,
3iodo-4tetrahydroacridindecoy20,530,"-41,1",0,1,518,12,"0,679","0,750",,"0,023","1,1052","0,679",,
Bis-tacrinedecoy10,531,"-41,0",0,1,519,12,"0,680","0,750",,"0,023","1,1031","0,680",,
Physostigminedecoy11,532,"-41,0",0,1,520,12,"0,681","0,750",,"0,023","1,1010","0,681",,
Heptyl-physostigminedecoy34,533,"-41,0",0,1,521,12,"0,682","0,750",,"0,023","1,0989","0,682",,
Galantaminedecoy16,534,"-41,0",0,1,522,12,"0,684","0,750",,"0,022","1,0969","0,684",,
4iodo-2tetrahydroacridindecoy16,535,"-40,9",0,1,523,12,"0,685","0,750",,"0,022","1,0948","0,685",,
Physostigminedecoy50,536,"-40,9",0,1,524,12,"0,686","0,750",,"0,022","1,0928","0,686",,
3iodo-4tetrahydroacridindecoy34,537,"-40,7",0,1,525,12,"0,688","0,750",,"0,022","1,0908","0,688",,
3iodo-4tetrahydroacridindecoy5,538,"-40,6",0,1,526,12,"0,689","0,750",,"0,022","1,0887","0,689",,
Physostigminedecoy4,539,"-40,6",0,1,527,12,"0,690","0,750",,"0,022","1,0867","0,690",,
Physostigminedecoy14,540,"-40,5",0,1,528,12,"0,691","0,750",,"0,022","1,0847","0,691",,
Tolserinedecoy35,541,"-40,4",0,1,529,12,"0,693","0,750",,"0,022","1,0827","0,693",,
3iodo-4tetrahydroacridindecoy39,542,"-40,3",0,1,530,12,"0,694","0,750",,"0,022","1,0807","0,694",,
3iodo-4tetrahydroacridindecoy21,543,"-40,2",0,1,531,12,"0,695","0,750",,"0,022","1,0787","0,695",,
Heptyl-physostigminedecoy26,544,"-40,2",0,1,532,12,"0,697","0,750",,"0,022","1,0767","0,697",,
3iodo-4tetrahydroacridindecoy30,545,"-40,1",0,1,533,12,"0,698","0,750",,"0,022","1,0747","0,698",,
3iodo-2tetrahydroacridindecoy36,546,"-40,1",0,1,534,12,"0,699","0,750",,"0,022","1,0728","0,699",,
4iodo-2tetrahydroacridindecoy1,547,"-40,0",0,1,535,12,"0,700","0,750",,"0,022","1,0708","0,700",,
3iodo-4tetrahydroacridindecoy3,548,"-40,0",0,1,536,12,"0,702","0,750",,"0,022","1,0689","0,702",,
Physostigminedecoy39,549,"-39,8",0,1,537,12,"0,703","0,750",,"0,022","1,0669","0,703",,
Tolserinedecoy14,550,"-39,8",0,1,538,12,"0,704","0,750",,"0,022","1,0650","0,704",,
3iodo-4tetrahydroacridindecoy38,551,"-39,7",0,1,539,12,"0,706","0,750",,"0,022","1,0630","0,706",,
Physostigminedecoy17,552,"-39,7",0,1,540,12,"0,707","0,750",,"0,022","1,0611","0,707",,
Physostigminedecoy10,553,"-39,7",0,1,541,12,"0,708","0,750",,"0,022","1,0592","0,708",,
Galantaminedecoy44,554,"-39,5",0,1,542,12,"0,709","0,750",,"0,022","1,0573","0,709",,
Galantaminedecoy18,555,"-39,5",0,1,543,12,"0,711","0,750",,"0,022","1,0554","0,711",,
4iodo-4tetrahydroacridindecoy25,556,"-39,4",0,1,544,12,"0,712","0,750",,"0,022","1,0535","0,712",,
Physostigminedecoy31,557,"-39,4",0,1,545,12,"0,713","0,750",,"0,022","1,0516","0,713",,
Physostigminedecoy44,558,"-39,3",0,1,546,12,"0,714","0,750",,"0,022","1,0497","0,714",,
Galantaminedecoy23,559,"-39,3",0,1,547,12,"0,716","0,750",,"0,021","1,0478","0,716",,
Heptyl-physostigminedecoy48,560,"-39,3",0,1,548,12,"0,717","0,750",,"0,021","1,0460","0,717",,
Heptyl-physostigminedecoy22,561,"-39,2",0,1,549,12,"0,718","0,750",,"0,021","1,0441","0,718",,
4iodo-2tetrahydroacridindecoy49,562,"-39,1",0,1,550,12,"0,720","0,750",,"0,021","1,0422","0,720",,
Physostigminedecoy45,563,"-39,1",0,1,551,12,"0,721","0,750",,"0,021","1,0404","0,721",,
Galantaminedecoy32,564,"-39,0",0,1,552,12,"0,722","0,750",,"0,021","1,0385","0,722",,
Physostigminedecoy16,565,"-38,9",0,1,553,12,"0,723","0,750",,"0,021","1,0367","0,723",,
Tolserinedecoy40,566,"-38,8",0,1,554,12,"0,725","0,750",,"0,021","1,0349","0,725",,
Physostigminedecoy9,567,"-38,8",0,1,555,12,"0,726","0,750",,"0,021","1,0330","0,726",,
Heptyl-physostigminedecoy28,568,"-38,7",0,1,556,12,"0,727","0,750",,"0,021","1,0312","0,727",,
Galantamine,569,"-38,7",1,0,556,13,"0,729","0,813",,"0,023","1,1152","0,729",,
4iodo-2tetrahydroacridindecoy43,570,"-38,7",0,1,557,13,"0,730","0,813",,"0,023","1,1132","0,730",,
Galantaminedecoy40,571,"-38,7",0,1,558,13,"0,731","0,813",,"0,023","1,1113","0,731",,
4iodo-3tetrahydroacridindecoy17,572,"-38,6",0,1,559,13,"0,732","0,813",,"0,023","1,1094","0,732",,
Heptyl-physostigminedecoy12,573,"-38,5",0,1,560,13,"0,734","0,813",,"0,023","1,1074","0,734",,
Physostigminedecoy36,574,"-38,4",0,1,561,13,"0,735","0,813",,"0,023","1,1055","0,735",,
Galantaminedecoy5,575,"-38,3",0,1,562,13,"0,736","0,813",,"0,023","1,1036","0,736",,
Physostigminedecoy28,576,"-38,2",0,1,563,13,"0,738","0,813",,"0,023","1,1016","0,738",,
Physostigminedecoy18,577,"-38,1",0,1,564,13,"0,739","0,813",,"0,023","1,0997","0,739",,
Physostigminedecoy34,578,"-38,1",0,1,565,13,"0,740","0,813",,"0,022","1,0978","0,740",,
Physostigminedecoy23,579,"-38,0",0,1,566,13,"0,741","0,813",,"0,022","1,0959","0,741",,
3iodo-2tetrahydroacridindecoy13,580,"-38,0",0,1,567,13,"0,743","0,813",,"0,022","1,0940","0,743",,
Physostigminedecoy19,581,"-37,9",0,1,568,13,"0,744","0,813",,"0,022","1,0922","0,744",,
Physostigminedecoy1,582,"-37,7",0,1,569,13,"0,745","0,813",,"0,022","1,0903","0,745",,
3iodo-4tetrahydroacridindecoy29,583,"-37,7",0,1,570,13,"0,746","0,813",,"0,022","1,0884","0,746",,
Tolserinedecoy47,584,"-37,6",0,1,571,13,"0,748","0,813",,"0,022","1,0866","0,748",,
Physostigminedecoy48,585,"-37,6",0,1,572,13,"0,749","0,813",,"0,022","1,0847","0,749",,
3iodo-2tetrahydroacridindecoy31,586,"-37,6",0,1,573,13,"0,750","0,813",,"0,022","1,0828","0,750",,
2iodo-2tetrahydroacridindecoy38,587,"-37,4",0,1,574,13,"0,752","0,813",,"0,022","1,0810","0,752",,
Physostigmine,588,"-37,4",1,0,574,14,"0,753","0,875",,"0,024","1,1622","0,753",,
Galantaminedecoy14,589,"-37,4",0,1,575,14,"0,754","0,875",,"0,024","1,1602","0,754",,
Physostigminedecoy41,590,"-37,3",0,1,576,14,"0,755","0,875",,"0,024","1,1582","0,755",,
Physostigminedecoy40,591,"-37,3",0,1,577,14,"0,757","0,875",,"0,024","1,1563","0,757",,
Physostigminedecoy38,592,"-37,3",0,1,578,14,"0,758","0,875",,"0,024","1,1543","0,758",,
Tolserinedecoy46,593,"-37,2",0,1,579,14,"0,759","0,875",,"0,024","1,1524","0,759",,
Galantaminedecoy41,594,"-37,2",0,1,580,14,"0,761","0,875",,"0,024","1,1504","0,761",,
Physostigminedecoy22,595,"-37,1",0,1,581,14,"0,762","0,875",,"0,024","1,1485","0,762",,
Galantaminedecoy38,596,"-37,1",0,1,582,14,"0,763","0,875",,"0,023","1,1466","0,763",,
Galantaminedecoy7,597,"-36,9",0,1,583,14,"0,764","0,875",,"0,023","1,1447","0,764",,
Galantaminedecoy48,598,"-36,8",0,1,584,14,"0,766","0,875",,"0,023","1,1427","0,766",,
Physostigminedecoy2,599,"-36,8",0,1,585,14,"0,767","0,875",,"0,023","1,1408","0,767",,
Galantaminedecoy22,600,"-36,8",0,1,586,14,"0,768","0,875",,"0,023","1,1389","0,768",,
Galantaminedecoy12,601,"-36,8",0,1,587,14,"0,770","0,875",,"0,023","1,1370","0,770",,
4iodo-3tetrahydroacridindecoy46,602,"-36,7",0,1,588,14,"0,771","0,875",,"0,023","1,1351","0,771",,
Galantaminedecoy50,603,"-36,7",0,1,589,14,"0,772","0,875",,"0,023","1,1333","0,772",,
Physostigminedecoy47,604,"-36,7",0,1,590,14,"0,773","0,875",,"0,023","1,1314","0,773",,
3iodo-4tetrahydroacridindecoy45,605,"-36,5",0,1,591,14,"0,775","0,875",,"0,023","1,1295","0,775",,
Physostigminedecoy35,606,"-36,5",0,1,592,14,"0,776","0,875",,"0,023","1,1277","0,776",,
Galantaminedecoy9,607,"-36,4",0,1,593,14,"0,777","0,875",,"0,023","1,1258","0,777",,
Galantaminedecoy35,608,"-36,4",0,1,594,14,"0,778","0,875",,"0,023","1,1239","0,778",,
Galantaminedecoy19,609,"-36,3",0,1,595,14,"0,780","0,875",,"0,023","1,1221","0,780",,
Galantaminedecoy6,610,"-36,2",0,1,596,14,"0,781","0,875",,"0,023","1,1203","0,781",,
Galantaminedecoy15,611,"-36,2",0,1,597,14,"0,782","0,875",,"0,023","1,1184","0,782",,
Galantaminedecoy46,612,"-36,1",0,1,598,14,"0,784","0,875",,"0,023","1,1166","0,784",,
Physostigminedecoy24,613,"-36,1",0,1,599,14,"0,785","0,875",,"0,023","1,1148","0,785",,
Galantaminedecoy42,614,"-36,1",0,1,600,14,"0,786","0,875",,"0,023","1,1130","0,786",,
Physostigminedecoy29,615,"-36,1",0,1,601,14,"0,787","0,875",,"0,023","1,1112","0,787",,
Physostigminedecoy33,616,"-36,1",0,1,602,14,"0,789","0,875",,"0,023","1,1094","0,789",,
Physostigminedecoy26,617,"-36,0",0,1,603,14,"0,790","0,875",,"0,023","1,1076","0,790",,
Galantaminedecoy10,618,"-36,0",0,1,604,14,"0,791","0,875",,"0,023","1,1058","0,791",,
3iodo-4tetrahydroacridindecoy35,619,"-35,9",0,1,605,14,"0,793","0,875",,"0,023","1,1040","0,793",,
Physostigminedecoy42,620,"-35,9",0,1,606,14,"0,794","0,875",,"0,023","1,1022","0,794",,
Galantaminedecoy47,621,"-35,9",0,1,607,14,"0,795","0,875",,"0,023","1,1004","0,795",,
Physostigminedecoy3,622,"-35,8",0,1,608,14,"0,796","0,875",,"0,023","1,0986","0,796",,
Physostigminedecoy12,623,"-35,8",0,1,609,14,"0,798","0,875",,"0,022","1,0969","0,798",,
2iodo-4tetrahydroacridindecoy39,624,"-35,7",0,1,610,14,"0,799","0,875",,"0,022","1,0951","0,799",,
2iodo-2tetrahydroacridindecoy26,625,"-35,6",0,1,611,14,"0,800","0,875",,"0,022","1,0934","0,800",,
Galantaminedecoy31,626,"-35,6",0,1,612,14,"0,802","0,875",,"0,022","1,0916","0,802",,
Galantaminedecoy39,627,"-35,6",0,1,613,14,"0,803","0,875",,"0,022","1,0899","0,803",,
4iodo-2tetrahydroacridindecoy27,628,"-35,6",0,1,614,14,"0,804","0,875",,"0,022","1,0882","0,804",,
Physostigminedecoy32,629,"-35,6",0,1,615,14,"0,805","0,875",,"0,022","1,0864","0,805",,
3iodo-4tetrahydroacridindecoy13,630,"-35,5",0,1,616,14,"0,807","0,875",,"0,022","1,0847","0,807",,
Physostigminedecoy15,631,"-35,4",0,1,617,14,"0,808","0,875",,"0,022","1,0830","0,808",,
Physostigminedecoy43,632,"-35,3",0,1,618,14,"0,809","0,875",,"0,022","1,0813","0,809",,
Physostigminedecoy37,633,"-35,3",0,1,619,14,"0,810","0,875",,"0,022","1,0796","0,810",,
Physostigminedecoy8,634,"-35,2",0,1,620,14,"0,812","0,875",,"0,022","1,0779","0,812",,
3iodo-4tetrahydroacridindecoy16,635,"-35,2",0,1,621,14,"0,813","0,875",,"0,022","1,0762","0,813",,
4iodo-2tetrahydroacridindecoy18,636,"-35,1",0,1,622,14,"0,814","0,875",,"0,022","1,0745","0,814",,
Galantaminedecoy11,637,"-34,8",0,1,623,14,"0,816","0,875",,"0,022","1,0728","0,816",,
Galantaminedecoy34,638,"-34,8",0,1,624,14,"0,817","0,875",,"0,022","1,0711","0,817",,
4iodo-2tetrahydroacridindecoy40,639,"-34,6",0,1,625,14,"0,818","0,875",,"0,022","1,0694","0,818",,
Galantaminedecoy3,640,"-34,5",0,1,626,14,"0,819","0,875",,"0,022","1,0678","0,819",,
Galantaminedecoy49,641,"-34,5",0,1,627,14,"0,821","0,875",,"0,022","1,0661","0,821",,
4iodo-2tetrahydroacridindecoy24,642,"-34,5",0,1,628,14,"0,822","0,875",,"0,022","1,0644","0,822",,
Galantaminedecoy43,643,"-34,5",0,1,629,14,"0,823","0,875",,"0,022","1,0628","0,823",,
Galantaminedecoy21,644,"-34,5",0,1,630,14,"0,825","0,875",,"0,022","1,0611","0,825",,
Physostigminedecoy27,645,"-34,5",0,1,631,14,"0,826","0,875",,"0,022","1,0595","0,826",,
Galantaminedecoy20,646,"-34,3",0,1,632,14,"0,827","0,875",,"0,022","1,0578","0,827",,
Galantaminedecoy2,647,"-34,3",0,1,633,14,"0,828","0,875",,"0,022","1,0562","0,828",,
2iodo-2tetrahydroacridindecoy36,648,"-34,3",0,1,634,14,"0,830","0,875",,"0,022","1,0546","0,830",,
Galantaminedecoy13,649,"-34,3",0,1,635,14,"0,831","0,875",,"0,022","1,0529","0,831",,
2iodo-2tetrahydroacridindecoy50,650,"-34,2",0,1,636,14,"0,832","0,875",,"0,022","1,0513","0,832",,
Tacrinedecoy3,651,"-34,2",0,1,637,14,"0,834","0,875",,"0,022","1,0497","0,834",,
Physostigminedecoy20,652,"-34,2",0,1,638,14,"0,835","0,875",,"0,021","1,0481","0,835",,
Physostigminedecoy21,653,"-34,2",0,1,639,14,"0,836","0,875",,"0,021","1,0465","0,836",,
3iodo-2tetrahydroacridindecoy50,654,"-34,1",0,1,640,14,"0,837","0,875",,"0,021","1,0449","0,837",,
3iodo-4tetrahydroacridindecoy12,655,"-34,1",0,1,641,14,"0,839","0,875",,"0,021","1,0433","0,839",,
Galantaminedecoy28,656,"-34,0",0,1,642,14,"0,840","0,875",,"0,021","1,0417","0,840",,
4iodo-4tetrahydroacridindecoy13,657,"-34,0",0,1,643,14,"0,841","0,875",,"0,021","1,0401","0,841",,
Galantaminedecoy24,658,"-33,8",0,1,644,14,"0,843","0,875",,"0,021","1,0385","0,843",,
Tacrinedecoy43,659,"-33,8",0,1,645,14,"0,844","0,875",,"0,021","1,0370","0,844",,
Galantaminedecoy29,660,"-33,7",0,1,646,14,"0,845","0,875",,"0,021","1,0354","0,845",,
Physostigminedecoy46,661,"-33,6",0,1,647,14,"0,846","0,875",,"0,021","1,0338","0,846",,
Galantaminedecoy37,662,"-33,6",0,1,648,14,"0,848","0,875",,"0,021","1,0323","0,848",,
Velnacrine,663,"-33,6",1,0,648,15,"0,849","0,938",,"0,023","1,1043","0,849",,
Physostigminedecoy7,664,"-33,5",0,1,649,15,"0,850","0,938",,"0,023","1,1027","0,850",,
3iodo-2tetrahydroacridindecoy25,665,"-33,3",0,1,650,15,"0,851","0,938",,"0,023","1,1010","0,851",,
Galantaminedecoy4,666,"-33,2",0,1,651,15,"0,853","0,938",,"0,023","1,0994","0,853",,
Galantaminedecoy8,667,"-33,2",0,1,652,15,"0,854","0,938",,"0,022","1,0977","0,854",,
Tacrinedecoy12,668,"-33,0",0,1,653,15,"0,855","0,938",,"0,022","1,0961","0,855",,
Tacrinedecoy32,669,"-32,8",0,1,654,15,"0,857","0,938",,"0,022","1,0944","0,857",,
Tacrine,670,"-32,7",1,0,654,16,"0,858","1,000",,"0,024","1,1656","0,858",,
Tacrinedecoy6,671,"-32,6",0,1,655,16,"0,859","1,000",,"0,024","1,1639","0,859",,
Tacrinedecoy46,672,"-32,6",0,1,656,16,"0,860","1,000",,"0,024","1,1622","0,860",,
Galantaminedecoy33,673,"-32,5",0,1,657,16,"0,862","1,000",,"0,024","1,1605","0,862",,
Velnacrinedecoy45,674,"-32,5",0,1,658,16,"0,863","1,000",,"0,024","1,1587","0,863",,
2iodo-2tetrahydroacridindecoy21,675,"-32,3",0,1,659,16,"0,864","1,000",,"0,024","1,1570","0,864",,
Tacrinedecoy48,676,"-32,0",0,1,660,16,"0,866","1,000",,"0,024","1,1553","0,866",,
Velnacrinedecoy34,677,"-32,0",0,1,661,16,"0,867","1,000",,"0,024","1,1536","0,867",,
Tacrinedecoy5,678,"-32,0",0,1,662,16,"0,868","1,000",,"0,024","1,1519","0,868",,
Velnacrinedecoy35,679,"-32,0",0,1,663,16,"0,869","1,000",,"0,024","1,1502","0,869",,
Tacrinedecoy1,680,"-31,9",0,1,664,16,"0,871","1,000",,"0,024","1,1485","0,871",,
Tacrinedecoy25,681,"-31,8",0,1,665,16,"0,872","1,000",,"0,023","1,1468","0,872",,
2iodo-3tetrahydroacridindecoy30,682,"-31,6",0,1,666,16,"0,873","1,000",,"0,023","1,1451","0,873",,
Velnacrinedecoy33,683,"-31,5",0,1,667,16,"0,875","1,000",,"0,023","1,1435","0,875",,
Galantaminedecoy36,684,"-31,4",0,1,668,16,"0,876","1,000",,"0,023","1,1418","0,876",,
2iodo-2tetrahydroacridindecoy20,685,"-31,4",0,1,669,16,"0,877","1,000",,"0,023","1,1401","0,877",,
Velnacrinedecoy49,686,"-31,4",0,1,670,16,"0,878","1,000",,"0,023","1,1385","0,878",,
Velnacrinedecoy48,687,"-31,4",0,1,671,16,"0,880","1,000",,"0,023","1,1368","0,880",,
Velnacrinedecoy30,688,"-31,4",0,1,672,16,"0,881","1,000",,"0,023","1,1351","0,881",,
Galantaminedecoy30,689,"-31,3",0,1,673,16,"0,882","1,000",,"0,023","1,1335","0,882",,
Tacrinedecoy31,690,"-31,3",0,1,674,16,"0,883","1,000",,"0,023","1,1319","0,883",,
Velnacrinedecoy32,691,"-31,2",0,1,675,16,"0,885","1,000",,"0,023","1,1302","0,885",,
Galantaminedecoy1,692,"-31,2",0,1,676,16,"0,886","1,000",,"0,023","1,1286","0,886",,
Physostigminedecoy30,693,"-31,2",0,1,677,16,"0,887","1,000",,"0,023","1,1270","0,887",,
Tacrinedecoy38,694,"-30,9",0,1,678,16,"0,889","1,000",,"0,023","1,1253","0,889",,
Velnacrinedecoy5,695,"-30,8",0,1,679,16,"0,890","1,000",,"0,023","1,1237","0,890",,
Velnacrinedecoy24,696,"-30,7",0,1,680,16,"0,891","1,000",,"0,023","1,1221","0,891",,
Physostigminedecoy25,697,"-30,6",0,1,681,16,"0,892","1,000",,"0,023","1,1205","0,892",,
Tacrinedecoy13,698,"-30,4",0,1,682,16,"0,894","1,000",,"0,023","1,1189","0,894",,
Tacrinedecoy26,699,"-30,4",0,1,683,16,"0,895","1,000",,"0,023","1,1173","0,895",,
Physostigminedecoy13,700,"-30,3",0,1,684,16,"0,896","1,000",,"0,023","1,1157","0,896",,
Velnacrinedecoy22,701,"-29,9",0,1,685,16,"0,898","1,000",,"0,023","1,1141","0,898",,
Tacrinedecoy50,702,"-29,9",0,1,686,16,"0,899","1,000",,"0,023","1,1125","0,899",,
Tacrinedecoy49,703,"-29,6",0,1,687,16,"0,900","1,000",,"0,023","1,1109","0,900",,
Velnacrinedecoy41,704,"-29,6",0,1,688,16,"0,901","1,000",,"0,023","1,1094","0,901",,
Tacrinedecoy16,705,"-29,6",0,1,689,16,"0,903","1,000",,"0,023","1,1078","0,903",,
Tacrinedecoy24,706,"-29,5",0,1,690,16,"0,904","1,000",,"0,023","1,1062","0,904",,
Velnacrinedecoy40,707,"-29,4",0,1,691,16,"0,905","1,000",,"0,023","1,1046","0,905",,
Tacrinedecoy39,708,"-29,3",0,1,692,16,"0,907","1,000",,"0,023","1,1031","0,907",,
4iodo-2tetrahydroacridindecoy47,709,"-29,1",0,1,693,16,"0,908","1,000",,"0,023","1,1015","0,908",,
Tacrinedecoy8,710,"-28,9",0,1,694,16,"0,909","1,000",,"0,023","1,1000","0,909",,
Tacrinedecoy42,711,"-28,8",0,1,695,16,"0,910","1,000",,"0,023","1,0984","0,910",,
Velnacrinedecoy26,712,"-28,7",0,1,696,16,"0,912","1,000",,"0,022","1,0969","0,912",,
Velnacrinedecoy7,713,"-28,7",0,1,697,16,"0,913","1,000",,"0,022","1,0953","0,913",,
Velnacrinedecoy12,714,"-28,7",0,1,698,16,"0,914","1,000",,"0,022","1,0938","0,914",,
3iodo-4tetrahydroacridindecoy9,715,"-28,6",0,1,699,16,"0,915","1,000",,"0,022","1,0923","0,915",,
Galantaminedecoy25,716,"-28,6",0,1,700,16,"0,917","1,000",,"0,022","1,0908","0,917",,
Galantaminedecoy27,717,"-28,5",0,1,701,16,"0,918","1,000",,"0,022","1,0892","0,918",,
Velnacrinedecoy6,718,"-28,5",0,1,702,16,"0,919","1,000",,"0,022","1,0877","0,919",,
Tacrinedecoy40,719,"-28,5",0,1,703,16,"0,921","1,000",,"0,022","1,0862","0,921",,
Velnacrinedecoy4,720,"-28,4",0,1,704,16,"0,922","1,000",,"0,022","1,0847","0,922",,
Velnacrinedecoy13,721,"-28,3",0,1,705,16,"0,923","1,000",,"0,022","1,0832","0,923",,
Velnacrinedecoy8,722,"-28,1",0,1,706,16,"0,924","1,000",,"0,022","1,0817","0,924",,
Velnacrinedecoy27,723,"-28,1",0,1,707,16,"0,926","1,000",,"0,022","1,0802","0,926",,
Tacrinedecoy14,724,"-28,0",0,1,708,16,"0,927","1,000",,"0,022","1,0787","0,927",,
Velnacrinedecoy39,725,"-27,9",0,1,709,16,"0,928","1,000",,"0,022","1,0772","0,928",,
Velnacrinedecoy28,726,"-27,7",0,1,710,16,"0,930","1,000",,"0,022","1,0757","0,930",,
Velnacrinedecoy14,727,"-27,7",0,1,711,16,"0,931","1,000",,"0,022","1,0743","0,931",,
Tacrinedecoy47,728,"-27,7",0,1,712,16,"0,932","1,000",,"0,022","1,0728","0,932",,
Velnacrinedecoy16,729,"-27,6",0,1,713,16,"0,933","1,000",,"0,022","1,0713","0,933",,
Velnacrinedecoy29,730,"-27,6",0,1,714,16,"0,935","1,000",,"0,022","1,0698","0,935",,
Velnacrinedecoy3,731,"-27,5",0,1,715,16,"0,936","1,000",,"0,022","1,0684","0,936",,
Tacrinedecoy4,732,"-27,4",0,1,716,16,"0,937","1,000",,"0,022","1,0669","0,937",,
Tacrinedecoy21,733,"-27,3",0,1,717,16,"0,939","1,000",,"0,022","1,0655","0,939",,
Velnacrinedecoy10,734,"-27,2",0,1,718,16,"0,940","1,000",,"0,022","1,0640","0,940",,
Velnacrinedecoy50,735,"-27,2",0,1,719,16,"0,941","1,000",,"0,022","1,0626","0,941",,
Velnacrinedecoy19,736,"-27,1",0,1,720,16,"0,942","1,000",,"0,022","1,0611","0,942",,
Tacrinedecoy28,737,"-27,0",0,1,721,16,"0,944","1,000",,"0,022","1,0597","0,944",,
Velnacrinedecoy43,738,"-26,9",0,1,722,16,"0,945","1,000",,"0,022","1,0582","0,945",,
Velnacrinedecoy31,739,"-26,8",0,1,723,16,"0,946","1,000",,"0,022","1,0568","0,946",,
Tacrinedecoy20,740,"-26,7",0,1,724,16,"0,948","1,000",,"0,022","1,0554","0,948",,
Tacrinedecoy35,741,"-26,7",0,1,725,16,"0,949","1,000",,"0,022","1,0540","0,949",,
Velnacrinedecoy21,742,"-26,6",0,1,726,16,"0,950","1,000",,"0,022","1,0525","0,950",,
Tacrinedecoy36,743,"-26,6",0,1,727,16,"0,951","1,000",,"0,022","1,0511","0,951",,
Velnacrinedecoy23,744,"-26,6",0,1,728,16,"0,953","1,000",,"0,022","1,0497","0,953",,
Velnacrinedecoy18,745,"-26,6",0,1,729,16,"0,954","1,000",,"0,021","1,0483","0,954",,
Velnacrinedecoy38,746,"-26,5",0,1,730,16,"0,955","1,000",,"0,021","1,0469","0,955",,
Tacrinedecoy17,747,"-26,5",0,1,731,16,"0,956","1,000",,"0,021","1,0455","0,956",,
Tacrinedecoy22,748,"-25,9",0,1,732,16,"0,958","1,000",,"0,021","1,0441","0,958",,
Velnacrinedecoy25,749,"-25,9",0,1,733,16,"0,959","1,000",,"0,021","1,0427","0,959",,
Tacrinedecoy29,750,"-25,7",0,1,734,16,"0,960","1,000",,"0,021","1,0413","0,960",,
Tacrinedecoy7,751,"-25,7",0,1,735,16,"0,962","1,000",,"0,021","1,0399","0,962",,
Tacrinedecoy9,752,"-25,7",0,1,736,16,"0,963","1,000",,"0,021","1,0385","0,963",,
Velnacrinedecoy9,753,"-25,6",0,1,737,16,"0,964","1,000",,"0,021","1,0372","0,964",,
Tacrinedecoy45,754,"-25,6",0,1,738,16,"0,965","1,000",,"0,021","1,0358","0,965",,
Tacrinedecoy19,755,"-25,6",0,1,739,16,"0,967","1,000",,"0,021","1,0344","0,967",,
Tacrinedecoy34,756,"-25,4",0,1,740,16,"0,968","1,000",,"0,021","1,0330","0,968",,
Galantaminedecoy26,757,"-25,4",0,1,741,16,"0,969","1,000",,"0,021","1,0317","0,969",,
Velnacrinedecoy15,758,"-25,3",0,1,742,16,"0,971","1,000",,"0,021","1,0303","0,971",,
4iodo-3tetrahydroacridindecoy29,759,"-25,3",0,1,743,16,"0,972","1,000",,"0,021","1,0290","0,972",,
Tacrinedecoy18,760,"-25,2",0,1,744,16,"0,973","1,000",,"0,021","1,0276","0,973",,
Tacrinedecoy15,761,"-25,2",0,1,745,16,"0,974","1,000",,"0,021","1,0263","0,974",,
Velnacrinedecoy37,762,"-25,0",0,1,746,16,"0,976","1,000",,"0,021","1,0249","0,976",,
Tacrinedecoy37,763,"-24,7",0,1,747,16,"0,977","1,000",,"0,021","1,0236","0,977",,
Tacrinedecoy27,764,"-24,7",0,1,748,16,"0,978","1,000",,"0,021","1,0222","0,978",,
Velnacrinedecoy2,765,"-24,7",0,1,749,16,"0,980","1,000",,"0,021","1,0209","0,980",,
Velnacrinedecoy20,766,"-24,5",0,1,750,16,"0,981","1,000",,"0,021","1,0196","0,981",,
Velnacrinedecoy36,767,"-24,4",0,1,751,16,"0,982","1,000",,"0,021","1,0182","0,982",,
2iodo-2tetrahydroacridindecoy27,768,"-24,3",0,1,752,16,"0,983","1,000",,"0,021","1,0169","0,983",,
Velnacrinedecoy11,769,"-24,3",0,1,753,16,"0,985","1,000",,"0,021","1,0156","0,985",,
Tacrinedecoy44,770,"-24,3",0,1,754,16,"0,986","1,000",,"0,021","1,0143","0,986",,
Tacrinedecoy10,771,"-24,2",0,1,755,16,"0,987","1,000",,"0,021","1,0129","0,987",,
Tacrinedecoy23,772,"-24,1",0,1,756,16,"0,988","1,000",,"0,021","1,0116","0,988",,
Tacrinedecoy30,773,"-23,9",0,1,757,16,"0,990","1,000",,"0,021","1,0103","0,990",,
Velnacrinedecoy17,774,"-23,8",0,1,758,16,"0,991","1,000",,"0,021","1,0090","0,991",,
Velnacrinedecoy44,775,"-23,8",0,1,759,16,"0,992","1,000",,"0,021","1,0077","0,992",,
Velnacrinedecoy47,776,"-23,7",0,1,760,16,"0,994","1,000",,"0,021","1,0064","0,994",,
Velnacrinedecoy1,777,"-23,5",0,1,761,16,"0,995","1,000",,"0,021","1,0051","0,995",,
Velnacrinedecoy46,778,"-23,4",0,1,762,16,"0,996","1,000",,"0,021","1,0038","0,996",,
Velnacrinedecoy42,779,"-20,8",0,1,763,16,"0,997","1,000",,"0,021","1,0025","0,997",,
3iodo-4tetrahydroacridindecoy24,780,"-20,4",0,1,764,16,"0,999","1,000",,"0,021","1,0013","0,999",,
3iodo-2tetrahydroacridindecoy23,781,"-6,2",0,1,765,16,"1,000","1,000",,"0,020","1,0000","1,000",,
,,,16,765,,,,,,,,,,