Ligand,ordem,Affinity_mean,Positivos,Decoys,Tdecoys,Tpositivos,FP,FracDocada,FracPositivos,,Conc(P),Fator Enriquecimento,FracDocada,positivos/total = ,"0,0204865557"
Bis-tacrinedecoy16,1,"-12,0",0,1,1,0,,"0,001","0,000",,"0,000","0,0000","0,001",,
Bis-tacrine,2,"-11,9",1,0,1,1,,"0,003","0,063",,"0,500","24,4057","0,003",,
2iodo-3tetrahydroacridindecoy40,3,"-11,7",0,1,2,1,,"0,004","0,063",,"0,333","16,2705","0,004",,
4iodo-2tetrahydroacridindecoy48,4,"-11,3",0,1,3,1,,"0,005","0,063",,"0,250","12,2029","0,005",,
2iodo-4tetrahydroacridindecoy6,5,"-11,2",0,1,4,1,,"0,006","0,063",,"0,200","9,7623","0,006",,
2iodo-4tetrahydroacridindecoy43,6,"-11,2",0,1,5,1,,"0,008","0,063",,"0,167","8,1352","0,008",,
4iodo-4tetrahydroacridindecoy18,7,"-11,2",0,1,6,1,,"0,009","0,063",,"0,143","6,9731","0,009",,
4iodo-4tetrahydroacridindecoy17,8,"-11,1",0,1,7,1,,"0,010","0,063",,"0,125","6,1014","0,010",,
4iodo-3tetrahydroacridindecoy28,9,"-11,1",0,1,8,1,,"0,012","0,063",,"0,111","5,4235","0,012",,
2iodo-4tetrahydroacridindecoy24,10,"-11,1",0,1,9,1,,"0,013","0,063",,"0,100","4,8811","0,013",,
4iodo-4tetrahydroacridindecoy4,11,"-11,0",0,1,10,1,,"0,014","0,063",,"0,091","4,4374","0,014",,
3iodo-2tetrahydroacridindecoy49,12,"-11,0",0,1,11,1,,"0,015","0,063",,"0,083","4,0676","0,015",,
2iodo-4tetrahydroacridindecoy28,13,"-11,0",0,1,12,1,,"0,017","0,063",,"0,077","3,7547","0,017",,
3iodo-2tetrahydroacridindecoy48,14,"-10,9",0,1,13,1,,"0,018","0,063",,"0,071","3,4865","0,018",,
4iodo-4tetrahydroacridindecoy20,15,"-10,9",0,1,14,1,,"0,019","0,063",,"0,067","3,2541","0,019",,
Bis-tacrinedecoy15,16,"-10,9",0,1,15,1,,"0,020","0,063",,"0,063","3,0507","0,020",,
4iodo-3tetrahydroacridindecoy39,17,"-10,8",0,1,16,1,,"0,022","0,063",,"0,059","2,8713","0,022",,
4iodo-4tetrahydroacridindecoy50,18,"-10,8",0,1,17,1,,"0,023","0,063",,"0,056","2,7117","0,023",,
Bis-tacrinedecoy14,19,"-10,8",0,1,18,1,,"0,024","0,063",,"0,053","2,5690","0,024",,
4iodo-3tetrahydroacridindecoy14,21,"-10,7",0,1,19,1,,"0,027","0,063",,"0,048","2,3244","0,027",,
2iodo-2tetrahydroacridindecoy47,22,"-10,7",0,1,20,1,,"0,028","0,063",,"0,045","2,2187","0,028",,
Heptyl-physostigminedecoy36,23,"-10,7",0,1,21,1,,"0,029","0,063",,"0,043","2,1222","0,029",,
3iodo-4tetrahydroacridin,20,"-10,7",1,0,21,2,,"0,026","0,125",,"0,100","4,8811","0,026",,
4iodo-3tetrahydroacridindecoy41,24,"-10,6",0,1,22,2,,"0,031","0,125",,"0,083","4,0676","0,031",,
2iodo-3tetrahydroacridindecoy19,26,"-10,6",0,1,23,2,,"0,033","0,125",,"0,077","3,7547","0,033",,
Heptyl-physostigminedecoy35,27,"-10,6",0,1,24,2,,"0,035","0,125",,"0,074","3,6157","0,035",,
2iodo-3tetrahydroacridindecoy20,28,"-10,6",0,1,25,2,,"0,036","0,125",,"0,071","3,4865","0,036",,
2iodo-4tetrahydroacridindecoy21,29,"-10,6",0,1,26,2,,"0,037","0,125",,"0,069","3,3663","0,037",,
4iodo-2tetrahydroacridindecoy13,30,"-10,6",0,1,27,2,,"0,038","0,125",,"0,067","3,2541","0,038",,
4iodo-4tetrahydroacridin,25,"-10,6",1,0,27,3,,"0,032","0,188",,"0,120","5,8574","0,032",,
4iodo-3tetrahydroacridindecoy13,31,"-10,5",0,1,28,3,,"0,040","0,188",,"0,097","4,7237","0,040",,
Bis-tacrinedecoy46,32,"-10,5",0,1,29,3,,"0,041","0,188",,"0,094","4,5761","0,041",,
2iodo-2tetrahydroacridindecoy37,33,"-10,5",0,1,30,3,,"0,042","0,188",,"0,091","4,4374","0,042",,
Tolserinedecoy15,34,"-10,4",0,1,31,3,,"0,044","0,188",,"0,088","4,3069","0,044",,
Donepezildecoy29,35,"-10,4",0,1,32,3,,"0,045","0,188",,"0,086","4,1838","0,045",,
3iodo-2tetrahydroacridin,36,"-10,4",1,0,32,4,,"0,046","0,250",,"0,111","5,4235","0,046",,
4iodo-4tetrahydroacridindecoy45,37,"-10,4",0,1,33,4,,"0,047","0,250",,"0,108","5,2769","0,047",,
Donepezildecoy11,39,"-10,4",0,1,34,4,,"0,050","0,250",,"0,103","5,0063","0,050",,
4iodo-4tetrahydroacridindecoy33,40,"-10,4",0,1,35,4,,"0,051","0,250",,"0,100","4,8811","0,051",,
4iodo-2tetrahydroacridin,38,"-10,4",1,0,35,5,,"0,049","0,313",,"0,132","6,4226","0,049",,
4iodo-4tetrahydroacridindecoy14,41,"-10,3",0,1,36,5,,"0,052","0,313",,"0,122","5,9526","0,052",,
4iodo-2tetrahydroacridindecoy10,42,"-10,3",0,1,37,5,,"0,054","0,313",,"0,119","5,8109","0,054",,
4iodo-2tetrahydroacridindecoy25,43,"-10,3",0,1,38,5,,"0,055","0,313",,"0,116","5,6757","0,055",,
Heptyl-physostigminedecoy30,44,"-10,3",0,1,39,5,,"0,056","0,313",,"0,114","5,5468","0,056",,
4iodo-3tetrahydroacridindecoy50,45,"-10,3",0,1,40,5,,"0,058","0,313",,"0,111","5,4235","0,058",,
Heptyl-physostigminedecoy44,46,"-10,3",0,1,41,5,,"0,059","0,313",,"0,109","5,3056","0,059",,
2iodo-4tetrahydroacridindecoy47,47,"-10,3",0,1,42,5,,"0,060","0,313",,"0,106","5,1927","0,060",,
4iodo-4tetrahydroacridindecoy19,48,"-10,3",0,1,43,5,,"0,061","0,313",,"0,104","5,0845","0,061",,
4iodo-3tetrahydroacridin,49,"-10,3",1,0,43,6,,"0,063","0,375",,"0,122","5,9769","0,063",,
Heptyl-physostigminedecoy17,50,"-10,2",0,1,44,6,,"0,064","0,375",,"0,120","5,8574","0,064",,
2iodo-3tetrahydroacridindecoy47,51,"-10,2",0,1,45,6,,"0,065","0,375",,"0,118","5,7425","0,065",,
4iodo-3tetrahydroacridindecoy49,52,"-10,2",0,1,46,6,,"0,067","0,375",,"0,115","5,6321","0,067",,
Heptyl-physostigminedecoy15,53,"-10,2",0,1,47,6,,"0,068","0,375",,"0,113","5,5258","0,068",,
2iodo-4tetrahydroacridindecoy29,54,"-10,2",0,1,48,6,,"0,069","0,375",,"0,111","5,4235","0,069",,
3iodo-2tetrahydroacridindecoy46,55,"-10,2",0,1,49,6,,"0,070","0,375",,"0,109","5,3249","0,070",,
2iodo-2tetrahydroacridindecoy39,56,"-10,2",0,1,50,6,,"0,072","0,375",,"0,107","5,2298","0,072",,
2iodo-4tetrahydroacridindecoy46,57,"-10,2",0,1,51,6,,"0,073","0,375",,"0,105","5,1380","0,073",,
Heptyl-physostigminedecoy16,58,"-10,2",0,1,52,6,,"0,074","0,375",,"0,103","5,0495","0,074",,
2iodo-2tetrahydroacridindecoy34,59,"-10,1",0,1,53,6,,"0,076","0,375",,"0,102","4,9639","0,076",,
Donepezildecoy31,60,"-10,1",0,1,54,6,,"0,077","0,375",,"0,100","4,8811","0,077",,
2iodo-3tetrahydroacridindecoy29,61,"-10,1",0,1,55,6,,"0,078","0,375",,"0,098","4,8011","0,078",,
Heptyl-physostigminedecoy33,63,"-10,1",0,1,56,6,,"0,081","0,375",,"0,095","4,6487","0,081",,
Tolserinedecoy13,64,"-10,1",0,1,57,6,,"0,082","0,375",,"0,094","4,5761","0,082",,
2iodo-4tetrahydroacridindecoy18,65,"-10,1",0,1,58,6,,"0,083","0,375",,"0,092","4,5057","0,083",,
2iodo-3tetrahydroacridindecoy45,66,"-10,1",0,1,59,6,,"0,085","0,375",,"0,091","4,4374","0,085",,
4iodo-3tetrahydroacridindecoy45,67,"-10,1",0,1,60,6,,"0,086","0,375",,"0,090","4,3712","0,086",,
Bis-tacrinedecoy17,68,"-10,1",0,1,61,6,,"0,087","0,375",,"0,088","4,3069","0,087",,
4iodo-2tetrahydroacridindecoy37,69,"-10,1",0,1,62,6,,"0,088","0,375",,"0,087","4,2445","0,088",,
Tolserinedecoy49,70,"-10,1",0,1,63,6,,"0,090","0,375",,"0,086","4,1838","0,090",,
2iodo-4tetrahydroacridin,62,"-10,1",1,0,63,7,,"0,079","0,438",,"0,113","5,5110","0,079",,
4iodo-4tetrahydroacridindecoy26,71,"-10,0",0,1,64,7,,"0,091","0,438",,"0,099","4,8124","0,091",,
Tolserinedecoy32,72,"-10,0",0,1,65,7,,"0,092","0,438",,"0,097","4,7456","0,092",,
2iodo-4tetrahydroacridindecoy16,73,"-10,0",0,1,66,7,,"0,093","0,438",,"0,096","4,6805","0,093",,
4iodo-2tetrahydroacridindecoy4,74,"-10,0",0,1,67,7,,"0,095","0,438",,"0,095","4,6173","0,095",,
4iodo-4tetrahydroacridindecoy3,75,"-9,9",0,1,68,7,,"0,096","0,438",,"0,093","4,5557","0,096",,
3iodo-2tetrahydroacridindecoy20,76,"-9,9",0,1,69,7,,"0,097","0,438",,"0,092","4,4958","0,097",,
4iodo-2tetrahydroacridindecoy42,77,"-9,9",0,1,70,7,,"0,099","0,438",,"0,091","4,4374","0,099",,
2iodo-3tetrahydroacridindecoy14,79,"-9,9",0,1,71,7,,"0,101","0,438",,"0,089","4,3251","0,101",,
3iodo-4tetrahydroacridindecoy15,80,"-9,9",0,1,72,7,,"0,102","0,438",,"0,088","4,2710","0,102",,
2iodo-3tetrahydroacridindecoy38,81,"-9,9",0,1,73,7,,"0,104","0,438",,"0,086","4,2183","0,104",,
4iodo-2tetrahydroacridindecoy22,82,"-9,9",0,1,74,7,,"0,105","0,438",,"0,085","4,1668","0,105",,
4iodo-2tetrahydroacridindecoy9,83,"-9,9",0,1,75,7,,"0,106","0,438",,"0,084","4,1166","0,106",,
4iodo-4tetrahydroacridindecoy32,84,"-9,9",0,1,76,7,,"0,108","0,438",,"0,083","4,0676","0,108",,
3iodo-2tetrahydroacridindecoy45,85,"-9,9",0,1,77,7,,"0,109","0,438",,"0,082","4,0198","0,109",,
2iodo-4tetrahydroacridindecoy22,86,"-9,9",0,1,78,7,,"0,110","0,438",,"0,081","3,9730","0,110",,
2iodo-3tetrahydroacridin,78,"-9,9",1,0,78,8,,"0,100","0,500",,"0,103","5,0063","0,100",,
3iodo-2tetrahydroacridindecoy39,87,"-9,8",0,1,79,8,,"0,111","0,500",,"0,092","4,4884","0,111",,
4iodo-4tetrahydroacridindecoy27,88,"-9,8",0,1,80,8,,"0,113","0,500",,"0,091","4,4374","0,113",,
Bis-tacrinedecoy28,89,"-9,8",0,1,81,8,,"0,114","0,500",,"0,090","4,3875","0,114",,
4iodo-2tetrahydroacridindecoy38,90,"-9,8",0,1,82,8,,"0,115","0,500",,"0,089","4,3388","0,115",,
4iodo-3tetrahydroacridindecoy16,91,"-9,8",0,1,83,8,,"0,117","0,500",,"0,088","4,2911","0,117",,
Tolserinedecoy11,92,"-9,8",0,1,84,8,,"0,118","0,500",,"0,087","4,2445","0,118",,
3iodo-4tetrahydroacridindecoy10,93,"-9,8",0,1,85,8,,"0,119","0,500",,"0,086","4,1988","0,119",,
4iodo-2tetrahydroacridindecoy41,94,"-9,8",0,1,86,8,,"0,120","0,500",,"0,085","4,1542","0,120",,
Donepezildecoy43,95,"-9,8",0,1,87,8,,"0,122","0,500",,"0,084","4,1104","0,122",,
3iodo-2tetrahydroacridindecoy26,96,"-9,8",0,1,88,8,,"0,123","0,500",,"0,083","4,0676","0,123",,
Donepezildecoy10,97,"-9,8",0,1,89,8,,"0,124","0,500",,"0,082","4,0257","0,124",,
2iodo-3tetrahydroacridindecoy49,98,"-9,8",0,1,90,8,,"0,125","0,500",,"0,082","3,9846","0,125",,
4iodo-4tetrahydroacridindecoy43,99,"-9,8",0,1,91,8,,"0,127","0,500",,"0,081","3,9444","0,127",,
Tolserinedecoy34,100,"-9,8",0,1,92,8,,"0,128","0,500",,"0,080","3,9049","0,128",,
2iodo-2tetrahydroacridindecoy19,101,"-9,8",0,1,93,8,,"0,129","0,500",,"0,079","3,8663","0,129",,
2iodo-2tetrahydroacridindecoy22,102,"-9,8",0,1,94,8,,"0,131","0,500",,"0,078","3,8283","0,131",,
4iodo-2tetrahydroacridindecoy44,103,"-9,8",0,1,95,8,,"0,132","0,500",,"0,078","3,7912","0,132",,
Tolserinedecoy5,104,"-9,8",0,1,96,8,,"0,133","0,500",,"0,077","3,7547","0,133",,
4iodo-2tetrahydroacridindecoy35,105,"-9,8",0,1,97,8,,"0,134","0,500",,"0,076","3,7190","0,134",,
Heptyl-physostigminedecoy5,106,"-9,8",0,1,98,8,,"0,136","0,500",,"0,075","3,6839","0,136",,
2iodo-4tetrahydroacridindecoy40,107,"-9,8",0,1,99,8,,"0,137","0,500",,"0,075","3,6495","0,137",,
Bis-tacrinedecoy29,108,"-9,8",0,1,100,8,,"0,138","0,500",,"0,074","3,6157","0,138",,
Bis-tacrinedecoy33,109,"-9,7",0,1,101,8,,"0,140","0,500",,"0,073","3,5825","0,140",,
4iodo-4tetrahydroacridindecoy39,110,"-9,7",0,1,102,8,,"0,141","0,500",,"0,073","3,5499","0,141",,
2iodo-4tetrahydroacridindecoy1,111,"-9,7",0,1,103,8,,"0,142","0,500",,"0,072","3,5179","0,142",,
2iodo-4tetrahydroacridindecoy19,112,"-9,7",0,1,104,8,,"0,143","0,500",,"0,071","3,4865","0,143",,
Tolserinedecoy16,113,"-9,7",0,1,105,8,,"0,145","0,500",,"0,071","3,4557","0,145",,
Bis-tacrinedecoy6,114,"-9,7",0,1,106,8,,"0,146","0,500",,"0,070","3,4254","0,146",,
Heptyl-physostigminedecoy3,115,"-9,7",0,1,107,8,,"0,147","0,500",,"0,070","3,3956","0,147",,
Tolserinedecoy22,116,"-9,7",0,1,108,8,,"0,149","0,500",,"0,069","3,3663","0,149",,
3iodo-2tetrahydroacridindecoy28,117,"-9,7",0,1,109,8,,"0,150","0,500",,"0,068","3,3375","0,150",,
3iodo-2tetrahydroacridindecoy12,118,"-9,7",0,1,110,8,,"0,151","0,500",,"0,068","3,3093","0,151",,
3iodo-4tetrahydroacridindecoy1,119,"-9,7",0,1,111,8,,"0,152","0,500",,"0,067","3,2814","0,152",,
3iodo-4tetrahydroacridindecoy8,120,"-9,7",0,1,112,8,,"0,154","0,500",,"0,067","3,2541","0,154",,
4iodo-4tetrahydroacridindecoy15,121,"-9,7",0,1,113,8,,"0,155","0,500",,"0,066","3,2272","0,155",,
Bis-tacrinedecoy31,122,"-9,7",0,1,114,8,,"0,156","0,500",,"0,066","3,2008","0,156",,
Tolserinedecoy50,123,"-9,7",0,1,115,8,,"0,157","0,500",,"0,065","3,1747","0,157",,
2iodo-2tetrahydroacridindecoy25,124,"-9,7",0,1,116,8,,"0,159","0,500",,"0,065","3,1491","0,159",,
4iodo-2tetrahydroacridindecoy17,125,"-9,7",0,1,117,8,,"0,160","0,500",,"0,064","3,1239","0,160",,
2iodo-4tetrahydroacridindecoy14,126,"-9,7",0,1,118,8,,"0,161","0,500",,"0,063","3,0991","0,161",,
4iodo-2tetrahydroacridindecoy12,127,"-9,7",0,1,119,8,,"0,163","0,500",,"0,063","3,0747","0,163",,
Donepezildecoy48,128,"-9,7",0,1,120,8,,"0,164","0,500",,"0,063","3,0507","0,164",,
2iodo-3tetrahydroacridindecoy22,129,"-9,7",0,1,121,8,,"0,165","0,500",,"0,062","3,0271","0,165",,
4iodo-2tetrahydroacridindecoy50,130,"-9,7",0,1,122,8,,"0,166","0,500",,"0,062","3,0038","0,166",,
2iodo-4tetrahydroacridindecoy12,131,"-9,7",0,1,123,8,,"0,168","0,500",,"0,061","2,9809","0,168",,
4iodo-3tetrahydroacridindecoy32,132,"-9,7",0,1,124,8,,"0,169","0,500",,"0,061","2,9583","0,169",,
4iodo-4tetrahydroacridindecoy23,133,"-9,7",0,1,125,8,,"0,170","0,500",,"0,060","2,9360","0,170",,
Tolserinedecoy44,134,"-9,7",0,1,126,8,,"0,172","0,500",,"0,060","2,9141","0,172",,
2iodo-2tetrahydroacridin,135,"-9,7",1,0,126,9,,"0,173","0,563",,"0,067","3,2541","0,173",,
2iodo-3tetrahydroacridindecoy48,136,"-9,6",0,1,127,9,,"0,174","0,563",,"0,066","3,2302","0,174",,
Tolserinedecoy26,137,"-9,6",0,1,128,9,,"0,175","0,563",,"0,066","3,2066","0,175",,
Bis-tacrinedecoy40,138,"-9,6",0,1,129,9,,"0,177","0,563",,"0,065","3,1834","0,177",,
2iodo-3tetrahydroacridindecoy44,139,"-9,6",0,1,130,9,,"0,178","0,563",,"0,065","3,1605","0,178",,
2iodo-3tetrahydroacridindecoy16,140,"-9,6",0,1,131,9,,"0,179","0,563",,"0,064","3,1379","0,179",,
2iodo-3tetrahydroacridindecoy41,141,"-9,6",0,1,132,9,,"0,181","0,563",,"0,064","3,1156","0,181",,
Bis-tacrinedecoy2,142,"-9,6",0,1,133,9,,"0,182","0,563",,"0,063","3,0937","0,182",,
3iodo-4tetrahydroacridindecoy7,143,"-9,6",0,1,134,9,,"0,183","0,563",,"0,063","3,0720","0,183",,
4iodo-2tetrahydroacridindecoy31,144,"-9,6",0,1,135,9,,"0,184","0,563",,"0,063","3,0507","0,184",,
4iodo-4tetrahydroacridindecoy9,145,"-9,6",0,1,136,9,,"0,186","0,563",,"0,062","3,0297","0,186",,
2iodo-2tetrahydroacridindecoy12,146,"-9,6",0,1,137,9,,"0,187","0,563",,"0,062","3,0089","0,187",,
3iodo-2tetrahydroacridindecoy2,147,"-9,6",0,1,138,9,,"0,188","0,563",,"0,061","2,9885","0,188",,
Tolserinedecoy20,148,"-9,6",0,1,139,9,,"0,190","0,563",,"0,061","2,9683","0,190",,
2iodo-4tetrahydroacridindecoy15,149,"-9,6",0,1,140,9,,"0,191","0,563",,"0,060","2,9483","0,191",,
3iodo-2tetrahydroacridindecoy43,150,"-9,6",0,1,141,9,,"0,192","0,563",,"0,060","2,9287","0,192",,
3iodo-4tetrahydroacridindecoy48,151,"-9,6",0,1,142,9,,"0,193","0,563",,"0,060","2,9093","0,193",,
Bis-tacrinedecoy43,152,"-9,6",0,1,143,9,,"0,195","0,563",,"0,059","2,8902","0,195",,
Heptyl-physostigminedecoy24,153,"-9,6",0,1,144,9,,"0,196","0,563",,"0,059","2,8713","0,196",,
Heptyl-physostigminedecoy8,154,"-9,6",0,1,145,9,,"0,197","0,563",,"0,058","2,8526","0,197",,
Tolserinedecoy23,155,"-9,6",0,1,146,9,,"0,198","0,563",,"0,058","2,8342","0,198",,
4iodo-3tetrahydroacridindecoy47,156,"-9,6",0,1,147,9,,"0,200","0,563",,"0,058","2,8160","0,200",,
Bis-tacrinedecoy50,157,"-9,6",0,1,148,9,,"0,201","0,563",,"0,057","2,7981","0,201",,
2iodo-3tetrahydroacridindecoy17,158,"-9,6",0,1,149,9,,"0,202","0,563",,"0,057","2,7804","0,202",,
4iodo-2tetrahydroacridindecoy29,159,"-9,6",0,1,150,9,,"0,204","0,563",,"0,057","2,7629","0,204",,
Heptyl-physostigminedecoy37,160,"-9,6",0,1,151,9,,"0,205","0,563",,"0,056","2,7456","0,205",,
Heptyl-physostigminedecoy45,161,"-9,6",0,1,152,9,,"0,206","0,563",,"0,056","2,7286","0,206",,
Tolserinedecoy48,162,"-9,6",0,1,153,9,,"0,207","0,563",,"0,056","2,7117","0,207",,
4iodo-2tetrahydroacridindecoy33,163,"-9,6",0,1,154,9,,"0,209","0,563",,"0,055","2,6951","0,209",,
4iodo-4tetrahydroacridindecoy30,164,"-9,6",0,1,155,9,,"0,210","0,563",,"0,055","2,6787","0,210",,
Tolserinedecoy36,165,"-9,5",0,1,156,9,,"0,211","0,563",,"0,055","2,6624","0,211",,
Donepezildecoy14,166,"-9,5",0,1,157,9,,"0,213","0,563",,"0,054","2,6464","0,213",,
Donepezildecoy6,167,"-9,5",0,1,158,9,,"0,214","0,563",,"0,054","2,6306","0,214",,
2iodo-4tetrahydroacridindecoy25,168,"-9,5",0,1,159,9,,"0,215","0,563",,"0,054","2,6149","0,215",,
Donepezildecoy1,169,"-9,5",0,1,160,9,,"0,216","0,563",,"0,053","2,5994","0,216",,
2iodo-2tetrahydroacridindecoy30,170,"-9,5",0,1,161,9,,"0,218","0,563",,"0,053","2,5841","0,218",,
4iodo-2tetrahydroacridindecoy19,171,"-9,5",0,1,162,9,,"0,219","0,563",,"0,053","2,5690","0,219",,
Bis-tacrinedecoy25,172,"-9,5",0,1,163,9,,"0,220","0,563",,"0,052","2,5541","0,220",,
Donepezildecoy4,173,"-9,5",0,1,164,9,,"0,222","0,563",,"0,052","2,5393","0,222",,
Heptyl-physostigminedecoy19,174,"-9,5",0,1,165,9,,"0,223","0,563",,"0,052","2,5247","0,223",,
4iodo-3tetrahydroacridindecoy19,175,"-9,5",0,1,166,9,,"0,224","0,563",,"0,051","2,5103","0,224",,
2iodo-3tetrahydroacridindecoy9,176,"-9,5",0,1,167,9,,"0,225","0,563",,"0,051","2,4960","0,225",,
3iodo-2tetrahydroacridindecoy22,177,"-9,5",0,1,168,9,,"0,227","0,563",,"0,051","2,4819","0,227",,
Donepezildecoy38,178,"-9,5",0,1,169,9,,"0,228","0,563",,"0,051","2,4680","0,228",,
4iodo-2tetrahydroacridindecoy5,179,"-9,5",0,1,170,9,,"0,229","0,563",,"0,050","2,4542","0,229",,
Heptyl-physostigminedecoy9,180,"-9,5",0,1,171,9,,"0,230","0,563",,"0,050","2,4406","0,230",,
Tolserinedecoy19,181,"-9,5",0,1,172,9,,"0,232","0,563",,"0,050","2,4271","0,232",,
2iodo-3tetrahydroacridindecoy28,182,"-9,5",0,1,173,9,,"0,233","0,563",,"0,049","2,4138","0,233",,
2iodo-4tetrahydroacridindecoy30,183,"-9,5",0,1,174,9,,"0,234","0,563",,"0,049","2,4006","0,234",,
Tolserinedecoy38,184,"-9,5",0,1,175,9,,"0,236","0,563",,"0,049","2,3875","0,236",,
Tolserinedecoy6,185,"-9,5",0,1,176,9,,"0,237","0,563",,"0,049","2,3746","0,237",,
Donepezildecoy21,186,"-9,5",0,1,177,9,,"0,238","0,563",,"0,048","2,3618","0,238",,
Heptyl-physostigminedecoy50,187,"-9,5",0,1,178,9,,"0,239","0,563",,"0,048","2,3492","0,239",,
Tolserinedecoy9,188,"-9,5",0,1,179,9,,"0,241","0,563",,"0,048","2,3367","0,241",,
3iodo-4tetrahydroacridindecoy32,189,"-9,5",0,1,180,9,,"0,242","0,563",,"0,048","2,3244","0,242",,
2iodo-2tetrahydroacridindecoy13,190,"-9,5",0,1,181,9,,"0,243","0,563",,"0,047","2,3121","0,243",,
4iodo-2tetrahydroacridindecoy20,191,"-9,5",0,1,182,9,,"0,245","0,563",,"0,047","2,3000","0,245",,
4iodo-4tetrahydroacridindecoy38,192,"-9,5",0,1,183,9,,"0,246","0,563",,"0,047","2,2880","0,246",,
2iodo-3tetrahydroacridindecoy23,193,"-9,5",0,1,184,9,,"0,247","0,563",,"0,047","2,2762","0,247",,
3iodo-4tetrahydroacridindecoy33,194,"-9,5",0,1,185,9,,"0,248","0,563",,"0,046","2,2644","0,248",,
3iodo-4tetrahydroacridindecoy49,195,"-9,5",0,1,186,9,,"0,250","0,563",,"0,046","2,2528","0,250",,
Tolserinedecoy7,196,"-9,5",0,1,187,9,,"0,251","0,563",,"0,046","2,2413","0,251",,
2iodo-2tetrahydroacridindecoy42,197,"-9,4",0,1,188,9,,"0,252","0,563",,"0,046","2,2300","0,252",,
2iodo-2tetrahydroacridindecoy8,198,"-9,4",0,1,189,9,,"0,254","0,563",,"0,045","2,2187","0,254",,
4iodo-2tetrahydroacridindecoy23,199,"-9,4",0,1,190,9,,"0,255","0,563",,"0,045","2,2076","0,255",,
Tolserinedecoy31,200,"-9,4",0,1,191,9,,"0,256","0,563",,"0,045","2,1965","0,256",,
4iodo-4tetrahydroacridindecoy8,201,"-9,4",0,1,192,9,,"0,257","0,563",,"0,045","2,1856","0,257",,
Bis-tacrinedecoy34,202,"-9,4",0,1,193,9,,"0,259","0,563",,"0,045","2,1748","0,259",,
2iodo-4tetrahydroacridindecoy26,203,"-9,4",0,1,194,9,,"0,260","0,563",,"0,044","2,1641","0,260",,
4iodo-2tetrahydroacridindecoy15,204,"-9,4",0,1,195,9,,"0,261","0,563",,"0,044","2,1534","0,261",,
4iodo-4tetrahydroacridindecoy35,205,"-9,4",0,1,196,9,,"0,262","0,563",,"0,044","2,1429","0,262",,
Physostigminedecoy6,206,"-9,4",0,1,197,9,,"0,264","0,563",,"0,044","2,1325","0,264",,
Bis-tacrinedecoy44,207,"-9,4",0,1,198,9,,"0,265","0,563",,"0,043","2,1222","0,265",,
Heptyl-physostigminedecoy47,208,"-9,4",0,1,199,9,,"0,266","0,563",,"0,043","2,1120","0,266",,
2iodo-4tetrahydroacridindecoy23,209,"-9,4",0,1,200,9,,"0,268","0,563",,"0,043","2,1019","0,268",,
Donepezildecoy47,210,"-9,4",0,1,201,9,,"0,269","0,563",,"0,043","2,0919","0,269",,
Bis-tacrinedecoy7,211,"-9,4",0,1,202,9,,"0,270","0,563",,"0,043","2,0820","0,270",,
Donepezildecoy19,212,"-9,4",0,1,203,9,,"0,271","0,563",,"0,042","2,0722","0,271",,
Donepezildecoy23,213,"-9,4",0,1,204,9,,"0,273","0,563",,"0,042","2,0625","0,273",,
3iodo-2tetrahydroacridindecoy21,214,"-9,4",0,1,205,9,,"0,274","0,563",,"0,042","2,0528","0,274",,
4iodo-4tetrahydroacridindecoy44,215,"-9,4",0,1,206,9,,"0,275","0,563",,"0,042","2,0433","0,275",,
2iodo-3tetrahydroacridindecoy42,216,"-9,4",0,1,207,9,,"0,277","0,563",,"0,042","2,0338","0,277",,
3iodo-2tetrahydroacridindecoy44,217,"-9,4",0,1,208,9,,"0,278","0,563",,"0,041","2,0244","0,278",,
3iodo-4tetrahydroacridindecoy31,218,"-9,4",0,1,209,9,,"0,279","0,563",,"0,041","2,0152","0,279",,
2iodo-2tetrahydroacridindecoy2,219,"-9,4",0,1,210,9,,"0,280","0,563",,"0,041","2,0059","0,280",,
3iodo-2tetrahydroacridindecoy40,220,"-9,4",0,1,211,9,,"0,282","0,563",,"0,041","1,9968","0,282",,
Heptyl-physostigminedecoy32,221,"-9,4",0,1,212,9,,"0,283","0,563",,"0,041","1,9878","0,283",,
2iodo-2tetrahydroacridindecoy46,222,"-9,4",0,1,213,9,,"0,284","0,563",,"0,041","1,9788","0,284",,
2iodo-3tetrahydroacridindecoy39,223,"-9,3",0,1,214,9,,"0,286","0,563",,"0,040","1,9700","0,286",,
4iodo-3tetrahydroacridindecoy15,224,"-9,3",0,1,215,9,,"0,287","0,563",,"0,040","1,9612","0,287",,
Tolserinedecoy33,225,"-9,3",0,1,216,9,,"0,288","0,563",,"0,040","1,9525","0,288",,
4iodo-2tetrahydroacridindecoy2,226,"-9,3",0,1,217,9,,"0,289","0,563",,"0,040","1,9438","0,289",,
3iodo-2tetrahydroacridindecoy30,227,"-9,3",0,1,218,9,,"0,291","0,563",,"0,040","1,9353","0,291",,
Heptyl-physostigminedecoy46,228,"-9,3",0,1,219,9,,"0,292","0,563",,"0,039","1,9268","0,292",,
4iodo-4tetrahydroacridindecoy16,229,"-9,3",0,1,220,9,,"0,293","0,563",,"0,039","1,9184","0,293",,
2iodo-3tetrahydroacridindecoy46,230,"-9,3",0,1,221,9,,"0,294","0,563",,"0,039","1,9100","0,294",,
2iodo-4tetrahydroacridindecoy13,231,"-9,3",0,1,222,9,,"0,296","0,563",,"0,039","1,9017","0,296",,
4iodo-3tetrahydroacridindecoy37,232,"-9,3",0,1,223,9,,"0,297","0,563",,"0,039","1,8935","0,297",,
2iodo-2tetrahydroacridindecoy11,233,"-9,3",0,1,224,9,,"0,298","0,563",,"0,039","1,8854","0,298",,
2iodo-3tetrahydroacridindecoy21,234,"-9,3",0,1,225,9,,"0,300","0,563",,"0,038","1,8774","0,300",,
3iodo-2tetrahydroacridindecoy1,235,"-9,3",0,1,226,9,,"0,301","0,563",,"0,038","1,8694","0,301",,
4iodo-2tetrahydroacridindecoy32,236,"-9,3",0,1,227,9,,"0,302","0,563",,"0,038","1,8615","0,302",,
4iodo-4tetrahydroacridindecoy10,237,"-9,3",0,1,228,9,,"0,303","0,563",,"0,038","1,8536","0,303",,
Tolserinedecoy24,238,"-9,3",0,1,229,9,,"0,305","0,563",,"0,038","1,8458","0,305",,
4iodo-2tetrahydroacridindecoy45,239,"-9,3",0,1,230,9,,"0,306","0,563",,"0,038","1,8381","0,306",,
Heptyl-physostigminedecoy42,240,"-9,3",0,1,231,9,,"0,307","0,563",,"0,038","1,8304","0,307",,
2iodo-4tetrahydroacridindecoy49,241,"-9,3",0,1,232,9,,"0,309","0,563",,"0,037","1,8228","0,309",,
3iodo-2tetrahydroacridindecoy37,242,"-9,2",0,1,233,9,,"0,310","0,563",,"0,037","1,8153","0,310",,
Galantaminedecoy16,243,"-9,2",0,1,234,9,,"0,311","0,563",,"0,037","1,8078","0,311",,
Tolserinedecoy21,244,"-9,2",0,1,235,9,,"0,312","0,563",,"0,037","1,8004","0,312",,
3iodo-2tetrahydroacridindecoy38,245,"-9,2",0,1,236,9,,"0,314","0,563",,"0,037","1,7931","0,314",,
4iodo-4tetrahydroacridindecoy31,246,"-9,2",0,1,237,9,,"0,315","0,563",,"0,037","1,7858","0,315",,
Heptyl-physostigminedecoy2,247,"-9,2",0,1,238,9,,"0,316","0,563",,"0,036","1,7786","0,316",,
2iodo-2tetrahydroacridindecoy43,248,"-9,2",0,1,239,9,,"0,318","0,563",,"0,036","1,7714","0,318",,
Tolserinedecoy12,249,"-9,2",0,1,240,9,,"0,319","0,563",,"0,036","1,7643","0,319",,
3iodo-2tetrahydroacridindecoy6,250,"-9,2",0,1,241,9,,"0,320","0,563",,"0,036","1,7572","0,320",,
3iodo-2tetrahydroacridindecoy9,251,"-9,2",0,1,242,9,,"0,321","0,563",,"0,036","1,7502","0,321",,
4iodo-2tetrahydroacridindecoy34,252,"-9,2",0,1,243,9,,"0,323","0,563",,"0,036","1,7433","0,323",,
2iodo-2tetrahydroacridindecoy31,253,"-9,2",0,1,244,9,,"0,324","0,563",,"0,036","1,7364","0,324",,
4iodo-4tetrahydroacridindecoy28,254,"-9,2",0,1,245,9,,"0,325","0,563",,"0,035","1,7295","0,325",,
Donepezildecoy13,255,"-9,2",0,1,246,9,,"0,327","0,563",,"0,035","1,7228","0,327",,
Tolserinedecoy43,256,"-9,2",0,1,247,9,,"0,328","0,563",,"0,035","1,7160","0,328",,
Heptyl-physostigminedecoy23,257,"-9,2",0,1,248,9,,"0,329","0,563",,"0,035","1,7094","0,329",,
Heptyl-physostigminedecoy18,258,"-9,2",0,1,249,9,,"0,330","0,563",,"0,035","1,7027","0,330",,
Donepezildecoy49,259,"-9,2",0,1,250,9,,"0,332","0,563",,"0,035","1,6962","0,332",,
2iodo-3tetrahydroacridindecoy27,261,"-9,2",0,1,251,9,,"0,334","0,563",,"0,034","1,6832","0,334",,
Donepezil,260,"-9,2",1,0,251,10,,"0,333","0,625",,"0,038","1,8774","0,333",,
4iodo-4tetrahydroacridindecoy7,262,"-9,1",0,1,252,10,,"0,335","0,625",,"0,038","1,8630","0,335",,
Galantaminedecoy44,263,"-9,1",0,1,253,10,,"0,337","0,625",,"0,038","1,8559","0,337",,
Tolserinedecoy27,264,"-9,1",0,1,254,10,,"0,338","0,625",,"0,038","1,8489","0,338",,
4iodo-4tetrahydroacridindecoy5,265,"-9,1",0,1,255,10,,"0,339","0,625",,"0,038","1,8419","0,339",,
Galantaminedecoy32,266,"-9,1",0,1,256,10,,"0,341","0,625",,"0,038","1,8350","0,341",,
2iodo-3tetrahydroacridindecoy24,267,"-9,1",0,1,257,10,,"0,342","0,625",,"0,037","1,8281","0,342",,
4iodo-4tetrahydroacridindecoy21,268,"-9,1",0,1,258,10,,"0,343","0,625",,"0,037","1,8213","0,343",,
4iodo-4tetrahydroacridindecoy46,269,"-9,1",0,1,259,10,,"0,344","0,625",,"0,037","1,8146","0,344",,
Heptyl-physostigminedecoy7,270,"-9,1",0,1,260,10,,"0,346","0,625",,"0,037","1,8078","0,346",,
Heptyl-physostigminedecoy41,271,"-9,1",0,1,261,10,,"0,347","0,625",,"0,037","1,8012","0,347",,
2iodo-4tetrahydroacridindecoy31,272,"-9,1",0,1,262,10,,"0,348","0,625",,"0,037","1,7945","0,348",,
Donepezildecoy3,273,"-9,1",0,1,263,10,,"0,350","0,625",,"0,037","1,7880","0,350",,
4iodo-3tetrahydroacridindecoy40,274,"-9,1",0,1,264,10,,"0,351","0,625",,"0,036","1,7814","0,351",,
2iodo-4tetrahydroacridindecoy44,275,"-9,1",0,1,265,10,,"0,352","0,625",,"0,036","1,7750","0,352",,
3iodo-4tetrahydroacridindecoy46,276,"-9,1",0,1,266,10,,"0,353","0,625",,"0,036","1,7685","0,353",,
Physostigminedecoy31,277,"-9,1",0,1,267,10,,"0,355","0,625",,"0,036","1,7621","0,355",,
4iodo-2tetrahydroacridindecoy46,278,"-9,1",0,1,268,10,,"0,356","0,625",,"0,036","1,7558","0,356",,
4iodo-3tetrahydroacridindecoy42,279,"-9,1",0,1,269,10,,"0,357","0,625",,"0,036","1,7495","0,357",,
Heptyl-physostigminedecoy27,280,"-9,1",0,1,270,10,,"0,359","0,625",,"0,036","1,7433","0,359",,
3iodo-4tetrahydroacridindecoy43,281,"-9,1",0,1,271,10,,"0,360","0,625",,"0,036","1,7371","0,360",,
2iodo-2tetrahydroacridindecoy9,282,"-9,1",0,1,272,10,,"0,361","0,625",,"0,035","1,7309","0,361",,
4iodo-3tetrahydroacridindecoy11,283,"-9,1",0,1,273,10,,"0,362","0,625",,"0,035","1,7248","0,362",,
Galantaminedecoy17,284,"-9,1",0,1,274,10,,"0,364","0,625",,"0,035","1,7187","0,364",,
Bis-tacrinedecoy30,285,"-9,1",0,1,275,10,,"0,365","0,625",,"0,035","1,7127","0,365",,
2iodo-4tetrahydroacridindecoy33,286,"-9,1",0,1,276,10,,"0,366","0,625",,"0,035","1,7067","0,366",,
2iodo-3tetrahydroacridindecoy11,287,"-9,1",0,1,277,10,,"0,367","0,625",,"0,035","1,7007","0,367",,
Donepezildecoy18,288,"-9,1",0,1,278,10,,"0,369","0,625",,"0,035","1,6948","0,369",,
Donepezildecoy28,289,"-9,0",0,1,279,10,,"0,370","0,625",,"0,035","1,6890","0,370",,
Donepezildecoy7,290,"-9,0",0,1,280,10,,"0,371","0,625",,"0,034","1,6832","0,371",,
Tolserinedecoy17,291,"-9,0",0,1,281,10,,"0,373","0,625",,"0,034","1,6774","0,373",,
2iodo-2tetrahydroacridindecoy3,292,"-9,0",0,1,282,10,,"0,374","0,625",,"0,034","1,6716","0,374",,
2iodo-2tetrahydroacridindecoy5,293,"-9,0",0,1,283,10,,"0,375","0,625",,"0,034","1,6659","0,375",,
4iodo-3tetrahydroacridindecoy34,294,"-9,0",0,1,284,10,,"0,376","0,625",,"0,034","1,6603","0,376",,
Physostigminedecoy14,295,"-9,0",0,1,285,10,,"0,378","0,625",,"0,034","1,6546","0,378",,
Tolserinedecoy42,296,"-9,0",0,1,286,10,,"0,379","0,625",,"0,034","1,6490","0,379",,
4iodo-4tetrahydroacridindecoy11,297,"-9,0",0,1,287,10,,"0,380","0,625",,"0,034","1,6435","0,380",,
Donepezildecoy35,298,"-9,0",0,1,288,10,,"0,382","0,625",,"0,034","1,6380","0,382",,
Tolserinedecoy18,299,"-9,0",0,1,289,10,,"0,383","0,625",,"0,033","1,6325","0,383",,
2iodo-2tetrahydroacridindecoy16,300,"-9,0",0,1,290,10,,"0,384","0,625",,"0,033","1,6270","0,384",,
4iodo-3tetrahydroacridindecoy20,301,"-9,0",0,1,291,10,,"0,385","0,625",,"0,033","1,6216","0,385",,
4iodo-2tetrahydroacridindecoy36,302,"-9,0",0,1,292,10,,"0,387","0,625",,"0,033","1,6163","0,387",,
2iodo-3tetrahydroacridindecoy26,303,"-9,0",0,1,293,10,,"0,388","0,625",,"0,033","1,6109","0,388",,
Heptyl-physostigminedecoy10,304,"-9,0",0,1,294,10,,"0,389","0,625",,"0,033","1,6056","0,389",,
Physostigminedecoy1,305,"-9,0",0,1,295,10,,"0,391","0,625",,"0,033","1,6004","0,391",,
Tolserinedecoy45,306,"-9,0",0,1,296,10,,"0,392","0,625",,"0,033","1,5951","0,392",,
2iodo-2tetrahydroacridindecoy41,307,"-9,0",0,1,297,10,,"0,393","0,625",,"0,033","1,5899","0,393",,
Heptyl-physostigminedecoy43,308,"-9,0",0,1,298,10,,"0,394","0,625",,"0,032","1,5848","0,394",,
Heptyl-physostigminedecoy38,309,"-9,0",0,1,299,10,,"0,396","0,625",,"0,032","1,5797","0,396",,
2iodo-4tetrahydroacridindecoy7,310,"-8,9",0,1,300,10,,"0,397","0,625",,"0,032","1,5746","0,397",,
Heptyl-physostigminedecoy4,311,"-8,9",0,1,301,10,,"0,398","0,625",,"0,032","1,5695","0,398",,
4iodo-2tetrahydroacridindecoy3,312,"-8,9",0,1,302,10,,"0,399","0,625",,"0,032","1,5645","0,399",,
3iodo-2tetrahydroacridindecoy3,313,"-8,9",0,1,303,10,,"0,401","0,625",,"0,032","1,5595","0,401",,
3iodo-2tetrahydroacridindecoy41,314,"-8,9",0,1,304,10,,"0,402","0,625",,"0,032","1,5545","0,402",,
2iodo-3tetrahydroacridindecoy3,315,"-8,9",0,1,305,10,,"0,403","0,625",,"0,032","1,5496","0,403",,
2iodo-4tetrahydroacridindecoy42,316,"-8,9",0,1,306,10,,"0,405","0,625",,"0,032","1,5447","0,405",,
2iodo-4tetrahydroacridindecoy34,317,"-8,9",0,1,307,10,,"0,406","0,625",,"0,032","1,5398","0,406",,
4iodo-4tetrahydroacridindecoy40,318,"-8,9",0,1,308,10,,"0,407","0,625",,"0,031","1,5350","0,407",,
Tolserinedecoy8,319,"-8,9",0,1,309,10,,"0,408","0,625",,"0,031","1,5301","0,408",,
4iodo-3tetrahydroacridindecoy9,320,"-8,9",0,1,310,10,,"0,410","0,625",,"0,031","1,5254","0,410",,
3iodo-4tetrahydroacridindecoy44,321,"-8,9",0,1,311,10,,"0,411","0,625",,"0,031","1,5206","0,411",,
4iodo-3tetrahydroacridindecoy21,322,"-8,9",0,1,312,10,,"0,412","0,625",,"0,031","1,5159","0,412",,
4iodo-3tetrahydroacridindecoy26,323,"-8,9",0,1,313,10,,"0,414","0,625",,"0,031","1,5112","0,414",,
2iodo-3tetrahydroacridindecoy18,325,"-8,9",0,1,314,10,,"0,416","0,625",,"0,031","1,5019","0,416",,
Heptyl-physostigminedecoy29,326,"-8,9",0,1,315,10,,"0,417","0,625",,"0,031","1,4973","0,417",,
3iodo-2tetrahydroacridindecoy8,327,"-8,9",0,1,316,10,,"0,419","0,625",,"0,031","1,4927","0,419",,
4iodo-3tetrahydroacridindecoy1,328,"-8,9",0,1,317,10,,"0,420","0,625",,"0,030","1,4882","0,420",,
2iodo-2tetrahydroacridindecoy33,329,"-8,9",0,1,318,10,,"0,421","0,625",,"0,030","1,4836","0,421",,
Tolserinedecoy10,330,"-8,9",0,1,319,10,,"0,423","0,625",,"0,030","1,4791","0,423",,
Galantamine,324,"-8,9",1,0,319,11,,"0,415","0,688",,"0,034","1,6572","0,415",,
Donepezildecoy41,331,"-8,8",0,1,320,11,,"0,424","0,688",,"0,033","1,6221","0,424",,
2iodo-2tetrahydroacridindecoy35,332,"-8,8",0,1,321,11,,"0,425","0,688",,"0,033","1,6172","0,425",,
3iodo-2tetrahydroacridindecoy34,333,"-8,8",0,1,322,11,,"0,426","0,688",,"0,033","1,6124","0,426",,
3iodo-4tetrahydroacridindecoy42,334,"-8,8",0,1,323,11,,"0,428","0,688",,"0,033","1,6076","0,428",,
Donepezildecoy46,335,"-8,8",0,1,324,11,,"0,429","0,688",,"0,033","1,6028","0,429",,
Physostigminedecoy34,336,"-8,8",0,1,325,11,,"0,430","0,688",,"0,033","1,5980","0,430",,
Bis-tacrinedecoy24,337,"-8,8",0,1,326,11,,"0,431","0,688",,"0,033","1,5933","0,431",,
4iodo-3tetrahydroacridindecoy12,338,"-8,8",0,1,327,11,,"0,433","0,688",,"0,033","1,5885","0,433",,
Tolserinedecoy2,339,"-8,8",0,1,328,11,,"0,434","0,688",,"0,032","1,5839","0,434",,
2iodo-4tetrahydroacridindecoy3,340,"-8,8",0,1,329,11,,"0,435","0,688",,"0,032","1,5792","0,435",,
4iodo-2tetrahydroacridindecoy8,341,"-8,8",0,1,330,11,,"0,437","0,688",,"0,032","1,5746","0,437",,
4iodo-3tetrahydroacridindecoy44,342,"-8,8",0,1,331,11,,"0,438","0,688",,"0,032","1,5700","0,438",,
Donepezildecoy32,343,"-8,8",0,1,332,11,,"0,439","0,688",,"0,032","1,5654","0,439",,
2iodo-2tetrahydroacridindecoy14,344,"-8,8",0,1,333,11,,"0,440","0,688",,"0,032","1,5608","0,440",,
2iodo-2tetrahydroacridindecoy40,345,"-8,8",0,1,334,11,,"0,442","0,688",,"0,032","1,5563","0,442",,
2iodo-2tetrahydroacridindecoy6,346,"-8,8",0,1,335,11,,"0,443","0,688",,"0,032","1,5518","0,443",,
Donepezildecoy30,347,"-8,8",0,1,336,11,,"0,444","0,688",,"0,032","1,5473","0,444",,
Donepezildecoy44,348,"-8,8",0,1,337,11,,"0,446","0,688",,"0,032","1,5429","0,446",,
Physostigminedecoy24,349,"-8,8",0,1,338,11,,"0,447","0,688",,"0,032","1,5385","0,447",,
2iodo-3tetrahydroacridindecoy35,350,"-8,8",0,1,339,11,,"0,448","0,688",,"0,031","1,5341","0,448",,
2iodo-3tetrahydroacridindecoy6,351,"-8,8",0,1,340,11,,"0,449","0,688",,"0,031","1,5297","0,449",,
2iodo-4tetrahydroacridindecoy35,352,"-8,8",0,1,341,11,,"0,451","0,688",,"0,031","1,5254","0,451",,
2iodo-2tetrahydroacridindecoy29,354,"-8,8",0,1,342,11,,"0,453","0,688",,"0,031","1,5167","0,453",,
Bis-tacrinedecoy11,355,"-8,8",0,1,343,11,,"0,455","0,688",,"0,031","1,5125","0,455",,
Donepezildecoy12,356,"-8,8",0,1,344,11,,"0,456","0,688",,"0,031","1,5082","0,456",,
Heptyl-physostigmine,353,"-8,8",1,0,344,12,,"0,452","0,750",,"0,034","1,6593","0,452",,
2iodo-3tetrahydroacridindecoy13,357,"-8,7",0,1,345,12,,"0,457","0,750",,"0,034","1,6407","0,457",,
4iodo-3tetrahydroacridindecoy2,358,"-8,7",0,1,346,12,,"0,458","0,750",,"0,034","1,6361","0,458",,
4iodo-3tetrahydroacridindecoy23,359,"-8,7",0,1,347,12,,"0,460","0,750",,"0,033","1,6316","0,460",,
2iodo-2tetrahydroacridindecoy17,360,"-8,7",0,1,348,12,,"0,461","0,750",,"0,033","1,6270","0,461",,
2iodo-3tetrahydroacridindecoy33,361,"-8,7",0,1,349,12,,"0,462","0,750",,"0,033","1,6225","0,462",,
Donepezildecoy2,362,"-8,7",0,1,350,12,,"0,464","0,750",,"0,033","1,6181","0,464",,
2iodo-4tetrahydroacridindecoy48,363,"-8,7",0,1,351,12,,"0,465","0,750",,"0,033","1,6136","0,465",,
Bis-tacrinedecoy13,364,"-8,7",0,1,352,12,,"0,466","0,750",,"0,033","1,6092","0,466",,
Bis-tacrinedecoy23,365,"-8,7",0,1,353,12,,"0,467","0,750",,"0,033","1,6048","0,467",,
Bis-tacrinedecoy36,366,"-8,7",0,1,354,12,,"0,469","0,750",,"0,033","1,6004","0,469",,
Physostigminedecoy19,367,"-8,7",0,1,355,12,,"0,470","0,750",,"0,033","1,5960","0,470",,
Tacrinedecoy3,368,"-8,7",0,1,356,12,,"0,471","0,750",,"0,033","1,5917","0,471",,
4iodo-4tetrahydroacridindecoy2,370,"-8,7",0,1,357,12,,"0,474","0,750",,"0,032","1,5831","0,474",,
4iodo-3tetrahydroacridindecoy4,371,"-8,7",0,1,358,12,,"0,475","0,750",,"0,032","1,5788","0,475",,
4iodo-4tetrahydroacridindecoy12,372,"-8,7",0,1,359,12,,"0,476","0,750",,"0,032","1,5746","0,476",,
4iodo-4tetrahydroacridindecoy1,373,"-8,7",0,1,360,12,,"0,478","0,750",,"0,032","1,5703","0,478",,
Heptyl-physostigminedecoy49,374,"-8,7",0,1,361,12,,"0,479","0,750",,"0,032","1,5661","0,479",,
Tolserinedecoy4,375,"-8,7",0,1,362,12,,"0,480","0,750",,"0,032","1,5620","0,480",,
2iodo-2tetrahydroacridindecoy18,376,"-8,7",0,1,363,12,,"0,481","0,750",,"0,032","1,5578","0,481",,
Bis-tacrinedecoy42,377,"-8,7",0,1,364,12,,"0,483","0,750",,"0,032","1,5537","0,483",,
4iodo-3tetrahydroacridindecoy38,378,"-8,7",0,1,365,12,,"0,484","0,750",,"0,032","1,5496","0,484",,
4iodo-4tetrahydroacridindecoy41,379,"-8,7",0,1,366,12,,"0,485","0,750",,"0,032","1,5455","0,485",,
2iodo-4tetrahydroacridindecoy9,380,"-8,7",0,1,367,12,,"0,487","0,750",,"0,032","1,5414","0,487",,
Bis-tacrinedecoy35,381,"-8,7",0,1,368,12,,"0,488","0,750",,"0,031","1,5374","0,488",,
3iodo-2tetrahydroacridindecoy14,382,"-8,7",0,1,369,12,,"0,489","0,750",,"0,031","1,5333","0,489",,
Donepezildecoy24,383,"-8,7",0,1,370,12,,"0,490","0,750",,"0,031","1,5293","0,490",,
Tolserine,369,"-8,7",1,0,370,13,,"0,472","0,813",,"0,035","1,7196","0,472",,
Galantaminedecoy18,384,"-8,6",0,1,371,13,,"0,492","0,813",,"0,034","1,6525","0,492",,
4iodo-3tetrahydroacridindecoy48,385,"-8,6",0,1,372,13,,"0,493","0,813",,"0,034","1,6482","0,493",,
Bis-tacrinedecoy38,386,"-8,6",0,1,373,13,,"0,494","0,813",,"0,034","1,6439","0,494",,
4iodo-4tetrahydroacridindecoy42,387,"-8,6",0,1,374,13,,"0,496","0,813",,"0,034","1,6397","0,496",,
2iodo-3tetrahydroacridindecoy37,388,"-8,6",0,1,375,13,,"0,497","0,813",,"0,034","1,6354","0,497",,
Physostigminedecoy22,389,"-8,6",0,1,376,13,,"0,498","0,813",,"0,033","1,6312","0,498",,
Donepezildecoy34,390,"-8,6",0,1,377,13,,"0,499","0,813",,"0,033","1,6270","0,499",,
2iodo-3tetrahydroacridindecoy15,391,"-8,6",0,1,378,13,,"0,501","0,813",,"0,033","1,6229","0,501",,
3iodo-2tetrahydroacridindecoy7,392,"-8,6",0,1,379,13,,"0,502","0,813",,"0,033","1,6187","0,502",,
Donepezildecoy45,393,"-8,6",0,1,380,13,,"0,503","0,813",,"0,033","1,6146","0,503",,
3iodo-4tetrahydroacridindecoy17,394,"-8,6",0,1,381,13,,"0,504","0,813",,"0,033","1,6105","0,504",,
4iodo-2tetrahydroacridindecoy30,395,"-8,6",0,1,382,13,,"0,506","0,813",,"0,033","1,6065","0,506",,
Heptyl-physostigminedecoy31,396,"-8,6",0,1,383,13,,"0,507","0,813",,"0,033","1,6024","0,507",,
Physostigminedecoy10,397,"-8,6",0,1,384,13,,"0,508","0,813",,"0,033","1,5984","0,508",,
2iodo-3tetrahydroacridindecoy1,398,"-8,6",0,1,385,13,,"0,510","0,813",,"0,033","1,5943","0,510",,
Physostigminedecoy49,399,"-8,6",0,1,386,13,,"0,511","0,813",,"0,033","1,5903","0,511",,
2iodo-4tetrahydroacridindecoy4,400,"-8,6",0,1,387,13,,"0,512","0,813",,"0,033","1,5864","0,512",,
4iodo-3tetrahydroacridindecoy25,401,"-8,6",0,1,388,13,,"0,513","0,813",,"0,032","1,5824","0,513",,
3iodo-2tetrahydroacridindecoy11,402,"-8,6",0,1,389,13,,"0,515","0,813",,"0,032","1,5785","0,515",,
Donepezildecoy22,403,"-8,6",0,1,390,13,,"0,516","0,813",,"0,032","1,5746","0,516",,
Donepezildecoy8,404,"-8,6",0,1,391,13,,"0,517","0,813",,"0,032","1,5707","0,517",,
Donepezildecoy26,405,"-8,6",0,1,392,13,,"0,519","0,813",,"0,032","1,5668","0,519",,
3iodo-2tetrahydroacridindecoy32,406,"-8,6",0,1,393,13,,"0,520","0,813",,"0,032","1,5629","0,520",,
4iodo-2tetrahydroacridindecoy26,407,"-8,5",0,1,394,13,,"0,521","0,813",,"0,032","1,5591","0,521",,
Bis-tacrinedecoy22,408,"-8,5",0,1,395,13,,"0,522","0,813",,"0,032","1,5553","0,522",,
Donepezildecoy37,409,"-8,5",0,1,396,13,,"0,524","0,813",,"0,032","1,5515","0,524",,
Physostigminedecoy50,410,"-8,5",0,1,397,13,,"0,525","0,813",,"0,032","1,5477","0,525",,
4iodo-2tetrahydroacridindecoy16,411,"-8,5",0,1,398,13,,"0,526","0,813",,"0,032","1,5439","0,526",,
4iodo-3tetrahydroacridindecoy3,412,"-8,5",0,1,399,13,,"0,528","0,813",,"0,032","1,5402","0,528",,
Galantaminedecoy50,413,"-8,5",0,1,400,13,,"0,529","0,813",,"0,031","1,5364","0,529",,
Donepezildecoy33,414,"-8,5",0,1,401,13,,"0,530","0,813",,"0,031","1,5327","0,530",,
2iodo-4tetrahydroacridindecoy27,415,"-8,5",0,1,402,13,,"0,531","0,813",,"0,031","1,5290","0,531",,
Donepezildecoy9,416,"-8,5",0,1,403,13,,"0,533","0,813",,"0,031","1,5254","0,533",,
Tolserinedecoy37,417,"-8,5",0,1,404,13,,"0,534","0,813",,"0,031","1,5217","0,534",,
4iodo-4tetrahydroacridindecoy29,418,"-8,5",0,1,405,13,,"0,535","0,813",,"0,031","1,5181","0,535",,
Physostigminedecoy4,419,"-8,5",0,1,406,13,,"0,536","0,813",,"0,031","1,5144","0,536",,
3iodo-2tetrahydroacridindecoy15,420,"-8,5",0,1,407,13,,"0,538","0,813",,"0,031","1,5108","0,538",,
Bis-tacrinedecoy26,421,"-8,5",0,1,408,13,,"0,539","0,813",,"0,031","1,5072","0,539",,
Heptyl-physostigminedecoy21,422,"-8,5",0,1,409,13,,"0,540","0,813",,"0,031","1,5037","0,540",,
Tolserinedecoy35,423,"-8,5",0,1,410,13,,"0,542","0,813",,"0,031","1,5001","0,542",,
Donepezildecoy15,424,"-8,5",0,1,411,13,,"0,543","0,813",,"0,031","1,4966","0,543",,
2iodo-4tetrahydroacridindecoy2,425,"-8,5",0,1,412,13,,"0,544","0,813",,"0,031","1,4931","0,544",,
Physostigminedecoy44,426,"-8,5",0,1,413,13,,"0,545","0,813",,"0,031","1,4896","0,545",,
4iodo-2tetrahydroacridindecoy7,428,"-8,5",0,1,414,13,,"0,548","0,813",,"0,030","1,4826","0,548",,
Bis-tacrinedecoy4,429,"-8,5",0,1,415,13,,"0,549","0,813",,"0,030","1,4791","0,549",,
4iodo-4tetrahydroacridindecoy34,430,"-8,5",0,1,416,13,,"0,551","0,813",,"0,030","1,4757","0,551",,
Velnacrine,427,"-8,5",1,0,416,14,,"0,547","0,875",,"0,033","1,6004","0,547",,
4iodo-3tetrahydroacridindecoy24,431,"-8,4",0,1,417,14,,"0,552","0,875",,"0,032","1,5855","0,552",,
Donepezildecoy39,432,"-8,4",0,1,418,14,,"0,553","0,875",,"0,032","1,5819","0,553",,
2iodo-2tetrahydroacridindecoy15,433,"-8,4",0,1,419,14,,"0,554","0,875",,"0,032","1,5782","0,554",,
Donepezildecoy20,434,"-8,4",0,1,420,14,,"0,556","0,875",,"0,032","1,5746","0,556",,
Tacrinedecoy43,435,"-8,4",0,1,421,14,,"0,557","0,875",,"0,032","1,5709","0,557",,
2iodo-4tetrahydroacridindecoy8,438,"-8,4",0,1,422,14,,"0,561","0,875",,"0,032","1,5602","0,561",,
Donepezildecoy25,439,"-8,4",0,1,423,14,,"0,562","0,875",,"0,032","1,5566","0,562",,
3iodo-4tetrahydroacridindecoy11,440,"-8,4",0,1,424,14,,"0,563","0,875",,"0,032","1,5531","0,563",,
Tolserinedecoy29,441,"-8,4",0,1,425,14,,"0,565","0,875",,"0,032","1,5496","0,565",,
3iodo-2tetrahydroacridindecoy10,442,"-8,4",0,1,426,14,,"0,566","0,875",,"0,032","1,5461","0,566",,
3iodo-2tetrahydroacridindecoy42,443,"-8,4",0,1,427,14,,"0,567","0,875",,"0,032","1,5426","0,567",,
2iodo-3tetrahydroacridindecoy31,444,"-8,4",0,1,428,14,,"0,569","0,875",,"0,032","1,5391","0,569",,
2iodo-4tetrahydroacridindecoy37,445,"-8,4",0,1,429,14,,"0,570","0,875",,"0,031","1,5356","0,570",,
2iodo-4tetrahydroacridindecoy5,446,"-8,4",0,1,430,14,,"0,571","0,875",,"0,031","1,5322","0,571",,
4iodo-4tetrahydroacridindecoy22,447,"-8,4",0,1,431,14,,"0,572","0,875",,"0,031","1,5288","0,572",,
4iodo-4tetrahydroacridindecoy24,448,"-8,4",0,1,432,14,,"0,574","0,875",,"0,031","1,5254","0,574",,
3iodo-4tetrahydroacridindecoy5,449,"-8,4",0,1,433,14,,"0,575","0,875",,"0,031","1,5220","0,575",,
Bis-tacrinedecoy39,450,"-8,4",0,1,434,14,,"0,576","0,875",,"0,031","1,5186","0,576",,
Bis-tacrinedecoy5,451,"-8,4",0,1,435,14,,"0,577","0,875",,"0,031","1,5152","0,577",,
Heptyl-physostigminedecoy14,452,"-8,4",0,1,436,14,,"0,579","0,875",,"0,031","1,5119","0,579",,
Heptyl-physostigminedecoy39,453,"-8,4",0,1,437,14,,"0,580","0,875",,"0,031","1,5085","0,580",,
4iodo-2tetrahydroacridindecoy14,454,"-8,4",0,1,438,14,,"0,581","0,875",,"0,031","1,5052","0,581",,
Physostigminedecoy15,455,"-8,4",0,1,439,14,,"0,583","0,875",,"0,031","1,5019","0,583",,
4iodo-3tetrahydroacridindecoy30,456,"-8,4",0,1,440,14,,"0,584","0,875",,"0,031","1,4986","0,584",,
Tolserinedecoy28,457,"-8,4",0,1,441,14,,"0,585","0,875",,"0,031","1,4953","0,585",,
Tacrine,436,"-8,4",1,0,441,15,,"0,558","0,938",,"0,034","1,6793","0,558",,
Physostigmine,437,"-8,4",1,0,441,16,,"0,560","1,000",,"0,037","1,7871","0,560",,
Galantaminedecoy20,458,"-8,3",0,1,442,16,,"0,586","1,000",,"0,035","1,7052","0,586",,
2iodo-2tetrahydroacridindecoy7,459,"-8,3",0,1,443,16,,"0,588","1,000",,"0,035","1,7015","0,588",,
Galantaminedecoy9,460,"-8,3",0,1,444,16,,"0,589","1,000",,"0,035","1,6978","0,589",,
3iodo-2tetrahydroacridindecoy27,461,"-8,3",0,1,445,16,,"0,590","1,000",,"0,035","1,6941","0,590",,
Tolserinedecoy3,462,"-8,3",0,1,446,16,,"0,592","1,000",,"0,035","1,6904","0,592",,
3iodo-4tetrahydroacridindecoy3,463,"-8,3",0,1,447,16,,"0,593","1,000",,"0,035","1,6868","0,593",,
Heptyl-physostigminedecoy1,464,"-8,3",0,1,448,16,,"0,594","1,000",,"0,034","1,6832","0,594",,
Physostigminedecoy23,465,"-8,3",0,1,449,16,,"0,595","1,000",,"0,034","1,6795","0,595",,
4iodo-3tetrahydroacridindecoy31,466,"-8,3",0,1,450,16,,"0,597","1,000",,"0,034","1,6759","0,597",,
Tolserinedecoy25,467,"-8,3",0,1,451,16,,"0,598","1,000",,"0,034","1,6723","0,598",,
Galantaminedecoy31,468,"-8,3",0,1,452,16,,"0,599","1,000",,"0,034","1,6688","0,599",,
Galantaminedecoy5,469,"-8,3",0,1,453,16,,"0,601","1,000",,"0,034","1,6652","0,601",,
Heptyl-physostigminedecoy6,470,"-8,3",0,1,454,16,,"0,602","1,000",,"0,034","1,6617","0,602",,
3iodo-4tetrahydroacridindecoy47,471,"-8,3",0,1,455,16,,"0,603","1,000",,"0,034","1,6581","0,603",,
4iodo-3tetrahydroacridindecoy5,472,"-8,3",0,1,456,16,,"0,604","1,000",,"0,034","1,6546","0,604",,
Tolserinedecoy41,473,"-8,3",0,1,457,16,,"0,606","1,000",,"0,034","1,6511","0,606",,
3iodo-2tetrahydroacridindecoy24,474,"-8,3",0,1,458,16,,"0,607","1,000",,"0,034","1,6476","0,607",,
3iodo-4tetrahydroacridindecoy22,475,"-8,3",0,1,459,16,,"0,608","1,000",,"0,034","1,6442","0,608",,
4iodo-3tetrahydroacridindecoy8,476,"-8,3",0,1,460,16,,"0,609","1,000",,"0,034","1,6407","0,609",,
4iodo-3tetrahydroacridindecoy33,477,"-8,2",0,1,461,16,,"0,611","1,000",,"0,034","1,6373","0,611",,
Donepezildecoy17,478,"-8,2",0,1,462,16,,"0,612","1,000",,"0,033","1,6339","0,612",,
Physostigminedecoy7,479,"-8,2",0,1,463,16,,"0,613","1,000",,"0,033","1,6304","0,613",,
Donepezildecoy40,480,"-8,2",0,1,464,16,,"0,615","1,000",,"0,033","1,6270","0,615",,
4iodo-2tetrahydroacridindecoy11,481,"-8,2",0,1,465,16,,"0,616","1,000",,"0,033","1,6237","0,616",,
Galantaminedecoy23,482,"-8,2",0,1,466,16,,"0,617","1,000",,"0,033","1,6203","0,617",,
Physostigminedecoy16,483,"-8,2",0,1,467,16,,"0,618","1,000",,"0,033","1,6169","0,618",,
Physostigminedecoy18,484,"-8,2",0,1,468,16,,"0,620","1,000",,"0,033","1,6136","0,620",,
3iodo-4tetrahydroacridindecoy37,485,"-8,2",0,1,469,16,,"0,621","1,000",,"0,033","1,6103","0,621",,
2iodo-4tetrahydroacridindecoy10,486,"-8,2",0,1,470,16,,"0,622","1,000",,"0,033","1,6070","0,622",,
Physostigminedecoy25,487,"-8,2",0,1,471,16,,"0,624","1,000",,"0,033","1,6037","0,624",,
Physostigminedecoy48,488,"-8,2",0,1,472,16,,"0,625","1,000",,"0,033","1,6004","0,625",,
3iodo-4tetrahydroacridindecoy39,489,"-8,2",0,1,473,16,,"0,626","1,000",,"0,033","1,5971","0,626",,
Physostigminedecoy9,490,"-8,2",0,1,474,16,,"0,627","1,000",,"0,033","1,5938","0,627",,
2iodo-3tetrahydroacridindecoy43,491,"-8,2",0,1,475,16,,"0,629","1,000",,"0,033","1,5906","0,629",,
Physostigminedecoy33,492,"-8,2",0,1,476,16,,"0,630","1,000",,"0,033","1,5874","0,630",,
Heptyl-physostigminedecoy25,493,"-8,2",0,1,477,16,,"0,631","1,000",,"0,032","1,5841","0,631",,
4iodo-3tetrahydroacridindecoy7,494,"-8,2",0,1,478,16,,"0,633","1,000",,"0,032","1,5809","0,633",,
Galantaminedecoy7,495,"-8,2",0,1,479,16,,"0,634","1,000",,"0,032","1,5777","0,634",,
Tacrinedecoy32,496,"-8,2",0,1,480,16,,"0,635","1,000",,"0,032","1,5746","0,635",,
4iodo-4tetrahydroacridindecoy48,497,"-8,2",0,1,481,16,,"0,636","1,000",,"0,032","1,5714","0,636",,
Physostigminedecoy36,498,"-8,2",0,1,482,16,,"0,638","1,000",,"0,032","1,5682","0,638",,
Donepezildecoy5,499,"-8,2",0,1,483,16,,"0,639","1,000",,"0,032","1,5651","0,639",,
Physostigminedecoy3,500,"-8,2",0,1,484,16,,"0,640","1,000",,"0,032","1,5620","0,640",,
Physostigminedecoy35,501,"-8,2",0,1,485,16,,"0,641","1,000",,"0,032","1,5588","0,641",,
Tacrinedecoy39,502,"-8,2",0,1,486,16,,"0,643","1,000",,"0,032","1,5557","0,643",,
Tolserinedecoy30,503,"-8,2",0,1,487,16,,"0,644","1,000",,"0,032","1,5527","0,644",,
3iodo-4tetrahydroacridindecoy19,504,"-8,2",0,1,488,16,,"0,645","1,000",,"0,032","1,5496","0,645",,
4iodo-4tetrahydroacridindecoy47,505,"-8,2",0,1,489,16,,"0,647","1,000",,"0,032","1,5465","0,647",,
Physostigminedecoy2,506,"-8,2",0,1,490,16,,"0,648","1,000",,"0,032","1,5434","0,648",,
Bis-tacrinedecoy45,507,"-8,1",0,1,491,16,,"0,649","1,000",,"0,032","1,5404","0,649",,
3iodo-4tetrahydroacridindecoy20,508,"-8,1",0,1,492,16,,"0,650","1,000",,"0,031","1,5374","0,650",,
Tacrinedecoy5,509,"-8,1",0,1,493,16,,"0,652","1,000",,"0,031","1,5343","0,652",,
3iodo-2tetrahydroacridindecoy33,510,"-8,1",0,1,494,16,,"0,653","1,000",,"0,031","1,5313","0,653",,
2iodo-4tetrahydroacridindecoy45,511,"-8,1",0,1,495,16,,"0,654","1,000",,"0,031","1,5283","0,654",,
2iodo-4tetrahydroacridindecoy50,512,"-8,1",0,1,496,16,,"0,656","1,000",,"0,031","1,5254","0,656",,
Bis-tacrinedecoy18,513,"-8,1",0,1,497,16,,"0,657","1,000",,"0,031","1,5224","0,657",,
Tacrinedecoy50,514,"-8,1",0,1,498,16,,"0,658","1,000",,"0,031","1,5194","0,658",,
Physostigminedecoy39,515,"-8,1",0,1,499,16,,"0,659","1,000",,"0,031","1,5165","0,659",,
Physostigminedecoy17,516,"-8,1",0,1,500,16,,"0,661","1,000",,"0,031","1,5135","0,661",,
Donepezildecoy42,517,"-8,1",0,1,501,16,,"0,662","1,000",,"0,031","1,5106","0,662",,
Heptyl-physostigminedecoy11,518,"-8,1",0,1,502,16,,"0,663","1,000",,"0,031","1,5077","0,663",,
2iodo-4tetrahydroacridindecoy38,519,"-8,1",0,1,503,16,,"0,665","1,000",,"0,031","1,5048","0,665",,
3iodo-2tetrahydroacridindecoy35,520,"-8,1",0,1,504,16,,"0,666","1,000",,"0,031","1,5019","0,666",,
Tacrinedecoy26,521,"-8,1",0,1,505,16,,"0,667","1,000",,"0,031","1,4990","0,667",,
4iodo-3tetrahydroacridindecoy43,522,"-8,0",0,1,506,16,,"0,668","1,000",,"0,031","1,4961","0,668",,
Physostigminedecoy45,523,"-8,0",0,1,507,16,,"0,670","1,000",,"0,031","1,4933","0,670",,
2iodo-2tetrahydroacridindecoy32,524,"-8,0",0,1,508,16,,"0,671","1,000",,"0,031","1,4904","0,671",,
Bis-tacrinedecoy3,525,"-8,0",0,1,509,16,,"0,672","1,000",,"0,030","1,4876","0,672",,
2iodo-2tetrahydroacridindecoy45,526,"-8,0",0,1,510,16,,"0,673","1,000",,"0,030","1,4848","0,673",,
Tacrinedecoy46,527,"-8,0",0,1,511,16,,"0,675","1,000",,"0,030","1,4819","0,675",,
Bis-tacrinedecoy48,528,"-8,0",0,1,512,16,,"0,676","1,000",,"0,030","1,4791","0,676",,
Heptyl-physostigminedecoy40,529,"-8,0",0,1,513,16,,"0,677","1,000",,"0,030","1,4763","0,677",,
Heptyl-physostigminedecoy26,530,"-8,0",0,1,514,16,,"0,679","1,000",,"0,030","1,4736","0,679",,
4iodo-3tetrahydroacridindecoy6,531,"-8,0",0,1,515,16,,"0,680","1,000",,"0,030","1,4708","0,680",,
Donepezildecoy36,532,"-8,0",0,1,516,16,,"0,681","1,000",,"0,030","1,4680","0,681",,
Physostigminedecoy38,533,"-7,9",0,1,517,16,,"0,682","1,000",,"0,030","1,4653","0,682",,
2iodo-2tetrahydroacridindecoy23,534,"-7,9",0,1,518,16,,"0,684","1,000",,"0,030","1,4625","0,684",,
2iodo-3tetrahydroacridindecoy36,535,"-7,9",0,1,519,16,,"0,685","1,000",,"0,030","1,4598","0,685",,
4iodo-3tetrahydroacridindecoy36,536,"-7,9",0,1,520,16,,"0,686","1,000",,"0,030","1,4571","0,686",,
Bis-tacrinedecoy37,537,"-7,9",0,1,521,16,,"0,688","1,000",,"0,030","1,4543","0,688",,
Tolserinedecoy14,538,"-7,9",0,1,522,16,,"0,689","1,000",,"0,030","1,4516","0,689",,
Bis-tacrinedecoy21,539,"-7,9",0,1,523,16,,"0,690","1,000",,"0,030","1,4489","0,690",,
Galantaminedecoy14,540,"-7,9",0,1,524,16,,"0,691","1,000",,"0,030","1,4463","0,691",,
2iodo-3tetrahydroacridindecoy10,541,"-7,9",0,1,525,16,,"0,693","1,000",,"0,030","1,4436","0,693",,
3iodo-4tetrahydroacridindecoy21,542,"-7,9",0,1,526,16,,"0,694","1,000",,"0,030","1,4409","0,694",,
Tacrinedecoy13,543,"-7,9",0,1,527,16,,"0,695","1,000",,"0,029","1,4383","0,695",,
2iodo-2tetrahydroacridindecoy24,544,"-7,9",0,1,528,16,,"0,697","1,000",,"0,029","1,4356","0,697",,
Galantaminedecoy48,545,"-7,9",0,1,529,16,,"0,698","1,000",,"0,029","1,4330","0,698",,
2iodo-2tetrahydroacridindecoy49,546,"-7,9",0,1,530,16,,"0,699","1,000",,"0,029","1,4304","0,699",,
Bis-tacrinedecoy1,547,"-7,9",0,1,531,16,,"0,700","1,000",,"0,029","1,4278","0,700",,
Galantaminedecoy34,548,"-7,9",0,1,532,16,,"0,702","1,000",,"0,029","1,4252","0,702",,
Physostigminedecoy11,549,"-7,9",0,1,533,16,,"0,703","1,000",,"0,029","1,4226","0,703",,
Bis-tacrinedecoy41,550,"-7,9",0,1,534,16,,"0,704","1,000",,"0,029","1,4200","0,704",,
Galantaminedecoy2,551,"-7,9",0,1,535,16,,"0,706","1,000",,"0,029","1,4174","0,706",,
Physostigminedecoy26,552,"-7,9",0,1,536,16,,"0,707","1,000",,"0,029","1,4148","0,707",,
Galantaminedecoy40,553,"-7,9",0,1,537,16,,"0,708","1,000",,"0,029","1,4123","0,708",,
Heptyl-physostigminedecoy34,554,"-7,8",0,1,538,16,,"0,709","1,000",,"0,029","1,4097","0,709",,
Galantaminedecoy28,555,"-7,8",0,1,539,16,,"0,711","1,000",,"0,029","1,4072","0,711",,
Physostigminedecoy12,556,"-7,8",0,1,540,16,,"0,712","1,000",,"0,029","1,4046","0,712",,
3iodo-4tetrahydroacridindecoy34,557,"-7,8",0,1,541,16,,"0,713","1,000",,"0,029","1,4021","0,713",,
Bis-tacrinedecoy49,558,"-7,8",0,1,542,16,,"0,714","1,000",,"0,029","1,3996","0,714",,
Galantaminedecoy38,559,"-7,8",0,1,543,16,,"0,716","1,000",,"0,029","1,3971","0,716",,
2iodo-3tetrahydroacridindecoy12,560,"-7,8",0,1,544,16,,"0,717","1,000",,"0,029","1,3946","0,717",,
Galantaminedecoy39,561,"-7,8",0,1,545,16,,"0,718","1,000",,"0,029","1,3921","0,718",,
2iodo-3tetrahydroacridindecoy34,562,"-7,8",0,1,546,16,,"0,720","1,000",,"0,028","1,3896","0,720",,
4iodo-3tetrahydroacridindecoy10,563,"-7,8",0,1,547,16,,"0,721","1,000",,"0,028","1,3872","0,721",,
3iodo-2tetrahydroacridindecoy5,564,"-7,8",0,1,548,16,,"0,722","1,000",,"0,028","1,3847","0,722",,
4iodo-2tetrahydroacridindecoy49,565,"-7,8",0,1,549,16,,"0,723","1,000",,"0,028","1,3823","0,723",,
Velnacrinedecoy45,566,"-7,8",0,1,550,16,,"0,725","1,000",,"0,028","1,3798","0,725",,
3iodo-4tetrahydroacridindecoy35,567,"-7,8",0,1,551,16,,"0,726","1,000",,"0,028","1,3774","0,726",,
Tolserinedecoy46,568,"-7,8",0,1,552,16,,"0,727","1,000",,"0,028","1,3750","0,727",,
Heptyl-physostigminedecoy28,569,"-7,8",0,1,553,16,,"0,729","1,000",,"0,028","1,3726","0,729",,
4iodo-4tetrahydroacridindecoy36,570,"-7,8",0,1,554,16,,"0,730","1,000",,"0,028","1,3701","0,730",,
3iodo-2tetrahydroacridindecoy17,571,"-7,7",0,1,555,16,,"0,731","1,000",,"0,028","1,3677","0,731",,
Tacrinedecoy6,572,"-7,7",0,1,556,16,,"0,732","1,000",,"0,028","1,3654","0,732",,
2iodo-3tetrahydroacridindecoy2,573,"-7,7",0,1,557,16,,"0,734","1,000",,"0,028","1,3630","0,734",,
Galantaminedecoy49,574,"-7,7",0,1,558,16,,"0,735","1,000",,"0,028","1,3606","0,735",,
Tacrinedecoy12,575,"-7,7",0,1,559,16,,"0,736","1,000",,"0,028","1,3582","0,736",,
3iodo-2tetrahydroacridindecoy29,576,"-7,7",0,1,560,16,,"0,738","1,000",,"0,028","1,3559","0,738",,
Velnacrinedecoy5,577,"-7,7",0,1,561,16,,"0,739","1,000",,"0,028","1,3535","0,739",,
Galantaminedecoy6,578,"-7,7",0,1,562,16,,"0,740","1,000",,"0,028","1,3512","0,740",,
Donepezildecoy50,579,"-7,7",0,1,563,16,,"0,741","1,000",,"0,028","1,3488","0,741",,
2iodo-4tetrahydroacridindecoy36,580,"-7,7",0,1,564,16,,"0,743","1,000",,"0,028","1,3465","0,743",,
3iodo-4tetrahydroacridindecoy14,581,"-7,7",0,1,565,16,,"0,744","1,000",,"0,028","1,3442","0,744",,
Tacrinedecoy8,582,"-7,7",0,1,566,16,,"0,745","1,000",,"0,027","1,3419","0,745",,
Physostigminedecoy41,583,"-7,7",0,1,567,16,,"0,746","1,000",,"0,027","1,3396","0,746",,
Bis-tacrinedecoy19,584,"-7,7",0,1,568,16,,"0,748","1,000",,"0,027","1,3373","0,748",,
Physostigminedecoy37,585,"-7,7",0,1,569,16,,"0,749","1,000",,"0,027","1,3350","0,749",,
2iodo-4tetrahydroacridindecoy32,586,"-7,6",0,1,570,16,,"0,750","1,000",,"0,027","1,3327","0,750",,
4iodo-4tetrahydroacridindecoy25,587,"-7,6",0,1,571,16,,"0,752","1,000",,"0,027","1,3305","0,752",,
2iodo-3tetrahydroacridindecoy5,588,"-7,6",0,1,572,16,,"0,753","1,000",,"0,027","1,3282","0,753",,
Velnacrinedecoy49,589,"-7,6",0,1,573,16,,"0,754","1,000",,"0,027","1,3259","0,754",,
Heptyl-physostigminedecoy48,590,"-7,6",0,1,574,16,,"0,755","1,000",,"0,027","1,3237","0,755",,
Physostigminedecoy28,591,"-7,6",0,1,575,16,,"0,757","1,000",,"0,027","1,3215","0,757",,
Tacrinedecoy16,592,"-7,6",0,1,576,16,,"0,758","1,000",,"0,027","1,3192","0,758",,
Heptyl-physostigminedecoy12,593,"-7,6",0,1,577,16,,"0,759","1,000",,"0,027","1,3170","0,759",,
Tacrinedecoy1,594,"-7,6",0,1,578,16,,"0,761","1,000",,"0,027","1,3148","0,761",,
Physostigminedecoy20,595,"-7,6",0,1,579,16,,"0,762","1,000",,"0,027","1,3126","0,762",,
Velnacrinedecoy24,596,"-7,6",0,1,580,16,,"0,763","1,000",,"0,027","1,3104","0,763",,
Tolserinedecoy40,597,"-7,6",0,1,581,16,,"0,764","1,000",,"0,027","1,3082","0,764",,
3iodo-2tetrahydroacridindecoy25,598,"-7,6",0,1,582,16,,"0,766","1,000",,"0,027","1,3060","0,766",,
Physostigminedecoy46,599,"-7,6",0,1,583,16,,"0,767","1,000",,"0,027","1,3038","0,767",,
Heptyl-physostigminedecoy20,600,"-7,6",0,1,584,16,,"0,768","1,000",,"0,027","1,3016","0,768",,
Bis-tacrinedecoy8,601,"-7,6",0,1,585,16,,"0,770","1,000",,"0,027","1,2995","0,770",,
Tacrinedecoy25,602,"-7,6",0,1,586,16,,"0,771","1,000",,"0,027","1,2973","0,771",,
Galantaminedecoy22,603,"-7,6",0,1,587,16,,"0,772","1,000",,"0,027","1,2952","0,772",,
3iodo-4tetrahydroacridindecoy50,604,"-7,6",0,1,588,16,,"0,773","1,000",,"0,026","1,2930","0,773",,
Galantaminedecoy15,605,"-7,6",0,1,589,16,,"0,775","1,000",,"0,026","1,2909","0,775",,
Physostigminedecoy29,606,"-7,6",0,1,590,16,,"0,776","1,000",,"0,026","1,2888","0,776",,
2iodo-2tetrahydroacridindecoy10,607,"-7,5",0,1,591,16,,"0,777","1,000",,"0,026","1,2866","0,777",,
Velnacrinedecoy33,608,"-7,5",0,1,592,16,,"0,778","1,000",,"0,026","1,2845","0,778",,
Tacrinedecoy40,609,"-7,5",0,1,593,16,,"0,780","1,000",,"0,026","1,2824","0,780",,
Galantaminedecoy33,610,"-7,5",0,1,594,16,,"0,781","1,000",,"0,026","1,2803","0,781",,
3iodo-2tetrahydroacridindecoy16,611,"-7,5",0,1,595,16,,"0,782","1,000",,"0,026","1,2782","0,782",,
Galantaminedecoy1,612,"-7,5",0,1,596,16,,"0,784","1,000",,"0,026","1,2761","0,784",,
Velnacrinedecoy34,613,"-7,5",0,1,597,16,,"0,785","1,000",,"0,026","1,2740","0,785",,
4iodo-2tetrahydroacridindecoy27,614,"-7,5",0,1,598,16,,"0,786","1,000",,"0,026","1,2720","0,786",,
2iodo-4tetrahydroacridindecoy17,615,"-7,5",0,1,599,16,,"0,787","1,000",,"0,026","1,2699","0,787",,
4iodo-2tetrahydroacridindecoy43,616,"-7,5",0,1,600,16,,"0,789","1,000",,"0,026","1,2678","0,789",,
Physostigminedecoy32,617,"-7,5",0,1,601,16,,"0,790","1,000",,"0,026","1,2658","0,790",,
Velnacrinedecoy26,618,"-7,5",0,1,602,16,,"0,791","1,000",,"0,026","1,2637","0,791",,
Velnacrinedecoy41,619,"-7,5",0,1,603,16,,"0,793","1,000",,"0,026","1,2617","0,793",,
Galantaminedecoy10,620,"-7,5",0,1,604,16,,"0,794","1,000",,"0,026","1,2597","0,794",,
3iodo-4tetrahydroacridindecoy2,621,"-7,5",0,1,605,16,,"0,795","1,000",,"0,026","1,2576","0,795",,
Galantaminedecoy11,622,"-7,5",0,1,606,16,,"0,796","1,000",,"0,026","1,2556","0,796",,
4iodo-4tetrahydroacridindecoy49,623,"-7,5",0,1,607,16,,"0,798","1,000",,"0,026","1,2536","0,798",,
Physostigminedecoy21,624,"-7,5",0,1,608,16,,"0,799","1,000",,"0,026","1,2516","0,799",,
Galantaminedecoy35,625,"-7,4",0,1,609,16,,"0,800","1,000",,"0,026","1,2496","0,800",,
Donepezildecoy16,626,"-7,4",0,1,610,16,,"0,802","1,000",,"0,026","1,2476","0,802",,
Tolserinedecoy47,627,"-7,4",0,1,611,16,,"0,803","1,000",,"0,026","1,2456","0,803",,
Velnacrinedecoy30,628,"-7,4",0,1,612,16,,"0,804","1,000",,"0,025","1,2436","0,804",,
Physostigminedecoy40,629,"-7,4",0,1,613,16,,"0,805","1,000",,"0,025","1,2416","0,805",,
Tacrinedecoy31,630,"-7,4",0,1,614,16,,"0,807","1,000",,"0,025","1,2397","0,807",,
Tacrinedecoy38,631,"-7,4",0,1,615,16,,"0,808","1,000",,"0,025","1,2377","0,808",,
3iodo-2tetrahydroacridindecoy36,632,"-7,4",0,1,616,16,,"0,809","1,000",,"0,025","1,2357","0,809",,
Galantaminedecoy47,633,"-7,4",0,1,617,16,,"0,810","1,000",,"0,025","1,2338","0,810",,
2iodo-2tetrahydroacridindecoy4,634,"-7,4",0,1,618,16,,"0,812","1,000",,"0,025","1,2318","0,812",,
Velnacrinedecoy36,635,"-7,4",0,1,619,16,,"0,813","1,000",,"0,025","1,2299","0,813",,
Physostigminedecoy8,636,"-7,4",0,1,620,16,,"0,814","1,000",,"0,025","1,2280","0,814",,
Physostigminedecoy42,637,"-7,3",0,1,621,16,,"0,816","1,000",,"0,025","1,2260","0,816",,
Tacrinedecoy24,638,"-7,3",0,1,622,16,,"0,817","1,000",,"0,025","1,2241","0,817",,
Donepezildecoy27,639,"-7,3",0,1,623,16,,"0,818","1,000",,"0,025","1,2222","0,818",,
Galantaminedecoy41,640,"-7,3",0,1,624,16,,"0,819","1,000",,"0,025","1,2203","0,819",,
4iodo-2tetrahydroacridindecoy21,641,"-7,3",0,1,625,16,,"0,821","1,000",,"0,025","1,2184","0,821",,
2iodo-3tetrahydroacridindecoy8,642,"-7,3",0,1,626,16,,"0,822","1,000",,"0,025","1,2165","0,822",,
4iodo-3tetrahydroacridindecoy35,643,"-7,3",0,1,627,16,,"0,823","1,000",,"0,025","1,2146","0,823",,
Physostigminedecoy47,644,"-7,3",0,1,628,16,,"0,825","1,000",,"0,025","1,2127","0,825",,
Velnacrinedecoy22,645,"-7,3",0,1,629,16,,"0,826","1,000",,"0,025","1,2108","0,826",,
Velnacrinedecoy32,646,"-7,3",0,1,630,16,,"0,827","1,000",,"0,025","1,2090","0,827",,
3iodo-2tetrahydroacridindecoy19,647,"-7,3",0,1,631,16,,"0,828","1,000",,"0,025","1,2071","0,828",,
Galantaminedecoy29,648,"-7,3",0,1,632,16,,"0,830","1,000",,"0,025","1,2052","0,830",,
4iodo-4tetrahydroacridindecoy6,649,"-7,3",0,1,633,16,,"0,831","1,000",,"0,025","1,2034","0,831",,
Physostigminedecoy43,650,"-7,3",0,1,634,16,,"0,832","1,000",,"0,025","1,2015","0,832",,
4iodo-4tetrahydroacridindecoy37,651,"-7,3",0,1,635,16,,"0,834","1,000",,"0,025","1,1997","0,834",,
Physostigminedecoy30,652,"-7,3",0,1,636,16,,"0,835","1,000",,"0,025","1,1978","0,835",,
Velnacrinedecoy50,653,"-7,3",0,1,637,16,,"0,836","1,000",,"0,025","1,1960","0,836",,
Velnacrinedecoy40,654,"-7,2",0,1,638,16,,"0,837","1,000",,"0,024","1,1942","0,837",,
Velnacrinedecoy14,655,"-7,2",0,1,639,16,,"0,839","1,000",,"0,024","1,1923","0,839",,
Galantaminedecoy19,656,"-7,2",0,1,640,16,,"0,840","1,000",,"0,024","1,1905","0,840",,
Galantaminedecoy43,657,"-7,2",0,1,641,16,,"0,841","1,000",,"0,024","1,1887","0,841",,
Velnacrinedecoy4,658,"-7,2",0,1,642,16,,"0,843","1,000",,"0,024","1,1869","0,843",,
Velnacrinedecoy48,659,"-7,2",0,1,643,16,,"0,844","1,000",,"0,024","1,1851","0,844",,
3iodo-4tetrahydroacridindecoy13,660,"-7,2",0,1,644,16,,"0,845","1,000",,"0,024","1,1833","0,845",,
Tacrinedecoy48,661,"-7,2",0,1,645,16,,"0,846","1,000",,"0,024","1,1815","0,846",,
Tacrinedecoy49,662,"-7,2",0,1,646,16,,"0,848","1,000",,"0,024","1,1797","0,848",,
Velnacrinedecoy10,663,"-7,2",0,1,647,16,,"0,849","1,000",,"0,024","1,1780","0,849",,
Tolserinedecoy1,664,"-7,2",0,1,648,16,,"0,850","1,000",,"0,024","1,1762","0,850",,
Velnacrinedecoy3,665,"-7,2",0,1,649,16,,"0,851","1,000",,"0,024","1,1744","0,851",,
Velnacrinedecoy35,666,"-7,2",0,1,650,16,,"0,853","1,000",,"0,024","1,1726","0,853",,
2iodo-3tetrahydroacridindecoy25,667,"-7,1",0,1,651,16,,"0,854","1,000",,"0,024","1,1709","0,854",,
Galantaminedecoy42,668,"-7,1",0,1,652,16,,"0,855","1,000",,"0,024","1,1691","0,855",,
3iodo-4tetrahydroacridindecoy45,669,"-7,1",0,1,653,16,,"0,857","1,000",,"0,024","1,1674","0,857",,
Velnacrinedecoy18,670,"-7,1",0,1,654,16,,"0,858","1,000",,"0,024","1,1656","0,858",,
Heptyl-physostigminedecoy22,671,"-7,1",0,1,655,16,,"0,859","1,000",,"0,024","1,1639","0,859",,
2iodo-4tetrahydroacridindecoy20,672,"-7,1",0,1,656,16,,"0,860","1,000",,"0,024","1,1622","0,860",,
3iodo-2tetrahydroacridindecoy31,673,"-7,1",0,1,657,16,,"0,862","1,000",,"0,024","1,1605","0,862",,
Galantaminedecoy12,674,"-7,1",0,1,658,16,,"0,863","1,000",,"0,024","1,1587","0,863",,
Galantaminedecoy37,675,"-7,1",0,1,659,16,,"0,864","1,000",,"0,024","1,1570","0,864",,
Velnacrinedecoy27,676,"-7,1",0,1,660,16,,"0,866","1,000",,"0,024","1,1553","0,866",,
Velnacrinedecoy6,677,"-7,1",0,1,661,16,,"0,867","1,000",,"0,024","1,1536","0,867",,
Tacrinedecoy19,678,"-7,1",0,1,662,16,,"0,868","1,000",,"0,024","1,1519","0,868",,
Velnacrinedecoy39,679,"-7,1",0,1,663,16,,"0,869","1,000",,"0,024","1,1502","0,869",,
Velnacrinedecoy47,680,"-7,1",0,1,664,16,,"0,871","1,000",,"0,024","1,1485","0,871",,
Tacrinedecoy47,681,"-7,1",0,1,665,16,,"0,872","1,000",,"0,023","1,1468","0,872",,
3iodo-4tetrahydroacridindecoy26,682,"-7,0",0,1,666,16,,"0,873","1,000",,"0,023","1,1451","0,873",,
Physostigminedecoy13,683,"-7,0",0,1,667,16,,"0,875","1,000",,"0,023","1,1435","0,875",,
3iodo-4tetrahydroacridindecoy12,684,"-7,0",0,1,668,16,,"0,876","1,000",,"0,023","1,1418","0,876",,
Velnacrinedecoy13,685,"-7,0",0,1,669,16,,"0,877","1,000",,"0,023","1,1401","0,877",,
Velnacrinedecoy43,686,"-7,0",0,1,670,16,,"0,878","1,000",,"0,023","1,1385","0,878",,
Tacrinedecoy35,687,"-7,0",0,1,671,16,,"0,880","1,000",,"0,023","1,1368","0,880",,
Velnacrinedecoy16,688,"-7,0",0,1,672,16,,"0,881","1,000",,"0,023","1,1351","0,881",,
Velnacrinedecoy9,689,"-7,0",0,1,673,16,,"0,882","1,000",,"0,023","1,1335","0,882",,
Galantaminedecoy46,690,"-7,0",0,1,674,16,,"0,883","1,000",,"0,023","1,1319","0,883",,
Velnacrinedecoy12,691,"-7,0",0,1,675,16,,"0,885","1,000",,"0,023","1,1302","0,885",,
Galantaminedecoy30,692,"-7,0",0,1,676,16,,"0,886","1,000",,"0,023","1,1286","0,886",,
Velnacrinedecoy28,693,"-7,0",0,1,677,16,,"0,887","1,000",,"0,023","1,1270","0,887",,
3iodo-2tetrahydroacridindecoy4,694,"-7,0",0,1,678,16,,"0,889","1,000",,"0,023","1,1253","0,889",,
Tacrinedecoy29,695,"-7,0",0,1,679,16,,"0,890","1,000",,"0,023","1,1237","0,890",,
Velnacrinedecoy2,696,"-7,0",0,1,680,16,,"0,891","1,000",,"0,023","1,1221","0,891",,
Tacrinedecoy14,697,"-6,9",0,1,681,16,,"0,892","1,000",,"0,023","1,1205","0,892",,
Tacrinedecoy23,698,"-6,9",0,1,682,16,,"0,894","1,000",,"0,023","1,1189","0,894",,
Galantaminedecoy13,699,"-6,9",0,1,683,16,,"0,895","1,000",,"0,023","1,1173","0,895",,
Galantaminedecoy8,700,"-6,9",0,1,684,16,,"0,896","1,000",,"0,023","1,1157","0,896",,
Tacrinedecoy28,701,"-6,9",0,1,685,16,,"0,898","1,000",,"0,023","1,1141","0,898",,
Velnacrinedecoy7,702,"-6,9",0,1,686,16,,"0,899","1,000",,"0,023","1,1125","0,899",,
4iodo-3tetrahydroacridindecoy22,703,"-6,9",0,1,687,16,,"0,900","1,000",,"0,023","1,1109","0,900",,
2iodo-4tetrahydroacridindecoy39,704,"-6,9",0,1,688,16,,"0,901","1,000",,"0,023","1,1094","0,901",,
Galantaminedecoy36,705,"-6,9",0,1,689,16,,"0,903","1,000",,"0,023","1,1078","0,903",,
Tacrinedecoy21,706,"-6,9",0,1,690,16,,"0,904","1,000",,"0,023","1,1062","0,904",,
Velnacrinedecoy19,707,"-6,9",0,1,691,16,,"0,905","1,000",,"0,023","1,1046","0,905",,
3iodo-2tetrahydroacridindecoy50,708,"-6,9",0,1,692,16,,"0,907","1,000",,"0,023","1,1031","0,907",,
4iodo-2tetrahydroacridindecoy18,709,"-6,9",0,1,693,16,,"0,908","1,000",,"0,023","1,1015","0,908",,
4iodo-3tetrahydroacridindecoy29,710,"-6,9",0,1,694,16,,"0,909","1,000",,"0,023","1,1000","0,909",,
Physostigminedecoy27,711,"-6,9",0,1,695,16,,"0,910","1,000",,"0,023","1,0984","0,910",,
Tolserinedecoy39,712,"-6,9",0,1,696,16,,"0,912","1,000",,"0,022","1,0969","0,912",,
Velnacrinedecoy1,713,"-6,9",0,1,697,16,,"0,913","1,000",,"0,022","1,0953","0,913",,
Velnacrinedecoy21,714,"-6,9",0,1,698,16,,"0,914","1,000",,"0,022","1,0938","0,914",,
3iodo-4tetrahydroacridindecoy38,715,"-6,9",0,1,699,16,,"0,915","1,000",,"0,022","1,0923","0,915",,
Tacrinedecoy36,716,"-6,9",0,1,700,16,,"0,917","1,000",,"0,022","1,0908","0,917",,
Velnacrinedecoy29,717,"-6,8",0,1,701,16,,"0,918","1,000",,"0,022","1,0892","0,918",,
2iodo-2tetrahydroacridindecoy38,718,"-6,8",0,1,702,16,,"0,919","1,000",,"0,022","1,0877","0,919",,
Velnacrinedecoy31,719,"-6,8",0,1,703,16,,"0,921","1,000",,"0,022","1,0862","0,921",,
Tacrinedecoy4,720,"-6,8",0,1,704,16,,"0,922","1,000",,"0,022","1,0847","0,922",,
Galantaminedecoy24,721,"-6,8",0,1,705,16,,"0,923","1,000",,"0,022","1,0832","0,923",,
Velnacrinedecoy8,722,"-6,8",0,1,706,16,,"0,924","1,000",,"0,022","1,0817","0,924",,
Tacrinedecoy34,723,"-6,8",0,1,707,16,,"0,926","1,000",,"0,022","1,0802","0,926",,
3iodo-4tetrahydroacridindecoy29,724,"-6,7",0,1,708,16,,"0,927","1,000",,"0,022","1,0787","0,927",,
Galantaminedecoy25,725,"-6,7",0,1,709,16,,"0,928","1,000",,"0,022","1,0772","0,928",,
Velnacrinedecoy38,726,"-6,7",0,1,710,16,,"0,930","1,000",,"0,022","1,0757","0,930",,
3iodo-4tetrahydroacridindecoy30,727,"-6,7",0,1,711,16,,"0,931","1,000",,"0,022","1,0743","0,931",,
Galantaminedecoy27,728,"-6,7",0,1,712,16,,"0,932","1,000",,"0,022","1,0728","0,932",,
Tacrinedecoy45,729,"-6,7",0,1,713,16,,"0,933","1,000",,"0,022","1,0713","0,933",,
Velnacrinedecoy11,730,"-6,7",0,1,714,16,,"0,935","1,000",,"0,022","1,0698","0,935",,
Velnacrinedecoy23,731,"-6,7",0,1,715,16,,"0,936","1,000",,"0,022","1,0684","0,936",,
2iodo-2tetrahydroacridindecoy50,732,"-6,7",0,1,716,16,,"0,937","1,000",,"0,022","1,0669","0,937",,
Tacrinedecoy42,733,"-6,6",0,1,717,16,,"0,939","1,000",,"0,022","1,0655","0,939",,
Tacrinedecoy9,734,"-6,6",0,1,718,16,,"0,940","1,000",,"0,022","1,0640","0,940",,
Velnacrinedecoy17,735,"-6,6",0,1,719,16,,"0,941","1,000",,"0,022","1,0626","0,941",,
Tacrinedecoy20,736,"-6,6",0,1,720,16,,"0,942","1,000",,"0,022","1,0611","0,942",,
Tacrinedecoy7,737,"-6,6",0,1,721,16,,"0,944","1,000",,"0,022","1,0597","0,944",,
Tacrinedecoy37,738,"-6,6",0,1,722,16,,"0,945","1,000",,"0,022","1,0582","0,945",,
Velnacrinedecoy37,739,"-6,6",0,1,723,16,,"0,946","1,000",,"0,022","1,0568","0,946",,
Galantaminedecoy3,740,"-6,5",0,1,724,16,,"0,948","1,000",,"0,022","1,0554","0,948",,
Velnacrinedecoy15,741,"-6,5",0,1,725,16,,"0,949","1,000",,"0,022","1,0540","0,949",,
Tacrinedecoy22,742,"-6,5",0,1,726,16,,"0,950","1,000",,"0,022","1,0525","0,950",,
Galantaminedecoy4,743,"-6,5",0,1,727,16,,"0,951","1,000",,"0,022","1,0511","0,951",,
2iodo-2tetrahydroacridindecoy36,744,"-6,5",0,1,728,16,,"0,953","1,000",,"0,022","1,0497","0,953",,
Galantaminedecoy21,745,"-6,5",0,1,729,16,,"0,954","1,000",,"0,021","1,0483","0,954",,
Tacrinedecoy17,746,"-6,5",0,1,730,16,,"0,955","1,000",,"0,021","1,0469","0,955",,
Tacrinedecoy44,747,"-6,5",0,1,731,16,,"0,956","1,000",,"0,021","1,0455","0,956",,
Velnacrinedecoy46,748,"-6,4",0,1,732,16,,"0,958","1,000",,"0,021","1,0441","0,958",,
2iodo-3tetrahydroacridindecoy32,749,"-6,4",0,1,733,16,,"0,959","1,000",,"0,021","1,0427","0,959",,
Tacrinedecoy30,750,"-6,4",0,1,734,16,,"0,960","1,000",,"0,021","1,0413","0,960",,
2iodo-3tetrahydroacridindecoy7,751,"-6,4",0,1,735,16,,"0,962","1,000",,"0,021","1,0399","0,962",,
4iodo-2tetrahydroacridindecoy1,752,"-6,4",0,1,736,16,,"0,963","1,000",,"0,021","1,0385","0,963",,
Velnacrinedecoy25,753,"-6,4",0,1,737,16,,"0,964","1,000",,"0,021","1,0372","0,964",,
Velnacrinedecoy20,754,"-6,3",0,1,738,16,,"0,965","1,000",,"0,021","1,0358","0,965",,
4iodo-2tetrahydroacridindecoy40,755,"-6,3",0,1,739,16,,"0,967","1,000",,"0,021","1,0344","0,967",,
4iodo-3tetrahydroacridindecoy46,756,"-6,3",0,1,740,16,,"0,968","1,000",,"0,021","1,0330","0,968",,
Velnacrinedecoy44,757,"-6,3",0,1,741,16,,"0,969","1,000",,"0,021","1,0317","0,969",,
Tacrinedecoy15,758,"-6,3",0,1,742,16,,"0,971","1,000",,"0,021","1,0303","0,971",,
2iodo-3tetrahydroacridindecoy4,759,"-6,2",0,1,743,16,,"0,972","1,000",,"0,021","1,0290","0,972",,
Galantaminedecoy26,760,"-6,1",0,1,744,16,,"0,973","1,000",,"0,021","1,0276","0,973",,
Tacrinedecoy27,761,"-6,1",0,1,745,16,,"0,974","1,000",,"0,021","1,0263","0,974",,
Tacrinedecoy18,762,"-6,1",0,1,746,16,,"0,976","1,000",,"0,021","1,0249","0,976",,
3iodo-2tetrahydroacridindecoy18,763,"-6,0",0,1,747,16,,"0,977","1,000",,"0,021","1,0236","0,977",,
Tacrinedecoy10,764,"-6,0",0,1,748,16,,"0,978","1,000",,"0,021","1,0222","0,978",,
3iodo-4tetrahydroacridindecoy24,765,"-6,0",0,1,749,16,,"0,980","1,000",,"0,021","1,0209","0,980",,
3iodo-4tetrahydroacridindecoy16,766,"-6,0",0,1,750,16,,"0,981","1,000",,"0,021","1,0196","0,981",,
Bis-tacrinedecoy9,767,"-6,0",0,1,751,16,,"0,982","1,000",,"0,021","1,0182","0,982",,
Bis-tacrinedecoy10,768,"-5,9",0,1,752,16,,"0,983","1,000",,"0,021","1,0169","0,983",,
3iodo-2tetrahydroacridindecoy13,769,"-5,8",0,1,753,16,,"0,985","1,000",,"0,021","1,0156","0,985",,
4iodo-2tetrahydroacridindecoy24,770,"-5,8",0,1,754,16,,"0,986","1,000",,"0,021","1,0143","0,986",,
2iodo-2tetrahydroacridindecoy26,771,"-5,7",0,1,755,16,,"0,987","1,000",,"0,021","1,0129","0,987",,
2iodo-2tetrahydroacridindecoy20,772,"-5,7",0,1,756,16,,"0,988","1,000",,"0,021","1,0116","0,988",,
4iodo-4tetrahydroacridindecoy13,773,"-5,6",0,1,757,16,,"0,990","1,000",,"0,021","1,0103","0,990",,
4iodo-3tetrahydroacridindecoy17,774,"-5,6",0,1,758,16,,"0,991","1,000",,"0,021","1,0090","0,991",,
Velnacrinedecoy42,775,"-5,5",0,1,759,16,,"0,992","1,000",,"0,021","1,0077","0,992",,
2iodo-2tetrahydroacridindecoy27,776,"-5,5",0,1,760,16,,"0,994","1,000",,"0,021","1,0064","0,994",,
2iodo-2tetrahydroacridindecoy21,777,"-5,4",0,1,761,16,,"0,995","1,000",,"0,021","1,0051","0,995",,
3iodo-4tetrahydroacridindecoy9,778,"-5,0",0,1,762,16,,"0,996","1,000",,"0,021","1,0038","0,996",,
2iodo-3tetrahydroacridindecoy30,779,"-4,8",0,1,763,16,,"0,997","1,000",,"0,021","1,0025","0,997",,
4iodo-2tetrahydroacridindecoy47,780,"-4,7",0,1,764,16,,"0,999","1,000",,"0,021","1,0013","0,999",,
3iodo-2tetrahydroacridindecoy23,781,"-2,4",0,1,765,16,,"1,000","1,000",,"0,020","1,0000","1,000",,
,,,16,765,,,,,,,,,,,