Ligand,Ordem,Affinity,Positivos,Decoys,Tdecoys,Tpositivos,FracDocada,FracPositivos,,Conc(P),Fator Enriquecimento,FracDocada,positivos/total = ,"0,0204865557"
4iodo-3tetrahydroacridindecoy31,1,"-12,5",0,1,1,0,"0,0013","0,0000",,"0,000","0,0000","0,001",,
2iodo-4tetrahydroacridindecoy26,2,"-12,2",0,1,2,0,"0,0026","0,0000",,"0,000","0,0000","0,003",,
2iodo-4tetrahydroacridindecoy43,3,"-12,2",0,1,3,0,"0,0038","0,0000",,"0,000","0,0000","0,004",,
4iodo-4tetrahydroacridindecoy50,4,"-12,1",0,1,4,0,"0,0051","0,0000",,"0,000","0,0000","0,005",,
2iodo-3tetrahydroacridindecoy32,5,"-12,1",0,1,5,0,"0,0064","0,0000",,"0,000","0,0000","0,006",,
4iodo-3tetrahydroacridindecoy46,6,"-12,1",0,1,6,0,"0,0077","0,0000",,"0,000","0,0000","0,008",,
Bis-tacrinedecoy3,7,"-12,1",0,1,7,0,"0,0090","0,0000",,"0,000","0,0000","0,009",,
Bis-tacrinedecoy41,8,"-12,0",0,1,8,0,"0,0102","0,0000",,"0,000","0,0000","0,010",,
Bis-tacrinedecoy30,9,"-12,0",0,1,9,0,"0,0115","0,0000",,"0,000","0,0000","0,012",,
2iodo-4tetrahydroacridindecoy24,10,"-12,0",0,1,10,0,"0,0128","0,0000",,"0,000","0,0000","0,013",,
2iodo-3tetrahydroacridindecoy39,11,"-11,9",0,1,11,0,"0,0141","0,0000",,"0,000","0,0000","0,014",,
2iodo-4tetrahydroacridindecoy22,12,"-11,8",0,1,12,0,"0,0154","0,0000",,"0,000","0,0000","0,015",,
4iodo-4tetrahydroacridindecoy8,13,"-11,8",0,1,13,0,"0,0166","0,0000",,"0,000","0,0000","0,017",,
Bis-tacrinedecoy31,14,"-11,8",0,1,14,0,"0,0179","0,0000",,"0,000","0,0000","0,018",,
4iodo-3tetrahydroacridindecoy2,15,"-11,7",0,1,15,0,"0,0192","0,0000",,"0,000","0,0000","0,019",,
4iodo-4tetrahydroacridindecoy19,16,"-11,7",0,1,16,0,"0,0205","0,0000",,"0,000","0,0000","0,020",,
4iodo-2tetrahydroacridindecoy33,17,"-11,7",0,1,17,0,"0,0218","0,0000",,"0,000","0,0000","0,022",,
2iodo-4tetrahydroacridindecoy47,18,"-11,6",0,1,18,0,"0,0230","0,0000",,"0,000","0,0000","0,023",,
2iodo-3tetrahydroacridindecoy22,19,"-11,6",0,1,19,0,"0,0243","0,0000",,"0,000","0,0000","0,024",,
4iodo-4tetrahydroacridindecoy18,20,"-11,5",0,1,20,0,"0,0256","0,0000",,"0,000","0,0000","0,026",,
4iodo-3tetrahydroacridindecoy50,21,"-11,5",0,1,21,0,"0,0269","0,0000",,"0,000","0,0000","0,027",,
Bis-tacrinedecoy17,22,"-11,5",0,1,22,0,"0,0282","0,0000",,"0,000","0,0000","0,028",,
Bis-tacrinedecoy50,23,"-11,5",0,1,23,0,"0,0294","0,0000",,"0,000","0,0000","0,029",,
2iodo-4tetrahydroacridindecoy10,24,"-11,4",0,1,24,0,"0,0307","0,0000",,"0,000","0,0000","0,031",,
4iodo-4tetrahydroacridindecoy30,25,"-11,4",0,1,25,0,"0,0320","0,0000",,"0,000","0,0000","0,032",,
4iodo-4tetrahydroacridindecoy20,26,"-11,4",0,1,26,0,"0,0333","0,0000",,"0,000","0,0000","0,033",,
2iodo-4tetrahydroacridindecoy1,27,"-11,4",0,1,27,0,"0,0346","0,0000",,"0,000","0,0000","0,035",,
4iodo-4tetrahydroacridindecoy16,28,"-11,3",0,1,28,0,"0,0359","0,0000",,"0,000","0,0000","0,036",,
Bis-tacrinedecoy13,29,"-11,3",0,1,29,0,"0,0371","0,0000",,"0,000","0,0000","0,037",,
2iodo-2tetrahydroacridindecoy19,30,"-11,3",0,1,30,0,"0,0384","0,0000",,"0,000","0,0000","0,038",,
Bis-tacrinedecoy8,31,"-11,3",0,1,31,0,"0,0397","0,0000",,"0,000","0,0000","0,040",,
2iodo-3tetrahydroacridindecoy40,32,"-11,3",0,1,32,0,"0,0410","0,0000",,"0,000","0,0000","0,041",,
4iodo-3tetrahydroacridindecoy29,33,"-11,3",0,1,33,0,"0,0423","0,0000",,"0,000","0,0000","0,042",,
2iodo-4tetrahydroacridindecoy23,34,"-11,3",0,1,34,0,"0,0435","0,0000",,"0,000","0,0000","0,044",,
Bis-tacrinedecoy33,35,"-11,3",0,1,35,0,"0,0448","0,0000",,"0,000","0,0000","0,045",,
2iodo-4tetrahydroacridindecoy7,36,"-11,2",0,1,36,0,"0,0461","0,0000",,"0,000","0,0000","0,046",,
3iodo-2tetrahydroacridindecoy39,37,"-11,2",0,1,37,0,"0,0474","0,0000",,"0,000","0,0000","0,047",,
2iodo-2tetrahydroacridindecoy39,38,"-11,2",0,1,38,0,"0,0487","0,0000",,"0,000","0,0000","0,049",,
Bis-tacrinedecoy18,39,"-11,2",0,1,39,0,"0,0499","0,0000",,"0,000","0,0000","0,050",,
2iodo-3tetrahydroacridindecoy20,40,"-11,2",0,1,40,0,"0,0512","0,0000",,"0,000","0,0000","0,051",,
4iodo-3tetrahydroacridindecoy12,41,"-11,2",0,1,41,0,"0,0525","0,0000",,"0,000","0,0000","0,052",,
Bis-tacrinedecoy38,42,"-11,2",0,1,42,0,"0,0538","0,0000",,"0,000","0,0000","0,054",,
Bis-tacrinedecoy16,43,"-11,1",0,1,43,0,"0,0551","0,0000",,"0,000","0,0000","0,055",,
Bis-tacrinedecoy40,44,"-11,1",0,1,44,0,"0,0563","0,0000",,"0,000","0,0000","0,056",,
Bis-tacrinedecoy36,45,"-11,1",0,1,45,0,"0,0576","0,0000",,"0,000","0,0000","0,058",,
Bis-tacrinedecoy37,46,"-11,1",0,1,46,0,"0,0589","0,0000",,"0,000","0,0000","0,059",,
3iodo-2tetrahydroacridindecoy35,47,"-11,0",0,1,47,0,"0,0602","0,0000",,"0,000","0,0000","0,060",,
2iodo-4tetrahydroacridindecoy20,48,"-11,0",0,1,48,0,"0,0615","0,0000",,"0,000","0,0000","0,061",,
4iodo-2tetrahydroacridindecoy13,49,"-11,0",0,1,49,0,"0,0627","0,0000",,"0,000","0,0000","0,063",,
4iodo-4tetrahydroacridindecoy4,50,"-11,0",0,1,50,0,"0,0640","0,0000",,"0,000","0,0000","0,064",,
4iodo-3tetrahydroacridindecoy38,51,"-11,0",0,1,51,0,"0,0653","0,0000",,"0,000","0,0000","0,065",,
4iodo-3tetrahydroacridindecoy13,52,"-10,9",0,1,52,0,"0,0666","0,0000",,"0,000","0,0000","0,067",,
2iodo-4tetrahydroacridindecoy29,53,"-10,9",0,1,53,0,"0,0679","0,0000",,"0,000","0,0000","0,068",,
Bis-tacrinedecoy46,54,"-10,9",0,1,54,0,"0,0691","0,0000",,"0,000","0,0000","0,069",,
4iodo-3tetrahydroacridindecoy28,55,"-10,9",0,1,55,0,"0,0704","0,0000",,"0,000","0,0000","0,070",,
2iodo-3tetrahydroacridindecoy49,56,"-10,9",0,1,56,0,"0,0717","0,0000",,"0,000","0,0000","0,072",,
4iodo-4tetrahydroacridindecoy28,57,"-10,9",0,1,57,0,"0,0730","0,0000",,"0,000","0,0000","0,073",,
4iodo-3tetrahydroacridindecoy14,58,"-10,8",0,1,58,0,"0,0743","0,0000",,"0,000","0,0000","0,074",,
4iodo-4tetrahydroacridindecoy24,59,"-10,8",0,1,59,0,"0,0755","0,0000",,"0,000","0,0000","0,076",,
4iodo-4tetrahydroacridindecoy45,60,"-10,8",0,1,60,0,"0,0768","0,0000",,"0,000","0,0000","0,077",,
Bis-tacrine,73,"-10,8",1,0,60,1,"0,0935","0,0625",,"0,014","0,6686","0,093",,
2iodo-3tetrahydroacridindecoy16,61,"-10,8",0,1,61,1,"0,0781","0,0625",,"0,016","0,8002","0,078",,
Bis-tacrinedecoy15,62,"-10,8",0,1,62,1,"0,0794","0,0625",,"0,016","0,7873","0,079",,
Bis-tacrinedecoy5,63,"-10,8",0,1,63,1,"0,0807","0,0625",,"0,016","0,7748","0,081",,
Bis-tacrinedecoy45,64,"-10,8",0,1,64,1,"0,0819","0,0625",,"0,016","0,7627","0,082",,
Bis-tacrinedecoy11,65,"-10,8",0,1,65,1,"0,0832","0,0625",,"0,015","0,7509","0,083",,
Bis-tacrinedecoy7,66,"-10,8",0,1,66,1,"0,0845","0,0625",,"0,015","0,7396","0,085",,
2iodo-4tetrahydroacridindecoy4,67,"-10,8",0,1,67,1,"0,0858","0,0625",,"0,015","0,7285","0,086",,
2iodo-4tetrahydroacridindecoy6,68,"-10,8",0,1,68,1,"0,0871","0,0625",,"0,015","0,7178","0,087",,
Bis-tacrinedecoy29,69,"-10,8",0,1,69,1,"0,0883","0,0625",,"0,014","0,7074","0,088",,
2iodo-4tetrahydroacridindecoy5,70,"-10,8",0,1,70,1,"0,0896","0,0625",,"0,014","0,6973","0,090",,
2iodo-2tetrahydroacridindecoy6,71,"-10,8",0,1,71,1,"0,0909","0,0625",,"0,014","0,6875","0,091",,
4iodo-4tetrahydroacridindecoy46,72,"-10,8",0,1,72,1,"0,0922","0,0625",,"0,014","0,6779","0,092",,
3iodo-2tetrahydroacridindecoy11,74,"-10,7",0,1,73,1,"0,0948","0,0625",,"0,014","0,6596","0,095",,
4iodo-3tetrahydroacridindecoy10,75,"-10,7",0,1,74,1,"0,0960","0,0625",,"0,013","0,6508","0,096",,
4iodo-2tetrahydroacridindecoy24,76,"-10,7",0,1,75,1,"0,0973","0,0625",,"0,013","0,6423","0,097",,
2iodo-4tetrahydroacridindecoy3,77,"-10,7",0,1,76,1,"0,0986","0,0625",,"0,013","0,6339","0,099",,
3iodo-4tetrahydroacridindecoy24,78,"-10,7",0,1,77,1,"0,0999","0,0625",,"0,013","0,6258","0,100",,
2iodo-2tetrahydroacridindecoy20,79,"-10,7",0,1,78,1,"0,1012","0,0625",,"0,013","0,6179","0,101",,
4iodo-2tetrahydroacridindecoy18,80,"-10,6",0,1,79,1,"0,1024","0,0625",,"0,013","0,6101","0,102",,
Bis-tacrinedecoy35,81,"-10,6",0,1,80,1,"0,1037","0,0625",,"0,012","0,6026","0,104",,
4iodo-4tetrahydroacridindecoy44,82,"-10,6",0,1,81,1,"0,1050","0,0625",,"0,012","0,5953","0,105",,
4iodo-2tetrahydroacridindecoy47,83,"-10,6",0,1,82,1,"0,1063","0,0625",,"0,012","0,5881","0,106",,
3iodo-4tetrahydroacridindecoy29,84,"-10,6",0,1,83,1,"0,1076","0,0625",,"0,012","0,5811","0,108",,
Bis-tacrinedecoy48,85,"-10,6",0,1,84,1,"0,1088","0,0625",,"0,012","0,5743","0,109",,
4iodo-4tetrahydroacridindecoy2,86,"-10,6",0,1,85,1,"0,1101","0,0625",,"0,012","0,5676","0,110",,
3iodo-2tetrahydroacridindecoy10,87,"-10,6",0,1,86,1,"0,1114","0,0625",,"0,011","0,5611","0,111",,
4iodo-4tetrahydroacridindecoy26,88,"-10,6",0,1,87,1,"0,1127","0,0625",,"0,011","0,5547","0,113",,
4iodo-3tetrahydroacridindecoy25,89,"-10,5",0,1,88,1,"0,1140","0,0625",,"0,011","0,5484","0,114",,
4iodo-4tetrahydroacridindecoy33,90,"-10,5",0,1,89,1,"0,1152","0,0625",,"0,011","0,5423","0,115",,
Bis-tacrinedecoy14,91,"-10,5",0,1,90,1,"0,1165","0,0625",,"0,011","0,5364","0,117",,
Bis-tacrinedecoy28,92,"-10,5",0,1,91,1,"0,1178","0,0625",,"0,011","0,5306","0,118",,
3iodo-2tetrahydroacridindecoy46,93,"-10,5",0,1,92,1,"0,1191","0,0625",,"0,011","0,5249","0,119",,
2iodo-4tetrahydroacridindecoy28,94,"-10,5",0,1,93,1,"0,1204","0,0625",,"0,011","0,5193","0,120",,
Bis-tacrinedecoy26,95,"-10,5",0,1,94,1,"0,1216","0,0625",,"0,011","0,5138","0,122",,
2iodo-3tetrahydroacridindecoy30,96,"-10,5",0,1,95,1,"0,1229","0,0625",,"0,010","0,5085","0,123",,
2iodo-3tetrahydroacridindecoy29,97,"-10,5",0,1,96,1,"0,1242","0,0625",,"0,010","0,5032","0,124",,
4iodo-3tetrahydroacridindecoy6,98,"-10,5",0,1,97,1,"0,1255","0,0625",,"0,010","0,4981","0,125",,
Bis-tacrinedecoy39,99,"-10,5",0,1,98,1,"0,1268","0,0625",,"0,010","0,4930","0,127",,
4iodo-4tetrahydroacridindecoy41,100,"-10,5",0,1,99,1,"0,1280","0,0625",,"0,010","0,4881","0,128",,
Bis-tacrinedecoy49,101,"-10,4",0,1,100,1,"0,1293","0,0625",,"0,010","0,4833","0,129",,
Bis-tacrinedecoy2,102,"-10,4",0,1,101,1,"0,1306","0,0625",,"0,010","0,4785","0,131",,
3iodo-4tetrahydroacridindecoy39,103,"-10,4",0,1,102,1,"0,1319","0,0625",,"0,010","0,4739","0,132",,
4iodo-4tetrahydroacridindecoy17,104,"-10,4",0,1,103,1,"0,1332","0,0625",,"0,010","0,4693","0,133",,
4iodo-3tetrahydroacridindecoy42,105,"-10,4",0,1,104,1,"0,1344","0,0625",,"0,010","0,4649","0,134",,
2iodo-3tetrahydroacridindecoy8,106,"-10,4",0,1,105,1,"0,1357","0,0625",,"0,009","0,4605","0,136",,
3iodo-2tetrahydroacridindecoy13,107,"-10,4",0,1,106,1,"0,1370","0,0625",,"0,009","0,4562","0,137",,
2iodo-3tetrahydroacridindecoy27,108,"-10,4",0,1,107,1,"0,1383","0,0625",,"0,009","0,4520","0,138",,
4iodo-3tetrahydroacridindecoy1,109,"-10,4",0,1,108,1,"0,1396","0,0625",,"0,009","0,4478","0,140",,
2iodo-3tetrahydroacridindecoy15,110,"-10,4",0,1,109,1,"0,1408","0,0625",,"0,009","0,4437","0,141",,
2iodo-3tetrahydroacridindecoy5,111,"-10,4",0,1,110,1,"0,1421","0,0625",,"0,009","0,4397","0,142",,
4iodo-3tetrahydroacridindecoy34,112,"-10,4",0,1,111,1,"0,1434","0,0625",,"0,009","0,4358","0,143",,
4iodo-4tetrahydroacridindecoy13,113,"-10,4",0,1,112,1,"0,1447","0,0625",,"0,009","0,4320","0,145",,
2iodo-3tetrahydroacridindecoy12,114,"-10,4",0,1,113,1,"0,1460","0,0625",,"0,009","0,4282","0,146",,
2iodo-3tetrahydroacridindecoy19,115,"-10,4",0,1,114,1,"0,1472","0,0625",,"0,009","0,4244","0,147",,
Bis-tacrinedecoy1,116,"-10,4",0,1,115,1,"0,1485","0,0625",,"0,009","0,4208","0,149",,
3iodo-4tetrahydroacridindecoy38,117,"-10,4",0,1,116,1,"0,1498","0,0625",,"0,009","0,4172","0,150",,
2iodo-2tetrahydroacridindecoy14,118,"-10,4",0,1,117,1,"0,1511","0,0625",,"0,008","0,4137","0,151",,
3iodo-2tetrahydroacridindecoy33,119,"-10,3",0,1,118,1,"0,1524","0,0625",,"0,008","0,4102","0,152",,
2iodo-3tetrahydroacridindecoy47,120,"-10,3",0,1,119,1,"0,1536","0,0625",,"0,008","0,4068","0,154",,
4iodo-3tetrahydroacridindecoy33,121,"-10,3",0,1,120,1,"0,1549","0,0625",,"0,008","0,4034","0,155",,
4iodo-4tetrahydroacridindecoy40,122,"-10,3",0,1,121,1,"0,1562","0,0625",,"0,008","0,4001","0,156",,
2iodo-4tetrahydroacridindecoy36,123,"-10,3",0,1,122,1,"0,1575","0,0625",,"0,008","0,3968","0,157",,
Bis-tacrinedecoy21,124,"-10,3",0,1,123,1,"0,1588","0,0625",,"0,008","0,3936","0,159",,
2iodo-3tetrahydroacridindecoy33,125,"-10,3",0,1,124,1,"0,1601","0,0625",,"0,008","0,3905","0,160",,
4iodo-4tetrahydroacridindecoy1,126,"-10,3",0,1,125,1,"0,1613","0,0625",,"0,008","0,3874","0,161",,
2iodo-2tetrahydroacridindecoy16,127,"-10,3",0,1,126,1,"0,1626","0,0625",,"0,008","0,3843","0,163",,
4iodo-2tetrahydroacridindecoy31,128,"-10,3",0,1,127,1,"0,1639","0,0625",,"0,008","0,3813","0,164",,
2iodo-2tetrahydroacridindecoy23,129,"-10,3",0,1,128,1,"0,1652","0,0625",,"0,008","0,3784","0,165",,
3iodo-2tetrahydroacridindecoy41,130,"-10,3",0,1,129,1,"0,1665","0,0625",,"0,008","0,3755","0,166",,
3iodo-4tetrahydroacridindecoy26,131,"-10,3",0,1,130,1,"0,1677","0,0625",,"0,008","0,3726","0,168",,
3iodo-4tetrahydroacridindecoy5,132,"-10,2",0,1,131,1,"0,1690","0,0625",,"0,008","0,3698","0,169",,
Donepezildecoy11,133,"-10,2",0,1,132,1,"0,1703","0,0625",,"0,008","0,3670","0,170",,
3iodo-2tetrahydroacridindecoy15,134,"-10,2",0,1,133,1,"0,1716","0,0625",,"0,007","0,3643","0,172",,
4iodo-3tetrahydroacridindecoy23,135,"-10,2",0,1,134,1,"0,1729","0,0625",,"0,007","0,3616","0,173",,
2iodo-4tetrahydroacridindecoy32,136,"-10,2",0,1,135,1,"0,1741","0,0625",,"0,007","0,3589","0,174",,
4iodo-2tetrahydroacridindecoy37,137,"-10,2",0,1,136,1,"0,1754","0,0625",,"0,007","0,3563","0,175",,
2iodo-4tetrahydroacridindecoy48,138,"-10,2",0,1,137,1,"0,1767","0,0625",,"0,007","0,3537","0,177",,
4iodo-4tetrahydroacridindecoy14,139,"-10,2",0,1,138,1,"0,1780","0,0625",,"0,007","0,3512","0,178",,
4iodo-3tetrahydroacridindecoy41,140,"-10,2",0,1,139,1,"0,1793","0,0625",,"0,007","0,3487","0,179",,
2iodo-4tetrahydroacridindecoy9,141,"-10,2",0,1,140,1,"0,1805","0,0625",,"0,007","0,3462","0,181",,
2iodo-4tetrahydroacridindecoy2,142,"-10,2",0,1,141,1,"0,1818","0,0625",,"0,007","0,3437","0,182",,
4iodo-3tetrahydroacridindecoy26,143,"-10,2",0,1,142,1,"0,1831","0,0625",,"0,007","0,3413","0,183",,
3iodo-4tetrahydroacridindecoy12,144,"-10,2",0,1,143,1,"0,1844","0,0625",,"0,007","0,3390","0,184",,
2iodo-4tetrahydroacridindecoy21,145,"-10,2",0,1,144,1,"0,1857","0,0625",,"0,007","0,3366","0,186",,
3iodo-2tetrahydroacridindecoy48,146,"-10,2",0,1,145,1,"0,1869","0,0625",,"0,007","0,3343","0,187",,
Bis-tacrinedecoy34,147,"-10,2",0,1,146,1,"0,1882","0,0625",,"0,007","0,3321","0,188",,
2iodo-4tetrahydroacridin,153,"-10,2",1,0,146,2,"0,1959","0,1250",,"0,013","0,6381","0,196",,
2iodo-2tetrahydroacridindecoy37,148,"-10,2",0,1,147,2,"0,1895","0,1250",,"0,014","0,6596","0,190",,
4iodo-4tetrahydroacridindecoy15,149,"-10,2",0,1,148,2,"0,1908","0,1250",,"0,013","0,6552","0,191",,
3iodo-2tetrahydroacridindecoy21,150,"-10,2",0,1,149,2,"0,1921","0,1250",,"0,013","0,6508","0,192",,
2iodo-2tetrahydroacridindecoy34,151,"-10,2",0,1,150,2,"0,1933","0,1250",,"0,013","0,6465","0,193",,
3iodo-2tetrahydroacridindecoy19,152,"-10,2",0,1,151,2,"0,1946","0,1250",,"0,013","0,6423","0,195",,
2iodo-3tetrahydroacridindecoy45,154,"-10,1",0,1,152,2,"0,1972","0,1250",,"0,013","0,6339","0,197",,
3iodo-4tetrahydroacridindecoy30,155,"-10,1",0,1,153,2,"0,1985","0,1250",,"0,013","0,6298","0,198",,
2iodo-3tetrahydroacridindecoy23,156,"-10,1",0,1,154,2,"0,1997","0,1250",,"0,013","0,6258","0,200",,
2iodo-2tetrahydroacridindecoy29,157,"-10,1",0,1,155,2,"0,2010","0,1250",,"0,013","0,6218","0,201",,
4iodo-3tetrahydroacridindecoy7,158,"-10,1",0,1,156,2,"0,2023","0,1250",,"0,013","0,6179","0,202",,
4iodo-2tetrahydroacridindecoy9,159,"-10,1",0,1,157,2,"0,2036","0,1250",,"0,013","0,6140","0,204",,
2iodo-3tetrahydroacridindecoy6,160,"-10,1",0,1,158,2,"0,2049","0,1250",,"0,013","0,6101","0,205",,
4iodo-3tetrahydroacridindecoy49,161,"-10,1",0,1,159,2,"0,2061","0,1250",,"0,012","0,6064","0,206",,
2iodo-2tetrahydroacridindecoy27,162,"-10,1",0,1,160,2,"0,2074","0,1250",,"0,012","0,6026","0,207",,
2iodo-3tetrahydroacridindecoy2,163,"-10,1",0,1,161,2,"0,2087","0,1250",,"0,012","0,5989","0,209",,
4iodo-3tetrahydroacridindecoy24,164,"-10,1",0,1,162,2,"0,2100","0,1250",,"0,012","0,5953","0,210",,
2iodo-2tetrahydroacridindecoy7,165,"-10,1",0,1,163,2,"0,2113","0,1250",,"0,012","0,5917","0,211",,
2iodo-2tetrahydroacridindecoy13,166,"-10,1",0,1,164,2,"0,2125","0,1250",,"0,012","0,5881","0,213",,
3iodo-2tetrahydroacridindecoy7,167,"-10,1",0,1,165,2,"0,2138","0,1250",,"0,012","0,5846","0,214",,
3iodo-4tetrahydroacridindecoy37,168,"-10,1",0,1,166,2,"0,2151","0,1250",,"0,012","0,5811","0,215",,
Bis-tacrinedecoy19,169,"-10,1",0,1,167,2,"0,2164","0,1250",,"0,012","0,5777","0,216",,
Donepezildecoy28,170,"-10,1",0,1,168,2,"0,2177","0,1250",,"0,012","0,5743","0,218",,
2iodo-2tetrahydroacridindecoy24,171,"-10,1",0,1,169,2,"0,2190","0,1250",,"0,012","0,5709","0,219",,
2iodo-3tetrahydroacridindecoy38,172,"-10,1",0,1,170,2,"0,2202","0,1250",,"0,012","0,5676","0,220",,
3iodo-2tetrahydroacridindecoy26,173,"-10,1",0,1,171,2,"0,2215","0,1250",,"0,012","0,5643","0,222",,
4iodo-2tetrahydroacridindecoy21,174,"-10,1",0,1,172,2,"0,2228","0,1250",,"0,011","0,5611","0,223",,
Donepezildecoy29,175,"-10,1",0,1,173,2,"0,2241","0,1250",,"0,011","0,5578","0,224",,
2iodo-3tetrahydroacridindecoy9,176,"-10,1",0,1,174,2,"0,2254","0,1250",,"0,011","0,5547","0,225",,
2iodo-4tetrahydroacridindecoy44,177,"-10,1",0,1,175,2,"0,2266","0,1250",,"0,011","0,5515","0,227",,
2iodo-3tetrahydroacridin,178,"-10,0",1,0,175,3,"0,2279","0,1875",,"0,017","0,8227","0,228",,
4iodo-4tetrahydroacridindecoy23,179,"-10,0",0,1,176,3,"0,2292","0,1875",,"0,017","0,8181","0,229",,
4iodo-4tetrahydroacridindecoy11,180,"-10,0",0,1,177,3,"0,2305","0,1875",,"0,017","0,8135","0,230",,
4iodo-3tetrahydroacridindecoy22,181,"-10,0",0,1,178,3,"0,2318","0,1875",,"0,017","0,8090","0,232",,
2iodo-2tetrahydroacridindecoy8,182,"-10,0",0,1,179,3,"0,2330","0,1875",,"0,016","0,8046","0,233",,
2iodo-4tetrahydroacridindecoy18,183,"-10,0",0,1,180,3,"0,2343","0,1875",,"0,016","0,8002","0,234",,
Heptyl-physostigminedecoy36,184,"-10,0",0,1,181,3,"0,2356","0,1875",,"0,016","0,7958","0,236",,
2iodo-2tetrahydroacridindecoy12,185,"-10,0",0,1,182,3,"0,2369","0,1875",,"0,016","0,7915","0,237",,
2iodo-3tetrahydroacridindecoy3,186,"-10,0",0,1,183,3,"0,2382","0,1875",,"0,016","0,7873","0,238",,
2iodo-2tetrahydroacridindecoy21,187,"-10,0",0,1,184,3,"0,2394","0,1875",,"0,016","0,7831","0,239",,
4iodo-3tetrahydroacridindecoy37,188,"-10,0",0,1,185,3,"0,2407","0,1875",,"0,016","0,7789","0,241",,
4iodo-2tetrahydroacridindecoy3,189,"-10,0",0,1,186,3,"0,2420","0,1875",,"0,016","0,7748","0,242",,
4iodo-2tetrahydroacridindecoy19,190,"-10,0",0,1,187,3,"0,2433","0,1875",,"0,016","0,7707","0,243",,
3iodo-2tetrahydroacridindecoy22,191,"-10,0",0,1,188,3,"0,2446","0,1875",,"0,016","0,7667","0,245",,
4iodo-2tetrahydroacridindecoy38,192,"-10,0",0,1,189,3,"0,2458","0,1875",,"0,016","0,7627","0,246",,
4iodo-3tetrahydroacridindecoy19,193,"-10,0",0,1,190,3,"0,2471","0,1875",,"0,016","0,7587","0,247",,
Bis-tacrinedecoy42,194,"-10,0",0,1,191,3,"0,2484","0,1875",,"0,015","0,7548","0,248",,
2iodo-4tetrahydroacridindecoy38,195,"-10,0",0,1,192,3,"0,2497","0,1875",,"0,015","0,7509","0,250",,
Tolserinedecoy36,196,"-10,0",0,1,193,3,"0,2510","0,1875",,"0,015","0,7471","0,251",,
3iodo-4tetrahydroacridindecoy17,197,"-10,0",0,1,194,3,"0,2522","0,1875",,"0,015","0,7433","0,252",,
2iodo-3tetrahydroacridindecoy28,198,"-10,0",0,1,195,3,"0,2535","0,1875",,"0,015","0,7396","0,254",,
4iodo-4tetrahydroacridindecoy36,199,"-10,0",0,1,196,3,"0,2548","0,1875",,"0,015","0,7359","0,255",,
3iodo-2tetrahydroacridindecoy8,200,"-10,0",0,1,197,3,"0,2561","0,1875",,"0,015","0,7322","0,256",,
3iodo-4tetrahydroacridindecoy50,201,"-10,0",0,1,198,3,"0,2574","0,1875",,"0,015","0,7285","0,257",,
4iodo-4tetrahydroacridindecoy37,202,"-10,0",0,1,199,3,"0,2586","0,1875",,"0,015","0,7249","0,259",,
4iodo-4tetrahydroacridin,207,"-10,0",1,0,199,4,"0,2650","0,2500",,"0,019","0,9432","0,265",,
2iodo-4tetrahydroacridindecoy8,203,"-10,0",0,1,200,4,"0,2599","0,2500",,"0,020","0,9618","0,260",,
4iodo-3tetrahydroacridindecoy15,204,"-10,0",0,1,201,4,"0,2612","0,2500",,"0,020","0,9571","0,261",,
4iodo-4tetrahydroacridindecoy35,205,"-10,0",0,1,202,4,"0,2625","0,2500",,"0,020","0,9524","0,262",,
2iodo-2tetrahydroacridindecoy11,206,"-10,0",0,1,203,4,"0,2638","0,2500",,"0,019","0,9478","0,264",,
3iodo-2tetrahydroacridindecoy16,208,"-9,9",0,1,204,4,"0,2663","0,2500",,"0,019","0,9387","0,266",,
4iodo-3tetrahydroacridindecoy5,209,"-9,9",0,1,205,4,"0,2676","0,2500",,"0,019","0,9342","0,268",,
3iodo-4tetrahydroacridindecoy32,210,"-9,9",0,1,206,4,"0,2689","0,2500",,"0,019","0,9297","0,269",,
Heptyl-physostigminedecoy3,211,"-9,9",0,1,207,4,"0,2702","0,2500",,"0,019","0,9253","0,270",,
2iodo-4tetrahydroacridindecoy17,212,"-9,9",0,1,208,4,"0,2714","0,2500",,"0,019","0,9210","0,271",,
2iodo-3tetrahydroacridindecoy42,213,"-9,9",0,1,209,4,"0,2727","0,2500",,"0,019","0,9166","0,273",,
2iodo-3tetrahydroacridindecoy41,214,"-9,9",0,1,210,4,"0,2740","0,2500",,"0,019","0,9124","0,274",,
2iodo-3tetrahydroacridindecoy4,215,"-9,9",0,1,211,4,"0,2753","0,2500",,"0,019","0,9081","0,275",,
Tolserinedecoy12,216,"-9,9",0,1,212,4,"0,2766","0,2500",,"0,019","0,9039","0,277",,
4iodo-2tetrahydroacridindecoy35,217,"-9,9",0,1,213,4,"0,2778","0,2500",,"0,018","0,8998","0,278",,
3iodo-2tetrahydroacridindecoy42,218,"-9,9",0,1,214,4,"0,2791","0,2500",,"0,018","0,8956","0,279",,
3iodo-4tetrahydroacridindecoy48,219,"-9,9",0,1,215,4,"0,2804","0,2500",,"0,018","0,8915","0,280",,
2iodo-4tetrahydroacridindecoy30,220,"-9,9",0,1,216,4,"0,2817","0,2500",,"0,018","0,8875","0,282",,
3iodo-2tetrahydroacridindecoy38,221,"-9,9",0,1,217,4,"0,2830","0,2500",,"0,018","0,8835","0,283",,
2iodo-4tetrahydroacridindecoy46,222,"-9,9",0,1,218,4,"0,2843","0,2500",,"0,018","0,8795","0,284",,
Bis-tacrinedecoy44,223,"-9,9",0,1,219,4,"0,2855","0,2500",,"0,018","0,8755","0,286",,
4iodo-3tetrahydroacridindecoy43,224,"-9,9",0,1,220,4,"0,2868","0,2500",,"0,018","0,8716","0,287",,
Bis-tacrinedecoy10,225,"-9,9",0,1,221,4,"0,2881","0,2500",,"0,018","0,8678","0,288",,
3iodo-4tetrahydroacridin,226,"-9,9",1,0,221,5,"0,2894","0,3125",,"0,022","1,0799","0,289",,
2iodo-3tetrahydroacridindecoy13,227,"-9,9",0,1,222,5,"0,2907","0,3125",,"0,022","1,0751","0,291",,
Tolserinedecoy49,228,"-9,9",0,1,223,5,"0,2919","0,3125",,"0,022","1,0704","0,292",,
4iodo-2tetrahydroacridindecoy48,229,"-9,9",0,1,224,5,"0,2932","0,3125",,"0,022","1,0658","0,293",,
Heptyl-physostigminedecoy15,230,"-9,8",0,1,225,5,"0,2945","0,3125",,"0,022","1,0611","0,294",,
4iodo-2tetrahydroacridindecoy11,231,"-9,8",0,1,226,5,"0,2958","0,3125",,"0,022","1,0565","0,296",,
4iodo-2tetrahydroacridindecoy12,232,"-9,8",0,1,227,5,"0,2971","0,3125",,"0,022","1,0520","0,297",,
4iodo-3tetrahydroacridindecoy20,233,"-9,8",0,1,228,5,"0,2983","0,3125",,"0,021","1,0475","0,298",,
Heptyl-physostigminedecoy16,234,"-9,8",0,1,229,5,"0,2996","0,3125",,"0,021","1,0430","0,300",,
2iodo-2tetrahydroacridindecoy10,235,"-9,8",0,1,230,5,"0,3009","0,3125",,"0,021","1,0385","0,301",,
2iodo-2tetrahydroacridindecoy30,236,"-9,8",0,1,231,5,"0,3022","0,3125",,"0,021","1,0341","0,302",,
Heptyl-physostigminedecoy10,237,"-9,8",0,1,232,5,"0,3035","0,3125",,"0,021","1,0298","0,303",,
Heptyl-physostigminedecoy17,238,"-9,8",0,1,233,5,"0,3047","0,3125",,"0,021","1,0255","0,305",,
4iodo-3tetrahydroacridindecoy8,239,"-9,8",0,1,234,5,"0,3060","0,3125",,"0,021","1,0212","0,306",,
3iodo-4tetrahydroacridindecoy9,240,"-9,8",0,1,235,5,"0,3073","0,3125",,"0,021","1,0169","0,307",,
4iodo-3tetrahydroacridindecoy21,241,"-9,8",0,1,236,5,"0,3086","0,3125",,"0,021","1,0127","0,309",,
2iodo-2tetrahydroacridindecoy9,242,"-9,8",0,1,237,5,"0,3099","0,3125",,"0,021","1,0085","0,310",,
2iodo-3tetrahydroacridindecoy26,243,"-9,8",0,1,238,5,"0,3111","0,3125",,"0,021","1,0044","0,311",,
4iodo-2tetrahydroacridindecoy25,244,"-9,8",0,1,239,5,"0,3124","0,3125",,"0,020","1,0002","0,312",,
2iodo-3tetrahydroacridindecoy25,245,"-9,8",0,1,240,5,"0,3137","0,3125",,"0,020","0,9962","0,314",,
4iodo-2tetrahydroacridindecoy7,246,"-9,8",0,1,241,5,"0,3150","0,3125",,"0,020","0,9921","0,315",,
3iodo-4tetrahydroacridindecoy42,247,"-9,8",0,1,242,5,"0,3163","0,3125",,"0,020","0,9881","0,316",,
Bis-tacrinedecoy25,248,"-9,8",0,1,243,5,"0,3175","0,3125",,"0,020","0,9841","0,318",,
2iodo-4tetrahydroacridindecoy14,249,"-9,8",0,1,244,5,"0,3188","0,3125",,"0,020","0,9801","0,319",,
2iodo-4tetrahydroacridindecoy31,250,"-9,8",0,1,245,5,"0,3201","0,3125",,"0,020","0,9762","0,320",,
2iodo-3tetrahydroacridindecoy7,251,"-9,8",0,1,246,5,"0,3214","0,3125",,"0,020","0,9723","0,321",,
4iodo-2tetrahydroacridindecoy46,252,"-9,8",0,1,247,5,"0,3227","0,3125",,"0,020","0,9685","0,323",,
4iodo-2tetrahydroacridindecoy20,253,"-9,8",0,1,248,5,"0,3239","0,3125",,"0,020","0,9647","0,324",,
Bis-tacrinedecoy6,254,"-9,8",0,1,249,5,"0,3252","0,3125",,"0,020","0,9609","0,325",,
4iodo-2tetrahydroacridindecoy32,255,"-9,8",0,1,250,5,"0,3265","0,3125",,"0,020","0,9571","0,327",,
Donepezildecoy10,256,"-9,8",0,1,251,5,"0,3278","0,3125",,"0,020","0,9533","0,328",,
2iodo-2tetrahydroacridindecoy25,257,"-9,8",0,1,252,5,"0,3291","0,3125",,"0,019","0,9496","0,329",,
4iodo-2tetrahydroacridindecoy22,258,"-9,7",0,1,253,5,"0,3303","0,3125",,"0,019","0,9460","0,330",,
4iodo-3tetrahydroacridindecoy9,259,"-9,7",0,1,254,5,"0,3316","0,3125",,"0,019","0,9423","0,332",,
4iodo-3tetrahydroacridindecoy39,260,"-9,7",0,1,255,5,"0,3329","0,3125",,"0,019","0,9387","0,333",,
3iodo-4tetrahydroacridindecoy2,261,"-9,7",0,1,256,5,"0,3342","0,3125",,"0,019","0,9351","0,334",,
4iodo-2tetrahydroacridindecoy23,262,"-9,7",0,1,257,5,"0,3355","0,3125",,"0,019","0,9315","0,335",,
2iodo-4tetrahydroacridindecoy12,263,"-9,7",0,1,258,5,"0,3367","0,3125",,"0,019","0,9280","0,337",,
3iodo-2tetrahydroacridindecoy6,264,"-9,7",0,1,259,5,"0,3380","0,3125",,"0,019","0,9245","0,338",,
4iodo-2tetrahydroacridindecoy8,265,"-9,7",0,1,260,5,"0,3393","0,3125",,"0,019","0,9210","0,339",,
4iodo-3tetrahydroacridindecoy11,266,"-9,7",0,1,261,5,"0,3406","0,3125",,"0,019","0,9175","0,341",,
4iodo-2tetrahydroacridindecoy5,267,"-9,7",0,1,262,5,"0,3419","0,3125",,"0,019","0,9141","0,342",,
4iodo-2tetrahydroacridindecoy1,268,"-9,7",0,1,263,5,"0,3431","0,3125",,"0,019","0,9107","0,343",,
3iodo-2tetrahydroacridindecoy14,269,"-9,7",0,1,264,5,"0,3444","0,3125",,"0,019","0,9073","0,344",,
3iodo-4tetrahydroacridindecoy15,270,"-9,7",0,1,265,5,"0,3457","0,3125",,"0,019","0,9039","0,346",,
2iodo-2tetrahydroacridin,281,"-9,7",1,0,265,6,"0,3598","0,3750",,"0,021","1,0422","0,360",,
4iodo-2tetrahydroacridindecoy10,271,"-9,7",0,1,266,6,"0,3470","0,3750",,"0,022","1,0807","0,347",,
2iodo-2tetrahydroacridindecoy17,272,"-9,7",0,1,267,6,"0,3483","0,3750",,"0,022","1,0767","0,348",,
2iodo-3tetrahydroacridindecoy24,273,"-9,7",0,1,268,6,"0,3496","0,3750",,"0,022","1,0728","0,350",,
3iodo-2tetrahydroacridindecoy49,274,"-9,7",0,1,269,6,"0,3508","0,3750",,"0,022","1,0689","0,351",,
2iodo-3tetrahydroacridindecoy11,275,"-9,7",0,1,270,6,"0,3521","0,3750",,"0,022","1,0650","0,352",,
Donepezildecoy14,276,"-9,7",0,1,271,6,"0,3534","0,3750",,"0,022","1,0611","0,353",,
4iodo-3tetrahydroacridin,277,"-9,7",1,0,271,7,"0,3547","0,4375",,"0,025","1,2335","0,355",,
Heptyl-physostigminedecoy33,278,"-9,7",0,1,272,7,"0,3560","0,4375",,"0,025","1,2291","0,356",,
4iodo-2tetrahydroacridindecoy29,279,"-9,7",0,1,273,7,"0,3572","0,4375",,"0,025","1,2247","0,357",,
2iodo-3tetrahydroacridindecoy46,280,"-9,7",0,1,274,7,"0,3585","0,4375",,"0,025","1,2203","0,359",,
4iodo-3tetrahydroacridindecoy48,282,"-9,6",0,1,275,7,"0,3611","0,4375",,"0,025","1,2116","0,361",,
3iodo-2tetrahydroacridin,294,"-9,6",1,0,275,8,"0,3764","0,5000",,"0,027","1,3282","0,376",,
3iodo-2tetrahydroacridindecoy43,283,"-9,6",0,1,276,8,"0,3624","0,5000",,"0,028","1,3798","0,362",,
3iodo-2tetrahydroacridindecoy28,284,"-9,6",0,1,277,8,"0,3636","0,5000",,"0,028","1,3750","0,364",,
2iodo-4tetrahydroacridindecoy34,285,"-9,6",0,1,278,8,"0,3649","0,5000",,"0,028","1,3701","0,365",,
4iodo-2tetrahydroacridindecoy4,286,"-9,6",0,1,279,8,"0,3662","0,5000",,"0,028","1,3654","0,366",,
4iodo-3tetrahydroacridindecoy47,287,"-9,6",0,1,280,8,"0,3675","0,5000",,"0,028","1,3606","0,367",,
Heptyl-physostigminedecoy31,288,"-9,6",0,1,281,8,"0,3688","0,5000",,"0,028","1,3559","0,369",,
3iodo-2tetrahydroacridindecoy27,289,"-9,6",0,1,282,8,"0,3700","0,5000",,"0,028","1,3512","0,370",,
4iodo-2tetrahydroacridindecoy36,290,"-9,6",0,1,283,8,"0,3713","0,5000",,"0,028","1,3465","0,371",,
4iodo-2tetrahydroacridindecoy45,291,"-9,6",0,1,284,8,"0,3726","0,5000",,"0,027","1,3419","0,373",,
3iodo-2tetrahydroacridindecoy34,292,"-9,6",0,1,285,8,"0,3739","0,5000",,"0,027","1,3373","0,374",,
Tolserinedecoy33,293,"-9,6",0,1,286,8,"0,3752","0,5000",,"0,027","1,3327","0,375",,
4iodo-2tetrahydroacridin,318,"-9,5",1,0,286,9,"0,4072","0,5625",,"0,028","1,3815","0,407",,
2iodo-4tetrahydroacridindecoy19,295,"-9,5",0,1,287,9,"0,3777","0,5625",,"0,031","1,4892","0,378",,
Heptyl-physostigminedecoy2,296,"-9,5",0,1,288,9,"0,3790","0,5625",,"0,030","1,4841","0,379",,
4iodo-4tetrahydroacridindecoy29,297,"-9,5",0,1,289,9,"0,3803","0,5625",,"0,030","1,4791","0,380",,
Donepezildecoy4,298,"-9,5",0,1,290,9,"0,3816","0,5625",,"0,030","1,4742","0,382",,
3iodo-2tetrahydroacridindecoy4,299,"-9,5",0,1,291,9,"0,3828","0,5625",,"0,030","1,4692","0,383",,
3iodo-4tetrahydroacridindecoy10,300,"-9,5",0,1,292,9,"0,3841","0,5625",,"0,030","1,4643","0,384",,
4iodo-4tetrahydroacridindecoy3,301,"-9,5",0,1,293,9,"0,3854","0,5625",,"0,030","1,4595","0,385",,
3iodo-2tetrahydroacridindecoy17,302,"-9,5",0,1,294,9,"0,3867","0,5625",,"0,030","1,4546","0,387",,
Donepezildecoy35,303,"-9,5",0,1,295,9,"0,3880","0,5625",,"0,030","1,4498","0,388",,
Tolserinedecoy50,304,"-9,5",0,1,296,9,"0,3892","0,5625",,"0,030","1,4451","0,389",,
2iodo-2tetrahydroacridindecoy26,305,"-9,5",0,1,297,9,"0,3905","0,5625",,"0,030","1,4403","0,391",,
3iodo-2tetrahydroacridindecoy30,306,"-9,5",0,1,298,9,"0,3918","0,5625",,"0,029","1,4356","0,392",,
2iodo-4tetrahydroacridindecoy45,307,"-9,5",0,1,299,9,"0,3931","0,5625",,"0,029","1,4310","0,393",,
Donepezil,319,"-9,5",1,0,299,10,"0,4085","0,6250",,"0,031","1,5301","0,408",,
4iodo-4tetrahydroacridindecoy32,308,"-9,5",0,1,300,10,"0,3944","0,6250",,"0,032","1,5848","0,394",,
3iodo-2tetrahydroacridindecoy20,309,"-9,5",0,1,301,10,"0,3956","0,6250",,"0,032","1,5797","0,396",,
2iodo-3tetrahydroacridindecoy10,310,"-9,5",0,1,302,10,"0,3969","0,6250",,"0,032","1,5746","0,397",,
4iodo-4tetrahydroacridindecoy34,311,"-9,5",0,1,303,10,"0,3982","0,6250",,"0,032","1,5695","0,398",,
Donepezildecoy7,312,"-9,5",0,1,304,10,"0,3995","0,6250",,"0,032","1,5645","0,399",,
3iodo-4tetrahydroacridindecoy7,313,"-9,5",0,1,305,10,"0,4008","0,6250",,"0,032","1,5595","0,401",,
2iodo-2tetrahydroacridindecoy31,314,"-9,5",0,1,306,10,"0,4020","0,6250",,"0,032","1,5545","0,402",,
2iodo-2tetrahydroacridindecoy40,315,"-9,5",0,1,307,10,"0,4033","0,6250",,"0,032","1,5496","0,403",,
Donepezildecoy39,316,"-9,5",0,1,308,10,"0,4046","0,6250",,"0,032","1,5447","0,405",,
3iodo-2tetrahydroacridindecoy23,317,"-9,5",0,1,309,10,"0,4059","0,6250",,"0,032","1,5398","0,406",,
Donepezildecoy41,320,"-9,4",0,1,310,10,"0,4097","0,6250",,"0,031","1,5254","0,410",,
Heptyl-physostigminedecoy35,321,"-9,4",0,1,311,10,"0,4110","0,6250",,"0,031","1,5206","0,411",,
3iodo-2tetrahydroacridindecoy5,322,"-9,4",0,1,312,10,"0,4123","0,6250",,"0,031","1,5159","0,412",,
3iodo-2tetrahydroacridindecoy9,323,"-9,4",0,1,313,10,"0,4136","0,6250",,"0,031","1,5112","0,414",,
3iodo-2tetrahydroacridindecoy37,324,"-9,4",0,1,314,10,"0,4149","0,6250",,"0,031","1,5065","0,415",,
Heptyl-physostigminedecoy4,325,"-9,4",0,1,315,10,"0,4161","0,6250",,"0,031","1,5019","0,416",,
3iodo-2tetrahydroacridindecoy12,326,"-9,4",0,1,316,10,"0,4174","0,6250",,"0,031","1,4973","0,417",,
Bis-tacrinedecoy22,327,"-9,4",0,1,317,10,"0,4187","0,6250",,"0,031","1,4927","0,419",,
2iodo-3tetrahydroacridindecoy43,328,"-9,4",0,1,318,10,"0,4200","0,6250",,"0,030","1,4882","0,420",,
Tolserinedecoy24,329,"-9,4",0,1,319,10,"0,4213","0,6250",,"0,030","1,4836","0,421",,
4iodo-4tetrahydroacridindecoy38,330,"-9,4",0,1,320,10,"0,4225","0,6250",,"0,030","1,4791","0,423",,
Tolserinedecoy32,331,"-9,4",0,1,321,10,"0,4238","0,6250",,"0,030","1,4747","0,424",,
2iodo-4tetrahydroacridindecoy16,332,"-9,4",0,1,322,10,"0,4251","0,6250",,"0,030","1,4702","0,425",,
2iodo-3tetrahydroacridindecoy1,333,"-9,4",0,1,323,10,"0,4264","0,6250",,"0,030","1,4658","0,426",,
4iodo-4tetrahydroacridindecoy39,334,"-9,4",0,1,324,10,"0,4277","0,6250",,"0,030","1,4614","0,428",,
Donepezildecoy18,335,"-9,4",0,1,325,10,"0,4289","0,6250",,"0,030","1,4571","0,429",,
3iodo-2tetrahydroacridindecoy18,336,"-9,4",0,1,326,10,"0,4302","0,6250",,"0,030","1,4527","0,430",,
4iodo-3tetrahydroacridindecoy45,337,"-9,4",0,1,327,10,"0,4315","0,6250",,"0,030","1,4484","0,431",,
Tolserinedecoy5,338,"-9,4",0,1,328,10,"0,4328","0,6250",,"0,030","1,4441","0,433",,
2iodo-2tetrahydroacridindecoy15,339,"-9,4",0,1,329,10,"0,4341","0,6250",,"0,029","1,4399","0,434",,
4iodo-3tetrahydroacridindecoy44,340,"-9,4",0,1,330,10,"0,4353","0,6250",,"0,029","1,4356","0,435",,
Bis-tacrinedecoy43,341,"-9,4",0,1,331,10,"0,4366","0,6250",,"0,029","1,4314","0,437",,
2iodo-2tetrahydroacridindecoy46,342,"-9,4",0,1,332,10,"0,4379","0,6250",,"0,029","1,4272","0,438",,
2iodo-2tetrahydroacridindecoy3,343,"-9,4",0,1,333,10,"0,4392","0,6250",,"0,029","1,4231","0,439",,
2iodo-3tetrahydroacridindecoy18,344,"-9,4",0,1,334,10,"0,4405","0,6250",,"0,029","1,4189","0,440",,
2iodo-3tetrahydroacridindecoy14,345,"-9,4",0,1,335,10,"0,4417","0,6250",,"0,029","1,4148","0,442",,
Donepezildecoy6,346,"-9,4",0,1,336,10,"0,4430","0,6250",,"0,029","1,4107","0,443",,
Tolserinedecoy34,347,"-9,4",0,1,337,10,"0,4443","0,6250",,"0,029","1,4067","0,444",,
2iodo-4tetrahydroacridindecoy15,348,"-9,4",0,1,338,10,"0,4456","0,6250",,"0,029","1,4026","0,446",,
Heptyl-physostigminedecoy32,349,"-9,4",0,1,339,10,"0,4469","0,6250",,"0,029","1,3986","0,447",,
4iodo-3tetrahydroacridindecoy40,350,"-9,4",0,1,340,10,"0,4481","0,6250",,"0,029","1,3946","0,448",,
4iodo-2tetrahydroacridindecoy34,351,"-9,4",0,1,341,10,"0,4494","0,6250",,"0,028","1,3906","0,449",,
3iodo-2tetrahydroacridindecoy29,352,"-9,4",0,1,342,10,"0,4507","0,6250",,"0,028","1,3867","0,451",,
2iodo-2tetrahydroacridindecoy41,353,"-9,4",0,1,343,10,"0,4520","0,6250",,"0,028","1,3828","0,452",,
2iodo-3tetrahydroacridindecoy37,354,"-9,3",0,1,344,10,"0,4533","0,6250",,"0,028","1,3789","0,453",,
2iodo-2tetrahydroacridindecoy47,355,"-9,3",0,1,345,10,"0,4545","0,6250",,"0,028","1,3750","0,455",,
2iodo-3tetrahydroacridindecoy48,356,"-9,3",0,1,346,10,"0,4558","0,6250",,"0,028","1,3711","0,456",,
Heptyl-physostigminedecoy30,357,"-9,3",0,1,347,10,"0,4571","0,6250",,"0,028","1,3673","0,457",,
Donepezildecoy38,358,"-9,3",0,1,348,10,"0,4584","0,6250",,"0,028","1,3634","0,458",,
2iodo-2tetrahydroacridindecoy45,359,"-9,3",0,1,349,10,"0,4597","0,6250",,"0,028","1,3597","0,460",,
4iodo-3tetrahydroacridindecoy32,360,"-9,3",0,1,350,10,"0,4609","0,6250",,"0,028","1,3559","0,461",,
2iodo-4tetrahydroacridindecoy49,361,"-9,3",0,1,351,10,"0,4622","0,6250",,"0,028","1,3521","0,462",,
Donepezildecoy36,362,"-9,3",0,1,352,10,"0,4635","0,6250",,"0,028","1,3484","0,464",,
Tolserinedecoy23,363,"-9,3",0,1,353,10,"0,4648","0,6250",,"0,028","1,3447","0,465",,
3iodo-4tetrahydroacridindecoy31,364,"-9,3",0,1,354,10,"0,4661","0,6250",,"0,027","1,3410","0,466",,
4iodo-4tetrahydroacridindecoy5,365,"-9,3",0,1,355,10,"0,4673","0,6250",,"0,027","1,3373","0,467",,
2iodo-4tetrahydroacridindecoy40,366,"-9,3",0,1,356,10,"0,4686","0,6250",,"0,027","1,3336","0,469",,
Tolserinedecoy11,367,"-9,3",0,1,357,10,"0,4699","0,6250",,"0,027","1,3300","0,470",,
2iodo-2tetrahydroacridindecoy18,368,"-9,3",0,1,358,10,"0,4712","0,6250",,"0,027","1,3264","0,471",,
Bis-tacrinedecoy23,369,"-9,3",0,1,359,10,"0,4725","0,6250",,"0,027","1,3228","0,472",,
Bis-tacrinedecoy24,370,"-9,3",0,1,360,10,"0,4738","0,6250",,"0,027","1,3192","0,474",,
Donepezildecoy45,371,"-9,3",0,1,361,10,"0,4750","0,6250",,"0,027","1,3157","0,475",,
2iodo-2tetrahydroacridindecoy4,372,"-9,2",0,1,362,10,"0,4763","0,6250",,"0,027","1,3121","0,476",,
3iodo-2tetrahydroacridindecoy40,373,"-9,2",0,1,363,10,"0,4776","0,6250",,"0,027","1,3086","0,478",,
Donepezildecoy44,374,"-9,2",0,1,364,10,"0,4789","0,6250",,"0,027","1,3051","0,479",,
Tolserinedecoy44,375,"-9,2",0,1,365,10,"0,4802","0,6250",,"0,027","1,3016","0,480",,
Heptyl-physostigminedecoy11,376,"-9,2",0,1,366,10,"0,4814","0,6250",,"0,027","1,2982","0,481",,
4iodo-4tetrahydroacridindecoy21,377,"-9,2",0,1,367,10,"0,4827","0,6250",,"0,027","1,2947","0,483",,
4iodo-4tetrahydroacridindecoy6,378,"-9,2",0,1,368,10,"0,4840","0,6250",,"0,026","1,2913","0,484",,
Donepezildecoy43,379,"-9,2",0,1,369,10,"0,4853","0,6250",,"0,026","1,2879","0,485",,
3iodo-2tetrahydroacridindecoy3,380,"-9,2",0,1,370,10,"0,4866","0,6250",,"0,026","1,2845","0,487",,
Tolserinedecoy8,381,"-9,2",0,1,371,10,"0,4878","0,6250",,"0,026","1,2811","0,488",,
4iodo-4tetrahydroacridindecoy31,382,"-9,2",0,1,372,10,"0,4891","0,6250",,"0,026","1,2778","0,489",,
4iodo-2tetrahydroacridindecoy14,383,"-9,2",0,1,373,10,"0,4904","0,6250",,"0,026","1,2745","0,490",,
3iodo-4tetrahydroacridindecoy46,384,"-9,2",0,1,374,10,"0,4917","0,6250",,"0,026","1,2711","0,492",,
Heptyl-physostigminedecoy38,385,"-9,2",0,1,375,10,"0,4930","0,6250",,"0,026","1,2678","0,493",,
3iodo-4tetrahydroacridindecoy47,386,"-9,2",0,1,376,10,"0,4942","0,6250",,"0,026","1,2645","0,494",,
Tolserinedecoy3,387,"-9,2",0,1,377,10,"0,4955","0,6250",,"0,026","1,2613","0,496",,
2iodo-3tetrahydroacridindecoy31,388,"-9,2",0,1,378,10,"0,4968","0,6250",,"0,026","1,2580","0,497",,
2iodo-4tetrahydroacridindecoy13,389,"-9,1",0,1,379,10,"0,4981","0,6250",,"0,026","1,2548","0,498",,
4iodo-4tetrahydroacridindecoy27,390,"-9,1",0,1,380,10,"0,4994","0,6250",,"0,026","1,2516","0,499",,
Heptyl-physostigminedecoy5,391,"-9,1",0,1,381,10,"0,5006","0,6250",,"0,026","1,2484","0,501",,
Tolserinedecoy1,392,"-9,1",0,1,382,10,"0,5019","0,6250",,"0,026","1,2452","0,502",,
Heptyl-physostigminedecoy7,393,"-9,1",0,1,383,10,"0,5032","0,6250",,"0,025","1,2420","0,503",,
Heptyl-physostigminedecoy37,394,"-9,1",0,1,384,10,"0,5045","0,6250",,"0,025","1,2389","0,504",,
2iodo-4tetrahydroacridindecoy33,395,"-9,1",0,1,385,10,"0,5058","0,6250",,"0,025","1,2357","0,506",,
Heptyl-physostigminedecoy43,396,"-9,1",0,1,386,10,"0,5070","0,6250",,"0,025","1,2326","0,507",,
2iodo-3tetrahydroacridindecoy36,397,"-9,1",0,1,387,10,"0,5083","0,6250",,"0,025","1,2295","0,508",,
Donepezildecoy32,398,"-9,1",0,1,388,10,"0,5096","0,6250",,"0,025","1,2264","0,510",,
Bis-tacrinedecoy4,399,"-9,1",0,1,389,10,"0,5109","0,6250",,"0,025","1,2233","0,511",,
2iodo-4tetrahydroacridindecoy35,400,"-9,1",0,1,390,10,"0,5122","0,6250",,"0,025","1,2203","0,512",,
Donepezildecoy22,401,"-9,1",0,1,391,10,"0,5134","0,6250",,"0,025","1,2172","0,513",,
2iodo-2tetrahydroacridindecoy42,402,"-9,1",0,1,392,10,"0,5147","0,6250",,"0,025","1,2142","0,515",,
Heptyl-physostigminedecoy9,403,"-9,0",0,1,393,10,"0,5160","0,6250",,"0,025","1,2112","0,516",,
3iodo-2tetrahydroacridindecoy2,404,"-9,0",0,1,394,10,"0,5173","0,6250",,"0,025","1,2082","0,517",,
Tolserinedecoy10,405,"-9,0",0,1,395,10,"0,5186","0,6250",,"0,025","1,2052","0,519",,
4iodo-4tetrahydroacridindecoy9,406,"-9,0",0,1,396,10,"0,5198","0,6250",,"0,025","1,2023","0,520",,
3iodo-4tetrahydroacridindecoy44,407,"-9,0",0,1,397,10,"0,5211","0,6250",,"0,025","1,1993","0,521",,
4iodo-3tetrahydroacridindecoy4,408,"-9,0",0,1,398,10,"0,5224","0,6250",,"0,025","1,1964","0,522",,
4iodo-2tetrahydroacridindecoy2,409,"-9,0",0,1,399,10,"0,5237","0,6250",,"0,024","1,1934","0,524",,
3iodo-4tetrahydroacridindecoy49,410,"-9,0",0,1,400,10,"0,5250","0,6250",,"0,024","1,1905","0,525",,
Donepezildecoy30,411,"-9,0",0,1,401,10,"0,5262","0,6250",,"0,024","1,1876","0,526",,
4iodo-4tetrahydroacridindecoy43,412,"-9,0",0,1,402,10,"0,5275","0,6250",,"0,024","1,1847","0,528",,
4iodo-3tetrahydroacridindecoy3,413,"-9,0",0,1,403,10,"0,5288","0,6250",,"0,024","1,1819","0,529",,
Tolserinedecoy6,414,"-9,0",0,1,404,10,"0,5301","0,6250",,"0,024","1,1790","0,530",,
Tolserinedecoy26,415,"-9,0",0,1,405,10,"0,5314","0,6250",,"0,024","1,1762","0,531",,
4iodo-3tetrahydroacridindecoy16,416,"-9,0",0,1,406,10,"0,5327","0,6250",,"0,024","1,1734","0,533",,
4iodo-2tetrahydroacridindecoy44,417,"-9,0",0,1,407,10,"0,5339","0,6250",,"0,024","1,1705","0,534",,
2iodo-3tetrahydroacridindecoy34,418,"-9,0",0,1,408,10,"0,5352","0,6250",,"0,024","1,1677","0,535",,
4iodo-2tetrahydroacridindecoy42,419,"-9,0",0,1,409,10,"0,5365","0,6250",,"0,024","1,1650","0,536",,
3iodo-2tetrahydroacridindecoy32,420,"-9,0",0,1,410,10,"0,5378","0,6250",,"0,024","1,1622","0,538",,
4iodo-2tetrahydroacridindecoy50,421,"-9,0",0,1,411,10,"0,5391","0,6250",,"0,024","1,1594","0,539",,
Tolserinedecoy17,422,"-9,0",0,1,412,10,"0,5403","0,6250",,"0,024","1,1567","0,540",,
Heptyl-physostigminedecoy44,423,"-9,0",0,1,413,10,"0,5416","0,6250",,"0,024","1,1539","0,542",,
2iodo-3tetrahydroacridindecoy35,424,"-9,0",0,1,414,10,"0,5429","0,6250",,"0,024","1,1512","0,543",,
3iodo-2tetrahydroacridindecoy45,425,"-9,0",0,1,415,10,"0,5442","0,6250",,"0,024","1,1485","0,544",,
Donepezildecoy48,426,"-8,9",0,1,416,10,"0,5455","0,6250",,"0,023","1,1458","0,545",,
Donepezildecoy21,427,"-8,9",0,1,417,10,"0,5467","0,6250",,"0,023","1,1431","0,547",,
Tolserinedecoy41,428,"-8,9",0,1,418,10,"0,5480","0,6250",,"0,023","1,1405","0,548",,
4iodo-3tetrahydroacridindecoy36,429,"-8,9",0,1,419,10,"0,5493","0,6250",,"0,023","1,1378","0,549",,
Heptyl-physostigminedecoy8,430,"-8,9",0,1,420,10,"0,5506","0,6250",,"0,023","1,1351","0,551",,
2iodo-4tetrahydroacridindecoy25,431,"-8,9",0,1,421,10,"0,5519","0,6250",,"0,023","1,1325","0,552",,
3iodo-4tetrahydroacridindecoy33,432,"-8,9",0,1,422,10,"0,5531","0,6250",,"0,023","1,1299","0,553",,
Tolserinedecoy21,433,"-8,9",0,1,423,10,"0,5544","0,6250",,"0,023","1,1273","0,554",,
Donepezildecoy3,434,"-8,9",0,1,424,10,"0,5557","0,6250",,"0,023","1,1247","0,556",,
Tolserinedecoy18,435,"-8,9",0,1,425,10,"0,5570","0,6250",,"0,023","1,1221","0,557",,
3iodo-4tetrahydroacridindecoy16,436,"-8,9",0,1,426,10,"0,5583","0,6250",,"0,023","1,1195","0,558",,
Heptyl-physostigminedecoy14,437,"-8,9",0,1,427,10,"0,5595","0,6250",,"0,023","1,1170","0,560",,
Heptyl-physostigminedecoy23,438,"-8,9",0,1,428,10,"0,5608","0,6250",,"0,023","1,1144","0,561",,
Heptyl-physostigminedecoy19,439,"-8,9",0,1,429,10,"0,5621","0,6250",,"0,023","1,1119","0,562",,
2iodo-2tetrahydroacridindecoy35,440,"-8,8",0,1,430,10,"0,5634","0,6250",,"0,023","1,1094","0,563",,
Donepezildecoy15,441,"-8,8",0,1,431,10,"0,5647","0,6250",,"0,023","1,1068","0,565",,
Heptyl-physostigminedecoy18,442,"-8,8",0,1,432,10,"0,5659","0,6250",,"0,023","1,1043","0,566",,
3iodo-4tetrahydroacridindecoy43,443,"-8,8",0,1,433,10,"0,5672","0,6250",,"0,023","1,1018","0,567",,
Heptyl-physostigminedecoy40,444,"-8,8",0,1,434,10,"0,5685","0,6250",,"0,023","1,0994","0,569",,
4iodo-3tetrahydroacridindecoy30,445,"-8,8",0,1,435,10,"0,5698","0,6250",,"0,022","1,0969","0,570",,
2iodo-3tetrahydroacridindecoy17,446,"-8,8",0,1,436,10,"0,5711","0,6250",,"0,022","1,0944","0,571",,
2iodo-3tetrahydroacridindecoy44,447,"-8,8",0,1,437,10,"0,5723","0,6250",,"0,022","1,0920","0,572",,
Donepezildecoy19,448,"-8,8",0,1,438,10,"0,5736","0,6250",,"0,022","1,0895","0,574",,
Tolserine,454,"-8,8",1,0,438,11,"0,5813","0,6875",,"0,024","1,1827","0,581",,
2iodo-2tetrahydroacridindecoy2,449,"-8,8",0,1,439,11,"0,5749","0,6875",,"0,024","1,1958","0,575",,
Heptyl-physostigminedecoy39,450,"-8,8",0,1,440,11,"0,5762","0,6875",,"0,024","1,1932","0,576",,
4iodo-2tetrahydroacridindecoy40,451,"-8,8",0,1,441,11,"0,5775","0,6875",,"0,024","1,1905","0,577",,
4iodo-4tetrahydroacridindecoy10,452,"-8,8",0,1,442,11,"0,5787","0,6875",,"0,024","1,1879","0,579",,
Donepezildecoy13,453,"-8,8",0,1,443,11,"0,5800","0,6875",,"0,024","1,1853","0,580",,
4iodo-2tetrahydroacridindecoy16,455,"-8,7",0,1,444,11,"0,5826","0,6875",,"0,024","1,1801","0,583",,
Donepezildecoy23,456,"-8,7",0,1,445,11,"0,5839","0,6875",,"0,024","1,1775","0,584",,
Tolserinedecoy9,457,"-8,7",0,1,446,11,"0,5851","0,6875",,"0,024","1,1749","0,585",,
3iodo-2tetrahydroacridindecoy44,458,"-8,7",0,1,447,11,"0,5864","0,6875",,"0,024","1,1723","0,586",,
Tolserinedecoy20,459,"-8,7",0,1,448,11,"0,5877","0,6875",,"0,024","1,1698","0,588",,
2iodo-2tetrahydroacridindecoy43,460,"-8,7",0,1,449,11,"0,5890","0,6875",,"0,024","1,1672","0,589",,
Heptyl-physostigmine,461,"-8,7",1,0,449,12,"0,5903","0,7500",,"0,026","1,2706","0,590",,
Donepezildecoy27,462,"-8,7",0,1,450,12,"0,5915","0,7500",,"0,026","1,2678","0,592",,
3iodo-2tetrahydroacridindecoy31,463,"-8,7",0,1,451,12,"0,5928","0,7500",,"0,026","1,2651","0,593",,
Heptyl-physostigminedecoy49,464,"-8,7",0,1,452,12,"0,5941","0,7500",,"0,026","1,2624","0,594",,
Heptyl-physostigminedecoy50,465,"-8,7",0,1,453,12,"0,5954","0,7500",,"0,026","1,2597","0,595",,
Donepezildecoy20,466,"-8,7",0,1,454,12,"0,5967","0,7500",,"0,026","1,2569","0,597",,
2iodo-2tetrahydroacridindecoy32,467,"-8,6",0,1,455,12,"0,5980","0,7500",,"0,026","1,2543","0,598",,
2iodo-3tetrahydroacridindecoy21,468,"-8,6",0,1,456,12,"0,5992","0,7500",,"0,026","1,2516","0,599",,
Tolserinedecoy13,469,"-8,6",0,1,457,12,"0,6005","0,7500",,"0,026","1,2489","0,601",,
Tolserinedecoy39,470,"-8,6",0,1,458,12,"0,6018","0,7500",,"0,026","1,2462","0,602",,
4iodo-2tetrahydroacridindecoy43,471,"-8,6",0,1,459,12,"0,6031","0,7500",,"0,025","1,2436","0,603",,
Donepezildecoy49,472,"-8,6",0,1,460,12,"0,6044","0,7500",,"0,025","1,2410","0,604",,
4iodo-2tetrahydroacridindecoy30,473,"-8,6",0,1,461,12,"0,6056","0,7500",,"0,025","1,2383","0,606",,
Donepezildecoy37,474,"-8,6",0,1,462,12,"0,6069","0,7500",,"0,025","1,2357","0,607",,
Donepezildecoy31,475,"-8,6",0,1,463,12,"0,6082","0,7500",,"0,025","1,2331","0,608",,
Donepezildecoy47,476,"-8,6",0,1,464,12,"0,6095","0,7500",,"0,025","1,2305","0,609",,
Tolserinedecoy16,477,"-8,6",0,1,465,12,"0,6108","0,7500",,"0,025","1,2280","0,611",,
2iodo-2tetrahydroacridindecoy33,478,"-8,6",0,1,466,12,"0,6120","0,7500",,"0,025","1,2254","0,612",,
Donepezildecoy12,479,"-8,6",0,1,467,12,"0,6133","0,7500",,"0,025","1,2228","0,613",,
Tolserinedecoy15,480,"-8,6",0,1,468,12,"0,6146","0,7500",,"0,025","1,2203","0,615",,
4iodo-4tetrahydroacridindecoy7,481,"-8,5",0,1,469,12,"0,6159","0,7500",,"0,025","1,2177","0,616",,
2iodo-4tetrahydroacridindecoy42,482,"-8,5",0,1,470,12,"0,6172","0,7500",,"0,025","1,2152","0,617",,
Heptyl-physostigminedecoy24,483,"-8,5",0,1,471,12,"0,6184","0,7500",,"0,025","1,2127","0,618",,
3iodo-2tetrahydroacridindecoy36,484,"-8,5",0,1,472,12,"0,6197","0,7500",,"0,025","1,2102","0,620",,
4iodo-2tetrahydroacridindecoy41,485,"-8,5",0,1,473,12,"0,6210","0,7500",,"0,025","1,2077","0,621",,
Donepezildecoy46,486,"-8,5",0,1,474,12,"0,6223","0,7500",,"0,025","1,2052","0,622",,
Heptyl-physostigminedecoy41,487,"-8,5",0,1,475,12,"0,6236","0,7500",,"0,025","1,2027","0,624",,
Donepezildecoy8,488,"-8,5",0,1,476,12,"0,6248","0,7500",,"0,025","1,2003","0,625",,
Tolserinedecoy2,489,"-8,5",0,1,477,12,"0,6261","0,7500",,"0,025","1,1978","0,626",,
Heptyl-physostigminedecoy45,490,"-8,5",0,1,478,12,"0,6274","0,7500",,"0,024","1,1954","0,627",,
4iodo-2tetrahydroacridindecoy17,491,"-8,5",0,1,479,12,"0,6287","0,7500",,"0,024","1,1929","0,629",,
Heptyl-physostigminedecoy1,492,"-8,5",0,1,480,12,"0,6300","0,7500",,"0,024","1,1905","0,630",,
Heptyl-physostigminedecoy46,493,"-8,5",0,1,481,12,"0,6312","0,7500",,"0,024","1,1881","0,631",,
3iodo-4tetrahydroacridindecoy8,494,"-8,4",0,1,482,12,"0,6325","0,7500",,"0,024","1,1857","0,633",,
2iodo-2tetrahydroacridindecoy36,495,"-8,4",0,1,483,12,"0,6338","0,7500",,"0,024","1,1833","0,634",,
Tolserinedecoy40,496,"-8,4",0,1,484,12,"0,6351","0,7500",,"0,024","1,1809","0,635",,
Donepezildecoy33,497,"-8,4",0,1,485,12,"0,6364","0,7500",,"0,024","1,1785","0,636",,
4iodo-4tetrahydroacridindecoy12,498,"-8,4",0,1,486,12,"0,6376","0,7500",,"0,024","1,1762","0,638",,
3iodo-4tetrahydroacridindecoy3,499,"-8,4",0,1,487,12,"0,6389","0,7500",,"0,024","1,1738","0,639",,
Donepezildecoy26,500,"-8,4",0,1,488,12,"0,6402","0,7500",,"0,024","1,1715","0,640",,
Tolserinedecoy25,501,"-8,4",0,1,489,12,"0,6415","0,7500",,"0,024","1,1691","0,641",,
Donepezildecoy17,502,"-8,4",0,1,490,12,"0,6428","0,7500",,"0,024","1,1668","0,643",,
Donepezildecoy2,503,"-8,3",0,1,491,12,"0,6440","0,7500",,"0,024","1,1645","0,644",,
Tolserinedecoy38,504,"-8,3",0,1,492,12,"0,6453","0,7500",,"0,024","1,1622","0,645",,
Tolserinedecoy19,505,"-8,3",0,1,493,12,"0,6466","0,7500",,"0,024","1,1599","0,647",,
Tolserinedecoy28,506,"-8,3",0,1,494,12,"0,6479","0,7500",,"0,024","1,1576","0,648",,
Donepezildecoy16,507,"-8,3",0,1,495,12,"0,6492","0,7500",,"0,024","1,1553","0,649",,
Heptyl-physostigminedecoy42,508,"-8,3",0,1,496,12,"0,6504","0,7500",,"0,024","1,1530","0,650",,
3iodo-2tetrahydroacridindecoy24,509,"-8,3",0,1,497,12,"0,6517","0,7500",,"0,024","1,1508","0,652",,
Donepezildecoy25,510,"-8,3",0,1,498,12,"0,6530","0,7500",,"0,024","1,1485","0,653",,
4iodo-2tetrahydroacridindecoy26,511,"-8,3",0,1,499,12,"0,6543","0,7500",,"0,023","1,1463","0,654",,
Tolserinedecoy37,512,"-8,3",0,1,500,12,"0,6556","0,7500",,"0,023","1,1440","0,656",,
Donepezildecoy24,513,"-8,3",0,1,501,12,"0,6569","0,7500",,"0,023","1,1418","0,657",,
Heptyl-physostigminedecoy47,514,"-8,2",0,1,502,12,"0,6581","0,7500",,"0,023","1,1396","0,658",,
Tolserinedecoy22,515,"-8,2",0,1,503,12,"0,6594","0,7500",,"0,023","1,1374","0,659",,
3iodo-4tetrahydroacridindecoy14,516,"-8,2",0,1,504,12,"0,6607","0,7500",,"0,023","1,1351","0,661",,
Tolserinedecoy27,517,"-8,2",0,1,505,12,"0,6620","0,7500",,"0,023","1,1330","0,662",,
3iodo-2tetrahydroacridindecoy1,518,"-8,2",0,1,506,12,"0,6633","0,7500",,"0,023","1,1308","0,663",,
Tolserinedecoy43,519,"-8,2",0,1,507,12,"0,6645","0,7500",,"0,023","1,1286","0,665",,
Heptyl-physostigminedecoy27,520,"-8,2",0,1,508,12,"0,6658","0,7500",,"0,023","1,1264","0,666",,
Donepezildecoy9,521,"-8,2",0,1,509,12,"0,6671","0,7500",,"0,023","1,1243","0,667",,
Tolserinedecoy31,522,"-8,1",0,1,510,12,"0,6684","0,7500",,"0,023","1,1221","0,668",,
4iodo-3tetrahydroacridindecoy35,523,"-8,1",0,1,511,12,"0,6697","0,7500",,"0,023","1,1200","0,670",,
3iodo-4tetrahydroacridindecoy1,524,"-8,1",0,1,512,12,"0,6709","0,7500",,"0,023","1,1178","0,671",,
Tolserinedecoy42,525,"-8,1",0,1,513,12,"0,6722","0,7500",,"0,023","1,1157","0,672",,
4iodo-4tetrahydroacridindecoy42,526,"-8,1",0,1,514,12,"0,6735","0,7500",,"0,023","1,1136","0,673",,
Tolserinedecoy29,527,"-8,0",0,1,515,12,"0,6748","0,7500",,"0,023","1,1115","0,675",,
Tolserinedecoy30,528,"-8,0",0,1,516,12,"0,6761","0,7500",,"0,023","1,1094","0,676",,
4iodo-3tetrahydroacridindecoy17,529,"-8,0",0,1,517,12,"0,6773","0,7500",,"0,023","1,1073","0,677",,
Donepezildecoy34,530,"-8,0",0,1,518,12,"0,6786","0,7500",,"0,023","1,1052","0,679",,
Tolserinedecoy7,531,"-8,0",0,1,519,12,"0,6799","0,7500",,"0,023","1,1031","0,680",,
2iodo-2tetrahydroacridindecoy22,532,"-8,0",0,1,520,12,"0,6812","0,7500",,"0,023","1,1010","0,681",,
Donepezildecoy42,533,"-8,0",0,1,521,12,"0,6825","0,7500",,"0,023","1,0989","0,682",,
Donepezildecoy40,534,"-8,0",0,1,522,12,"0,6837","0,7500",,"0,022","1,0969","0,684",,
Heptyl-physostigminedecoy6,535,"-8,0",0,1,523,12,"0,6850","0,7500",,"0,022","1,0948","0,685",,
Physostigminedecoy11,536,"-8,0",0,1,524,12,"0,6863","0,7500",,"0,022","1,0928","0,686",,
Tolserinedecoy48,537,"-7,9",0,1,525,12,"0,6876","0,7500",,"0,022","1,0908","0,688",,
Tolserinedecoy4,538,"-7,9",0,1,526,12,"0,6889","0,7500",,"0,022","1,0887","0,689",,
4iodo-4tetrahydroacridindecoy47,539,"-7,9",0,1,527,12,"0,6901","0,7500",,"0,022","1,0867","0,690",,
Heptyl-physostigminedecoy21,540,"-7,9",0,1,528,12,"0,6914","0,7500",,"0,022","1,0847","0,691",,
4iodo-4tetrahydroacridindecoy48,541,"-7,9",0,1,529,12,"0,6927","0,7500",,"0,022","1,0827","0,693",,
2iodo-2tetrahydroacridindecoy5,542,"-7,9",0,1,530,12,"0,6940","0,7500",,"0,022","1,0807","0,694",,
Tolserinedecoy14,543,"-7,9",0,1,531,12,"0,6953","0,7500",,"0,022","1,0787","0,695",,
Heptyl-physostigminedecoy29,544,"-7,9",0,1,532,12,"0,6965","0,7500",,"0,022","1,0767","0,697",,
2iodo-4tetrahydroacridindecoy27,545,"-7,9",0,1,533,12,"0,6978","0,7500",,"0,022","1,0747","0,698",,
4iodo-4tetrahydroacridindecoy49,546,"-7,8",0,1,534,12,"0,6991","0,7500",,"0,022","1,0728","0,699",,
2iodo-4tetrahydroacridindecoy50,547,"-7,8",0,1,535,12,"0,7004","0,7500",,"0,022","1,0708","0,700",,
Galantaminedecoy40,548,"-7,8",0,1,536,12,"0,7017","0,7500",,"0,022","1,0689","0,702",,
4iodo-4tetrahydroacridindecoy22,549,"-7,8",0,1,537,12,"0,7029","0,7500",,"0,022","1,0669","0,703",,
2iodo-2tetrahydroacridindecoy38,550,"-7,8",0,1,538,12,"0,7042","0,7500",,"0,022","1,0650","0,704",,
4iodo-2tetrahydroacridindecoy15,551,"-7,8",0,1,539,12,"0,7055","0,7500",,"0,022","1,0630","0,706",,
3iodo-4tetrahydroacridindecoy19,552,"-7,7",0,1,540,12,"0,7068","0,7500",,"0,022","1,0611","0,707",,
Galantaminedecoy41,553,"-7,7",0,1,541,12,"0,7081","0,7500",,"0,022","1,0592","0,708",,
3iodo-4tetrahydroacridindecoy34,554,"-7,7",0,1,542,12,"0,7093","0,7500",,"0,022","1,0573","0,709",,
Physostigminedecoy16,555,"-7,7",0,1,543,12,"0,7106","0,7500",,"0,022","1,0554","0,711",,
Galantaminedecoy23,556,"-7,7",0,1,544,12,"0,7119","0,7500",,"0,022","1,0535","0,712",,
Galantaminedecoy17,557,"-7,7",0,1,545,12,"0,7132","0,7500",,"0,022","1,0516","0,713",,
2iodo-2tetrahydroacridindecoy49,558,"-7,7",0,1,546,12,"0,7145","0,7500",,"0,022","1,0497","0,714",,
Galantaminedecoy32,559,"-7,7",0,1,547,12,"0,7157","0,7500",,"0,021","1,0478","0,716",,
Galantaminedecoy14,560,"-7,7",0,1,548,12,"0,7170","0,7500",,"0,021","1,0460","0,717",,
Physostigminedecoy6,561,"-7,7",0,1,549,12,"0,7183","0,7500",,"0,021","1,0441","0,718",,
3iodo-4tetrahydroacridindecoy11,562,"-7,6",0,1,550,12,"0,7196","0,7500",,"0,021","1,0422","0,720",,
Physostigminedecoy4,563,"-7,6",0,1,551,12,"0,7209","0,7500",,"0,021","1,0404","0,721",,
Galantaminedecoy4,564,"-7,6",0,1,552,12,"0,7222","0,7500",,"0,021","1,0385","0,722",,
Physostigminedecoy22,565,"-7,6",0,1,553,12,"0,7234","0,7500",,"0,021","1,0367","0,723",,
Bis-tacrinedecoy9,566,"-7,6",0,1,554,12,"0,7247","0,7500",,"0,021","1,0349","0,725",,
Physostigminedecoy39,567,"-7,5",0,1,555,12,"0,7260","0,7500",,"0,021","1,0330","0,726",,
3iodo-4tetrahydroacridindecoy22,568,"-7,5",0,1,556,12,"0,7273","0,7500",,"0,021","1,0312","0,727",,
Donepezildecoy1,569,"-7,5",0,1,557,12,"0,7286","0,7500",,"0,021","1,0294","0,729",,
Galantaminedecoy3,570,"-7,5",0,1,558,12,"0,7298","0,7500",,"0,021","1,0276","0,730",,
Physostigminedecoy14,571,"-7,5",0,1,559,12,"0,7311","0,7500",,"0,021","1,0258","0,731",,
Donepezildecoy5,572,"-7,5",0,1,560,12,"0,7324","0,7500",,"0,021","1,0240","0,732",,
Galantaminedecoy35,573,"-7,5",0,1,561,12,"0,7337","0,7500",,"0,021","1,0222","0,734",,
Physostigminedecoy50,574,"-7,5",0,1,562,12,"0,7350","0,7500",,"0,021","1,0204","0,735",,
Galantaminedecoy16,575,"-7,5",0,1,563,12,"0,7362","0,7500",,"0,021","1,0187","0,736",,
Tolserinedecoy35,576,"-7,5",0,1,564,12,"0,7375","0,7500",,"0,021","1,0169","0,738",,
Heptyl-physostigminedecoy25,577,"-7,5",0,1,565,12,"0,7388","0,7500",,"0,021","1,0151","0,739",,
Galantaminedecoy22,578,"-7,5",0,1,566,12,"0,7401","0,7500",,"0,021","1,0134","0,740",,
Galantaminedecoy6,579,"-7,5",0,1,567,12,"0,7414","0,7500",,"0,021","1,0116","0,741",,
Galantaminedecoy18,580,"-7,5",0,1,568,12,"0,7426","0,7500",,"0,021","1,0099","0,743",,
Physostigminedecoy10,581,"-7,4",0,1,569,12,"0,7439","0,7500",,"0,021","1,0082","0,744",,
Heptyl-physostigminedecoy12,582,"-7,4",0,1,570,12,"0,7452","0,7500",,"0,021","1,0064","0,745",,
Galantaminedecoy44,583,"-7,4",0,1,571,12,"0,7465","0,7500",,"0,021","1,0047","0,746",,
Heptyl-physostigminedecoy26,584,"-7,4",0,1,572,12,"0,7478","0,7500",,"0,021","1,0030","0,748",,
Galantaminedecoy9,585,"-7,4",0,1,573,12,"0,7490","0,7500",,"0,021","1,0013","0,749",,
Galantamine,586,"-7,4",1,0,573,13,"0,7503","0,8125",,"0,022","1,0828","0,750",,
Physostigminedecoy9,587,"-7,4",0,1,574,13,"0,7516","0,8125",,"0,022","1,0810","0,752",,
Galantaminedecoy50,588,"-7,4",0,1,575,13,"0,7529","0,8125",,"0,022","1,0792","0,753",,
Physostigminedecoy49,589,"-7,4",0,1,576,13,"0,7542","0,8125",,"0,022","1,0773","0,754",,
Galantaminedecoy39,590,"-7,4",0,1,577,13,"0,7554","0,8125",,"0,022","1,0755","0,755",,
Tacrinedecoy3,591,"-7,4",0,1,578,13,"0,7567","0,8125",,"0,022","1,0737","0,757",,
4iodo-2tetrahydroacridindecoy49,592,"-7,4",0,1,579,13,"0,7580","0,8125",,"0,022","1,0719","0,758",,
3iodo-4tetrahydroacridindecoy45,593,"-7,4",0,1,580,13,"0,7593","0,8125",,"0,022","1,0701","0,759",,
Donepezildecoy50,594,"-7,4",0,1,581,13,"0,7606","0,8125",,"0,022","1,0683","0,761",,
Heptyl-physostigminedecoy20,595,"-7,3",0,1,582,13,"0,7618","0,8125",,"0,022","1,0665","0,762",,
Physostigminedecoy23,596,"-7,3",0,1,583,13,"0,7631","0,8125",,"0,022","1,0647","0,763",,
Physostigminedecoy19,597,"-7,3",0,1,584,13,"0,7644","0,8125",,"0,022","1,0629","0,764",,
3iodo-4tetrahydroacridindecoy20,598,"-7,3",0,1,585,13,"0,7657","0,8125",,"0,022","1,0611","0,766",,
Galantaminedecoy42,599,"-7,3",0,1,586,13,"0,7670","0,8125",,"0,022","1,0593","0,767",,
Physostigminedecoy37,600,"-7,3",0,1,587,13,"0,7682","0,8125",,"0,022","1,0576","0,768",,
Physostigminedecoy1,601,"-7,3",0,1,588,13,"0,7695","0,8125",,"0,022","1,0558","0,770",,
Galantaminedecoy24,602,"-7,3",0,1,589,13,"0,7708","0,8125",,"0,022","1,0541","0,771",,
Tolserinedecoy45,603,"-7,3",0,1,590,13,"0,7721","0,8125",,"0,022","1,0523","0,772",,
Physostigminedecoy36,604,"-7,3",0,1,591,13,"0,7734","0,8125",,"0,022","1,0506","0,773",,
Galantaminedecoy15,605,"-7,3",0,1,592,13,"0,7746","0,8125",,"0,021","1,0488","0,775",,
Galantaminedecoy19,606,"-7,3",0,1,593,13,"0,7759","0,8125",,"0,021","1,0471","0,776",,
Physostigminedecoy45,607,"-7,3",0,1,594,13,"0,7772","0,8125",,"0,021","1,0454","0,777",,
Heptyl-physostigminedecoy34,608,"-7,2",0,1,595,13,"0,7785","0,8125",,"0,021","1,0437","0,778",,
Galantaminedecoy21,609,"-7,2",0,1,596,13,"0,7798","0,8125",,"0,021","1,0420","0,780",,
2iodo-4tetrahydroacridindecoy37,610,"-7,2",0,1,597,13,"0,7810","0,8125",,"0,021","1,0402","0,781",,
Physostigminedecoy40,611,"-7,2",0,1,598,13,"0,7823","0,8125",,"0,021","1,0385","0,782",,
Tolserinedecoy46,612,"-7,2",0,1,599,13,"0,7836","0,8125",,"0,021","1,0368","0,784",,
Heptyl-physostigminedecoy22,613,"-7,2",0,1,600,13,"0,7849","0,8125",,"0,021","1,0352","0,785",,
Physostigminedecoy31,614,"-7,2",0,1,601,13,"0,7862","0,8125",,"0,021","1,0335","0,786",,
Physostigminedecoy38,615,"-7,2",0,1,602,13,"0,7875","0,8125",,"0,021","1,0318","0,787",,
Physostigmine,616,"-7,2",1,0,602,14,"0,7887","0,8750",,"0,023","1,1094","0,789",,
Tolserinedecoy47,617,"-7,2",0,1,603,14,"0,7900","0,8750",,"0,023","1,1076","0,790",,
Physostigminedecoy41,618,"-7,2",0,1,604,14,"0,7913","0,8750",,"0,023","1,1058","0,791",,
Heptyl-physostigminedecoy48,619,"-7,2",0,1,605,14,"0,7926","0,8750",,"0,023","1,1040","0,793",,
Galantaminedecoy49,620,"-7,2",0,1,606,14,"0,7939","0,8750",,"0,023","1,1022","0,794",,
4iodo-4tetrahydroacridindecoy25,621,"-7,2",0,1,607,14,"0,7951","0,8750",,"0,023","1,1004","0,795",,
Physostigminedecoy43,622,"-7,2",0,1,608,14,"0,7964","0,8750",,"0,023","1,0986","0,796",,
Physostigminedecoy26,623,"-7,2",0,1,609,14,"0,7977","0,8750",,"0,022","1,0969","0,798",,
Galantaminedecoy48,624,"-7,2",0,1,610,14,"0,7990","0,8750",,"0,022","1,0951","0,799",,
Physostigminedecoy44,625,"-7,1",0,1,611,14,"0,8003","0,8750",,"0,022","1,0934","0,800",,
Galantaminedecoy12,626,"-7,1",0,1,612,14,"0,8015","0,8750",,"0,022","1,0916","0,802",,
Galantaminedecoy10,627,"-7,1",0,1,613,14,"0,8028","0,8750",,"0,022","1,0899","0,803",,
Physostigminedecoy34,628,"-7,1",0,1,614,14,"0,8041","0,8750",,"0,022","1,0882","0,804",,
Galantaminedecoy34,629,"-7,1",0,1,615,14,"0,8054","0,8750",,"0,022","1,0864","0,805",,
Physostigminedecoy2,630,"-7,1",0,1,616,14,"0,8067","0,8750",,"0,022","1,0847","0,807",,
3iodo-4tetrahydroacridindecoy21,631,"-7,1",0,1,617,14,"0,8079","0,8750",,"0,022","1,0830","0,808",,
Physostigminedecoy18,632,"-7,1",0,1,618,14,"0,8092","0,8750",,"0,022","1,0813","0,809",,
Physostigminedecoy28,633,"-7,1",0,1,619,14,"0,8105","0,8750",,"0,022","1,0796","0,810",,
Tacrinedecoy5,634,"-7,0",0,1,620,14,"0,8118","0,8750",,"0,022","1,0779","0,812",,
Velnacrinedecoy34,635,"-7,0",0,1,621,14,"0,8131","0,8750",,"0,022","1,0762","0,813",,
Galantaminedecoy46,636,"-7,0",0,1,622,14,"0,8143","0,8750",,"0,022","1,0745","0,814",,
Physostigminedecoy17,637,"-7,0",0,1,623,14,"0,8156","0,8750",,"0,022","1,0728","0,816",,
Galantaminedecoy38,638,"-7,0",0,1,624,14,"0,8169","0,8750",,"0,022","1,0711","0,817",,
Galantaminedecoy5,639,"-7,0",0,1,625,14,"0,8182","0,8750",,"0,022","1,0694","0,818",,
Physostigminedecoy48,640,"-7,0",0,1,626,14,"0,8195","0,8750",,"0,022","1,0678","0,819",,
Physostigminedecoy29,641,"-7,0",0,1,627,14,"0,8207","0,8750",,"0,022","1,0661","0,821",,
Physostigminedecoy33,642,"-7,0",0,1,628,14,"0,8220","0,8750",,"0,022","1,0644","0,822",,
Galantaminedecoy47,643,"-7,0",0,1,629,14,"0,8233","0,8750",,"0,022","1,0628","0,823",,
Physostigminedecoy42,644,"-7,0",0,1,630,14,"0,8246","0,8750",,"0,022","1,0611","0,825",,
Galantaminedecoy33,645,"-7,0",0,1,631,14,"0,8259","0,8750",,"0,022","1,0595","0,826",,
Tacrinedecoy32,646,"-7,0",0,1,632,14,"0,8271","0,8750",,"0,022","1,0578","0,827",,
3iodo-4tetrahydroacridindecoy35,647,"-6,9",0,1,633,14,"0,8284","0,8750",,"0,022","1,0562","0,828",,
Velnacrinedecoy48,648,"-6,9",0,1,634,14,"0,8297","0,8750",,"0,022","1,0546","0,830",,
Physostigminedecoy20,649,"-6,9",0,1,635,14,"0,8310","0,8750",,"0,022","1,0529","0,831",,
Velnacrinedecoy35,650,"-6,9",0,1,636,14,"0,8323","0,8750",,"0,022","1,0513","0,832",,
4iodo-2tetrahydroacridindecoy27,651,"-6,9",0,1,637,14,"0,8335","0,8750",,"0,022","1,0497","0,834",,
Physostigminedecoy47,652,"-6,9",0,1,638,14,"0,8348","0,8750",,"0,021","1,0481","0,835",,
Tacrinedecoy46,653,"-6,9",0,1,639,14,"0,8361","0,8750",,"0,021","1,0465","0,836",,
Tacrinedecoy48,654,"-6,9",0,1,640,14,"0,8374","0,8750",,"0,021","1,0449","0,837",,
Physostigminedecoy12,655,"-6,9",0,1,641,14,"0,8387","0,8750",,"0,021","1,0433","0,839",,
3iodo-2tetrahydroacridindecoy50,656,"-6,9",0,1,642,14,"0,8399","0,8750",,"0,021","1,0417","0,840",,
Tacrinedecoy12,657,"-6,9",0,1,643,14,"0,8412","0,8750",,"0,021","1,0401","0,841",,
2iodo-4tetrahydroacridindecoy39,658,"-6,9",0,1,644,14,"0,8425","0,8750",,"0,021","1,0385","0,843",,
2iodo-2tetrahydroacridindecoy50,659,"-6,8",0,1,645,14,"0,8438","0,8750",,"0,021","1,0370","0,844",,
Galantaminedecoy7,660,"-6,8",0,1,646,14,"0,8451","0,8750",,"0,021","1,0354","0,845",,
Galantaminedecoy29,661,"-6,8",0,1,647,14,"0,8464","0,8750",,"0,021","1,0338","0,846",,
Physostigminedecoy3,662,"-6,8",0,1,648,14,"0,8476","0,8750",,"0,021","1,0323","0,848",,
3iodo-4tetrahydroacridindecoy13,663,"-6,8",0,1,649,14,"0,8489","0,8750",,"0,021","1,0307","0,849",,
Galantaminedecoy43,664,"-6,8",0,1,650,14,"0,8502","0,8750",,"0,021","1,0292","0,850",,
Velnacrine,665,"-6,8",1,0,650,15,"0,8515","0,9375",,"0,023","1,1010","0,851",,
Tacrinedecoy43,666,"-6,8",0,1,651,15,"0,8528","0,9375",,"0,023","1,0994","0,853",,
Physostigminedecoy8,667,"-6,8",0,1,652,15,"0,8540","0,9375",,"0,022","1,0977","0,854",,
Galantaminedecoy30,668,"-6,8",0,1,653,15,"0,8553","0,9375",,"0,022","1,0961","0,855",,
Tacrinedecoy25,669,"-6,8",0,1,654,15,"0,8566","0,9375",,"0,022","1,0944","0,857",,
Velnacrinedecoy32,670,"-6,8",0,1,655,15,"0,8579","0,9375",,"0,022","1,0928","0,858",,
Velnacrinedecoy33,671,"-6,8",0,1,656,15,"0,8592","0,9375",,"0,022","1,0912","0,859",,
Velnacrinedecoy24,672,"-6,7",0,1,657,15,"0,8604","0,9375",,"0,022","1,0895","0,860",,
Heptyl-physostigminedecoy28,673,"-6,7",0,1,658,15,"0,8617","0,9375",,"0,022","1,0879","0,862",,
Velnacrinedecoy22,674,"-6,7",0,1,659,15,"0,8630","0,9375",,"0,022","1,0863","0,863",,
Physostigminedecoy15,675,"-6,7",0,1,660,15,"0,8643","0,9375",,"0,022","1,0847","0,864",,
Physostigminedecoy27,676,"-6,7",0,1,661,15,"0,8656","0,9375",,"0,022","1,0831","0,866",,
Physostigminedecoy46,677,"-6,7",0,1,662,15,"0,8668","0,9375",,"0,022","1,0815","0,867",,
Galantaminedecoy37,678,"-6,7",0,1,663,15,"0,8681","0,9375",,"0,022","1,0799","0,868",,
Tacrine,679,"-6,7",1,0,663,16,"0,8694","1,0000",,"0,024","1,1502","0,869",,
Physostigminedecoy24,680,"-6,7",0,1,664,16,"0,8707","1,0000",,"0,024","1,1485","0,871",,
Physostigminedecoy35,681,"-6,7",0,1,665,16,"0,8720","1,0000",,"0,023","1,1468","0,872",,
Tacrinedecoy6,682,"-6,7",0,1,666,16,"0,8732","1,0000",,"0,023","1,1451","0,873",,
Velnacrinedecoy30,683,"-6,6",0,1,667,16,"0,8745","1,0000",,"0,023","1,1435","0,875",,
Physostigminedecoy25,684,"-6,6",0,1,668,16,"0,8758","1,0000",,"0,023","1,1418","0,876",,
Physostigminedecoy32,685,"-6,6",0,1,669,16,"0,8771","1,0000",,"0,023","1,1401","0,877",,
Galantaminedecoy11,686,"-6,6",0,1,670,16,"0,8784","1,0000",,"0,023","1,1385","0,878",,
Tacrinedecoy31,687,"-6,6",0,1,671,16,"0,8796","1,0000",,"0,023","1,1368","0,880",,
Velnacrinedecoy49,688,"-6,6",0,1,672,16,"0,8809","1,0000",,"0,023","1,1351","0,881",,
Galantaminedecoy13,689,"-6,6",0,1,673,16,"0,8822","1,0000",,"0,023","1,1335","0,882",,
Galantaminedecoy31,690,"-6,6",0,1,674,16,"0,8835","1,0000",,"0,023","1,1319","0,883",,
Velnacrinedecoy7,691,"-6,6",0,1,675,16,"0,8848","1,0000",,"0,023","1,1302","0,885",,
Velnacrinedecoy40,692,"-6,6",0,1,676,16,"0,8860","1,0000",,"0,023","1,1286","0,886",,
Tacrinedecoy49,693,"-6,6",0,1,677,16,"0,8873","1,0000",,"0,023","1,1270","0,887",,
Galantaminedecoy8,694,"-6,5",0,1,678,16,"0,8886","1,0000",,"0,023","1,1253","0,889",,
Galantaminedecoy2,695,"-6,5",0,1,679,16,"0,8899","1,0000",,"0,023","1,1237","0,890",,
3iodo-2tetrahydroacridindecoy25,696,"-6,5",0,1,680,16,"0,8912","1,0000",,"0,023","1,1221","0,891",,
Tacrinedecoy16,697,"-6,5",0,1,681,16,"0,8924","1,0000",,"0,023","1,1205","0,892",,
Velnacrinedecoy45,698,"-6,5",0,1,682,16,"0,8937","1,0000",,"0,023","1,1189","0,894",,
Velnacrinedecoy5,699,"-6,5",0,1,683,16,"0,8950","1,0000",,"0,023","1,1173","0,895",,
Velnacrinedecoy12,700,"-6,5",0,1,684,16,"0,8963","1,0000",,"0,023","1,1157","0,896",,
Tacrinedecoy24,701,"-6,5",0,1,685,16,"0,8976","1,0000",,"0,023","1,1141","0,898",,
Tacrinedecoy1,702,"-6,5",0,1,686,16,"0,8988","1,0000",,"0,023","1,1125","0,899",,
Velnacrinedecoy28,703,"-6,5",0,1,687,16,"0,9001","1,0000",,"0,023","1,1109","0,900",,
Tacrinedecoy47,704,"-6,5",0,1,688,16,"0,9014","1,0000",,"0,023","1,1094","0,901",,
Tacrinedecoy28,705,"-6,5",0,1,689,16,"0,9027","1,0000",,"0,023","1,1078","0,903",,
Velnacrinedecoy27,706,"-6,4",0,1,690,16,"0,9040","1,0000",,"0,023","1,1062","0,904",,
Velnacrinedecoy16,707,"-6,4",0,1,691,16,"0,9052","1,0000",,"0,023","1,1046","0,905",,
Galantaminedecoy20,708,"-6,4",0,1,692,16,"0,9065","1,0000",,"0,023","1,1031","0,907",,
Tacrinedecoy8,709,"-6,4",0,1,693,16,"0,9078","1,0000",,"0,023","1,1015","0,908",,
Physostigminedecoy21,710,"-6,4",0,1,694,16,"0,9091","1,0000",,"0,023","1,1000","0,909",,
Velnacrinedecoy39,711,"-6,4",0,1,695,16,"0,9104","1,0000",,"0,023","1,0984","0,910",,
Tacrinedecoy39,712,"-6,4",0,1,696,16,"0,9117","1,0000",,"0,022","1,0969","0,912",,
Tacrinedecoy14,713,"-6,4",0,1,697,16,"0,9129","1,0000",,"0,022","1,0953","0,913",,
Tacrinedecoy36,714,"-6,4",0,1,698,16,"0,9142","1,0000",,"0,022","1,0938","0,914",,
Galantaminedecoy36,715,"-6,3",0,1,699,16,"0,9155","1,0000",,"0,022","1,0923","0,915",,
Physostigminedecoy30,716,"-6,3",0,1,700,16,"0,9168","1,0000",,"0,022","1,0908","0,917",,
Galantaminedecoy28,717,"-6,3",0,1,701,16,"0,9181","1,0000",,"0,022","1,0892","0,918",,
Velnacrinedecoy21,718,"-6,3",0,1,702,16,"0,9193","1,0000",,"0,022","1,0877","0,919",,
Velnacrinedecoy8,719,"-6,3",0,1,703,16,"0,9206","1,0000",,"0,022","1,0862","0,921",,
Tacrinedecoy38,720,"-6,3",0,1,704,16,"0,9219","1,0000",,"0,022","1,0847","0,922",,
Tacrinedecoy21,721,"-6,3",0,1,705,16,"0,9232","1,0000",,"0,022","1,0832","0,923",,
Tacrinedecoy29,722,"-6,3",0,1,706,16,"0,9245","1,0000",,"0,022","1,0817","0,924",,
Tacrinedecoy42,723,"-6,2",0,1,707,16,"0,9257","1,0000",,"0,022","1,0802","0,926",,
Tacrinedecoy40,724,"-6,2",0,1,708,16,"0,9270","1,0000",,"0,022","1,0787","0,927",,
Tacrinedecoy9,725,"-6,2",0,1,709,16,"0,9283","1,0000",,"0,022","1,0772","0,928",,
Velnacrinedecoy41,726,"-6,2",0,1,710,16,"0,9296","1,0000",,"0,022","1,0757","0,930",,
Velnacrinedecoy10,727,"-6,2",0,1,711,16,"0,9309","1,0000",,"0,022","1,0743","0,931",,
Physostigminedecoy7,728,"-6,2",0,1,712,16,"0,9321","1,0000",,"0,022","1,0728","0,932",,
Tacrinedecoy4,729,"-6,2",0,1,713,16,"0,9334","1,0000",,"0,022","1,0713","0,933",,
Velnacrinedecoy31,730,"-6,2",0,1,714,16,"0,9347","1,0000",,"0,022","1,0698","0,935",,
Velnacrinedecoy23,731,"-6,2",0,1,715,16,"0,9360","1,0000",,"0,022","1,0684","0,936",,
Velnacrinedecoy29,732,"-6,2",0,1,716,16,"0,9373","1,0000",,"0,022","1,0669","0,937",,
Physostigminedecoy13,733,"-6,2",0,1,717,16,"0,9385","1,0000",,"0,022","1,0655","0,939",,
Velnacrinedecoy13,734,"-6,2",0,1,718,16,"0,9398","1,0000",,"0,022","1,0640","0,940",,
Tacrinedecoy22,735,"-6,2",0,1,719,16,"0,9411","1,0000",,"0,022","1,0626","0,941",,
Tacrinedecoy13,736,"-6,1",0,1,720,16,"0,9424","1,0000",,"0,022","1,0611","0,942",,
Velnacrinedecoy6,737,"-6,1",0,1,721,16,"0,9437","1,0000",,"0,022","1,0597","0,944",,
Tacrinedecoy45,738,"-6,1",0,1,722,16,"0,9449","1,0000",,"0,022","1,0582","0,945",,
Velnacrinedecoy14,739,"-6,1",0,1,723,16,"0,9462","1,0000",,"0,022","1,0568","0,946",,
Velnacrinedecoy26,740,"-6,1",0,1,724,16,"0,9475","1,0000",,"0,022","1,0554","0,948",,
Tacrinedecoy26,741,"-6,1",0,1,725,16,"0,9488","1,0000",,"0,022","1,0540","0,949",,
Velnacrinedecoy37,742,"-6,1",0,1,726,16,"0,9501","1,0000",,"0,022","1,0525","0,950",,
Tacrinedecoy50,743,"-6,1",0,1,727,16,"0,9513","1,0000",,"0,022","1,0511","0,951",,
Velnacrinedecoy38,744,"-6,1",0,1,728,16,"0,9526","1,0000",,"0,022","1,0497","0,953",,
Tacrinedecoy20,745,"-6,1",0,1,729,16,"0,9539","1,0000",,"0,021","1,0483","0,954",,
Velnacrinedecoy25,746,"-6,0",0,1,730,16,"0,9552","1,0000",,"0,021","1,0469","0,955",,
Velnacrinedecoy3,747,"-6,0",0,1,731,16,"0,9565","1,0000",,"0,021","1,0455","0,956",,
Tacrinedecoy7,748,"-6,0",0,1,732,16,"0,9577","1,0000",,"0,021","1,0441","0,958",,
Velnacrinedecoy15,749,"-6,0",0,1,733,16,"0,9590","1,0000",,"0,021","1,0427","0,959",,
Velnacrinedecoy20,750,"-6,0",0,1,734,16,"0,9603","1,0000",,"0,021","1,0413","0,960",,
Velnacrinedecoy19,751,"-6,0",0,1,735,16,"0,9616","1,0000",,"0,021","1,0399","0,962",,
Tacrinedecoy37,752,"-6,0",0,1,736,16,"0,9629","1,0000",,"0,021","1,0385","0,963",,
Velnacrinedecoy36,753,"-6,0",0,1,737,16,"0,9641","1,0000",,"0,021","1,0372","0,964",,
Velnacrinedecoy18,754,"-5,9",0,1,738,16,"0,9654","1,0000",,"0,021","1,0358","0,965",,
Velnacrinedecoy17,755,"-5,9",0,1,739,16,"0,9667","1,0000",,"0,021","1,0344","0,967",,
Tacrinedecoy17,756,"-5,9",0,1,740,16,"0,9680","1,0000",,"0,021","1,0330","0,968",,
Velnacrinedecoy46,757,"-5,9",0,1,741,16,"0,9693","1,0000",,"0,021","1,0317","0,969",,
Tacrinedecoy18,758,"-5,9",0,1,742,16,"0,9706","1,0000",,"0,021","1,0303","0,971",,
Velnacrinedecoy9,759,"-5,9",0,1,743,16,"0,9718","1,0000",,"0,021","1,0290","0,972",,
Tacrinedecoy44,760,"-5,9",0,1,744,16,"0,9731","1,0000",,"0,021","1,0276","0,973",,
Tacrinedecoy30,761,"-5,9",0,1,745,16,"0,9744","1,0000",,"0,021","1,0263","0,974",,
Velnacrinedecoy2,762,"-5,9",0,1,746,16,"0,9757","1,0000",,"0,021","1,0249","0,976",,
Velnacrinedecoy47,763,"-5,9",0,1,747,16,"0,9770","1,0000",,"0,021","1,0236","0,977",,
Velnacrinedecoy11,764,"-5,9",0,1,748,16,"0,9782","1,0000",,"0,021","1,0222","0,978",,
Tacrinedecoy27,765,"-5,9",0,1,749,16,"0,9795","1,0000",,"0,021","1,0209","0,980",,
Velnacrinedecoy4,766,"-5,9",0,1,750,16,"0,9808","1,0000",,"0,021","1,0196","0,981",,
Tacrinedecoy35,767,"-5,9",0,1,751,16,"0,9821","1,0000",,"0,021","1,0182","0,982",,
Tacrinedecoy19,768,"-5,8",0,1,752,16,"0,9834","1,0000",,"0,021","1,0169","0,983",,
Velnacrinedecoy44,769,"-5,8",0,1,753,16,"0,9846","1,0000",,"0,021","1,0156","0,985",,
Galantaminedecoy1,770,"-5,8",0,1,754,16,"0,9859","1,0000",,"0,021","1,0143","0,986",,
Galantaminedecoy25,771,"-5,8",0,1,755,16,"0,9872","1,0000",,"0,021","1,0129","0,987",,
Galantaminedecoy27,772,"-5,8",0,1,756,16,"0,9885","1,0000",,"0,021","1,0116","0,988",,
Tacrinedecoy10,773,"-5,8",0,1,757,16,"0,9898","1,0000",,"0,021","1,0103","0,990",,
Velnacrinedecoy43,774,"-5,7",0,1,758,16,"0,9910","1,0000",,"0,021","1,0090","0,991",,
Tacrinedecoy15,775,"-5,7",0,1,759,16,"0,9923","1,0000",,"0,021","1,0077","0,992",,
Velnacrinedecoy1,776,"-5,6",0,1,760,16,"0,9936","1,0000",,"0,021","1,0064","0,994",,
Velnacrinedecoy50,777,"-5,6",0,1,761,16,"0,9949","1,0000",,"0,021","1,0051","0,995",,
Tacrinedecoy34,778,"-5,6",0,1,762,16,"0,9962","1,0000",,"0,021","1,0038","0,996",,
Galantaminedecoy26,779,"-5,4",0,1,763,16,"0,9974","1,0000",,"0,021","1,0025","0,997",,
Tacrinedecoy23,780,"-5,4",0,1,764,16,"0,9987","1,0000",,"0,021","1,0013","0,999",,
Velnacrinedecoy42,781,"-5,2",0,1,765,16,"1,0000","1,0000",,"0,020","1,0000","1,000",,
,,,16,765,,,,,,,,,,