Ligand,Ordem,Affinity_mean,Positivos,Decoys,Tdecoys,Tpositivos,FracDocada,FracPositivos,,,Conc(P),Fator Enquecimento,FracDocada,positivos/total = ,"0,0204865557"
Bis-tacrinedecoy16,1,"-13,2",0,1,1,0,"0,00128","0,0000",,,"0,00000","0,00000","0,00128",,
2iodo-4tetrahydroacridindecoy18,2,"-13,1",0,1,2,0,"0,00256","0,0000",,,"0,00000","0,00000","0,00256",,
2iodo-3tetrahydroacridindecoy40,3,"-12,7",0,1,3,0,"0,00384","0,0000",,,"0,00000","0,00000","0,00384",,
2iodo-4tetrahydroacridindecoy16,4,"-12,4",0,1,4,0,"0,00512","0,0000",,,"0,00000","0,00000","0,00512",,
4iodo-3tetrahydroacridindecoy14,5,"-12,3",0,1,5,0,"0,00640","0,0000",,,"0,00000","0,00000","0,00640",,
4iodo-3tetrahydroacridindecoy13,6,"-12,3",0,1,6,0,"0,00768","0,0000",,,"0,00000","0,00000","0,00768",,
2iodo-4tetrahydroacridindecoy19,7,"-12,2",0,1,7,0,"0,00896","0,0000",,,"0,00000","0,00000","0,00896",,
2iodo-4tetrahydroacridindecoy28,8,"-12,0",0,1,8,0,"0,01024","0,0000",,,"0,00000","0,00000","0,01024",,
Heptyl-physostigminedecoy36,9,"-12,0",0,1,9,0,"0,01152","0,0000",,,"0,00000","0,00000","0,01152",,
4iodo-4tetrahydroacridindecoy45,10,"-11,9",0,1,10,0,"0,01280","0,0000",,,"0,00000","0,00000","0,01280",,
4iodo-4tetrahydroacridindecoy3,11,"-11,9",0,1,11,0,"0,01408","0,0000",,,"0,00000","0,00000","0,01408",,
Bis-tacrinedecoy28,12,"-11,9",0,1,12,0,"0,01536","0,0000",,,"0,00000","0,00000","0,01536",,
Bis-tacrine,13,"-11,9",1,0,12,1,"0,01665","0,0625",,,"0,07692","3,75480","0,01665",,
Bis-tacrinedecoy23,14,"-11,8",0,1,13,1,"0,01793","0,0625",,,"0,07143","3,48660","0,01793",,
2iodo-4tetrahydroacridindecoy43,15,"-11,8",0,1,14,1,"0,01921","0,0625",,,"0,06667","3,25416","0,01921",,
Heptyl-physostigminedecoy35,16,"-11,7",0,1,15,1,"0,02049","0,0625",,,"0,06250","3,05077","0,02049",,
2iodo-2tetrahydroacridindecoy39,17,"-11,7",0,1,16,1,"0,02177","0,0625",,,"0,05882","2,87132","0,02177",,
2iodo-4tetrahydroacridindecoy14,18,"-11,7",0,1,17,1,"0,02305","0,0625",,,"0,05556","2,71180","0,02305",,
Bis-tacrinedecoy24,19,"-11,6",0,1,18,1,"0,02433","0,0625",,,"0,05263","2,56907","0,02433",,
3iodo-2tetrahydroacridindecoy46,20,"-11,6",0,1,19,1,"0,02561","0,0625",,,"0,05000","2,44062","0,02561",,
2iodo-4tetrahydroacridindecoy15,21,"-11,5",0,1,20,1,"0,02689","0,0625",,,"0,04762","2,32440","0,02689",,
2iodo-4tetrahydroacridindecoy24,22,"-11,5",0,1,21,1,"0,02817","0,0625",,,"0,04545","2,21875","0,02817",,
2iodo-4tetrahydroacridindecoy6,23,"-11,5",0,1,22,1,"0,02945","0,0625",,,"0,04348","2,12228","0,02945",,
4iodo-4tetrahydroacridindecoy20,24,"-11,4",0,1,23,1,"0,03073","0,0625",,,"0,04167","2,03385","0,03073",,
3iodo-4tetrahydroacridin,25,"-11,4",1,0,23,2,"0,03201","0,1250",,,"0,08000","3,90499","0,03201",,
Bis-tacrinedecoy17,26,"-11,4",0,1,24,2,"0,03329","0,1250",,,"0,07692","3,75480","0,03329",,
4iodo-4tetrahydroacridindecoy14,27,"-11,3",0,1,25,2,"0,03457","0,1250",,,"0,07407","3,61573","0,03457",,
4iodo-4tetrahydroacridindecoy17,28,"-11,3",0,1,26,2,"0,03585","0,1250",,,"0,07143","3,48660","0,03585",,
4iodo-4tetrahydroacridindecoy50,29,"-11,3",0,1,27,2,"0,03713","0,1250",,,"0,06897","3,36637","0,03713",,
2iodo-4tetrahydroacridindecoy47,30,"-11,3",0,1,28,2,"0,03841","0,1250",,,"0,06667","3,25416","0,03841",,
4iodo-4tetrahydroacridindecoy4,31,"-11,2",0,1,29,2,"0,03969","0,1250",,,"0,06452","3,14919","0,03969",,
4iodo-3tetrahydroacridindecoy47,32,"-11,2",0,1,30,2,"0,04097","0,1250",,,"0,06250","3,05077","0,04097",,
4iodo-3tetrahydroacridindecoy39,33,"-11,2",0,1,31,2,"0,04225","0,1250",,,"0,06061","2,95833","0,04225",,
Heptyl-physostigminedecoy33,34,"-11,1",0,1,32,2,"0,04353","0,1250",,,"0,05882","2,87132","0,04353",,
4iodo-4tetrahydroacridindecoy27,35,"-11,0",0,1,33,2,"0,04481","0,1250",,,"0,05714","2,78928","0,04481",,
4iodo-4tetrahydroacridin,36,"-11,0",1,0,33,3,"0,04609","0,1875",,,"0,08333","4,06770","0,04609",,
4iodo-3tetrahydroacridindecoy28,37,"-11,0",0,1,34,3,"0,04738","0,1875",,,"0,08108","3,95776","0,04738",,
Heptyl-physostigminedecoy17,38,"-11,0",0,1,35,3,"0,04866","0,1875",,,"0,07895","3,85361","0,04866",,
4iodo-4tetrahydroacridindecoy26,39,"-10,9",0,1,36,3,"0,04994","0,1875",,,"0,07692","3,75480","0,04994",,
4iodo-4tetrahydroacridindecoy10,40,"-10,9",0,1,37,3,"0,05122","0,1875",,,"0,07500","3,66093","0,05122",,
4iodo-4tetrahydroacridindecoy18,41,"-10,9",0,1,38,3,"0,05250","0,1875",,,"0,07317","3,57164","0,05250",,
2iodo-4tetrahydroacridindecoy22,42,"-10,8",0,1,39,3,"0,05378","0,1875",,,"0,07143","3,48660","0,05378",,
4iodo-4tetrahydroacridindecoy7,43,"-10,7",0,1,40,3,"0,05506","0,1875",,,"0,06977","3,40552","0,05506",,
Heptyl-physostigminedecoy30,44,"-10,7",0,1,41,3,"0,05634","0,1875",,,"0,06818","3,32812","0,05634",,
Bis-tacrinedecoy46,45,"-10,6",0,1,42,3,"0,05762","0,1875",,,"0,06667","3,25416","0,05762",,
4iodo-4tetrahydroacridindecoy9,46,"-10,6",0,1,43,3,"0,05890","0,1875",,,"0,06522","3,18342","0,05890",,
4iodo-2tetrahydroacridindecoy48,47,"-10,6",0,1,44,3,"0,06018","0,1875",,,"0,06383","3,11568","0,06018",,
2iodo-3tetrahydroacridindecoy17,48,"-10,6",0,1,45,3,"0,06146","0,1875",,,"0,06250","3,05077","0,06146",,
Bis-tacrinedecoy44,49,"-10,6",0,1,46,3,"0,06274","0,1875",,,"0,06122","2,98851","0,06274",,
4iodo-3tetrahydroacridindecoy45,50,"-10,6",0,1,47,3,"0,06402","0,1875",,,"0,06000","2,92874","0,06402",,
2iodo-3tetrahydroacridindecoy29,51,"-10,6",0,1,48,3,"0,06530","0,1875",,,"0,05882","2,87132","0,06530",,
Bis-tacrinedecoy25,52,"-10,6",0,1,49,3,"0,06658","0,1875",,,"0,05769","2,81610","0,06658",,
4iodo-4tetrahydroacridindecoy12,53,"-10,5",0,1,50,3,"0,06786","0,1875",,,"0,05660","2,76297","0,06786",,
Bis-tacrinedecoy14,54,"-10,5",0,1,51,3,"0,06914","0,1875",,,"0,05556","2,71180","0,06914",,
4iodo-4tetrahydroacridindecoy33,55,"-10,4",0,1,52,3,"0,07042","0,1875",,,"0,05455","2,66249","0,07042",,
4iodo-4tetrahydroacridindecoy8,56,"-10,4",0,1,53,3,"0,07170","0,1875",,,"0,05357","2,61495","0,07170",,
4iodo-2tetrahydroacridindecoy13,57,"-10,4",0,1,54,3,"0,07298","0,1875",,,"0,05263","2,56907","0,07298",,
Donepezildecoy29,58,"-10,4",0,1,55,3,"0,07426","0,1875",,,"0,05172","2,52478","0,07426",,
4iodo-3tetrahydroacridindecoy50,59,"-10,4",0,1,56,3,"0,07554","0,1875",,,"0,05085","2,48199","0,07554",,
3iodo-2tetrahydroacridindecoy49,60,"-10,4",0,1,57,3,"0,07682","0,1875",,,"0,05000","2,44062","0,07682",,
Bis-tacrinedecoy31,61,"-10,4",0,1,58,3,"0,07810","0,1875",,,"0,04918","2,40061","0,07810",,
2iodo-3tetrahydroacridindecoy48,62,"-10,4",0,1,59,3,"0,07939","0,1875",,,"0,04839","2,36189","0,07939",,
4iodo-4tetrahydroacridindecoy15,63,"-10,4",0,1,60,3,"0,08067","0,1875",,,"0,04762","2,32440","0,08067",,
4iodo-3tetrahydroacridin,64,"-10,4",1,0,60,4,"0,08195","0,2500",,,"0,06250","3,05077","0,08195",,
4iodo-3tetrahydroacridindecoy49,65,"-10,4",0,1,61,4,"0,08323","0,2500",,,"0,06154","3,00384","0,08323",,
2iodo-3tetrahydroacridindecoy47,66,"-10,3",0,1,62,4,"0,08451","0,2500",,,"0,06061","2,95833","0,08451",,
2iodo-4tetrahydroacridin,67,"-10,3",1,0,62,5,"0,08579","0,3125",,,"0,07463","3,64272","0,08579",,
2iodo-4tetrahydroacridindecoy29,68,"-10,3",0,1,63,5,"0,08707","0,3125",,,"0,07353","3,58915","0,08707",,
2iodo-3tetrahydroacridindecoy20,69,"-10,3",0,1,64,5,"0,08835","0,3125",,,"0,07246","3,53713","0,08835",,
4iodo-3tetrahydroacridindecoy34,70,"-10,3",0,1,65,5,"0,08963","0,3125",,,"0,07143","3,48660","0,08963",,
2iodo-4tetrahydroacridindecoy21,71,"-10,3",0,1,66,5,"0,09091","0,3125",,,"0,07042","3,43749","0,09091",,
Heptyl-physostigminedecoy46,72,"-10,3",0,1,67,5,"0,09219","0,3125",,,"0,06944","3,38975","0,09219",,
Heptyl-physostigminedecoy44,73,"-10,3",0,1,68,5,"0,09347","0,3125",,,"0,06849","3,34331","0,09347",,
Heptyl-physostigminedecoy38,74,"-10,2",0,1,69,5,"0,09475","0,3125",,,"0,06757","3,29813","0,09475",,
Donepezildecoy11,75,"-10,2",0,1,70,5,"0,09603","0,3125",,,"0,06667","3,25416","0,09603",,
Heptyl-physostigminedecoy45,76,"-10,2",0,1,71,5,"0,09731","0,3125",,,"0,06579","3,21134","0,09731",,
3iodo-2tetrahydroacridindecoy48,77,"-10,2",0,1,72,5,"0,09859","0,3125",,,"0,06494","3,16964","0,09859",,
Bis-tacrinedecoy15,78,"-10,2",0,1,73,5,"0,09987","0,3125",,,"0,06410","3,12900","0,09987",,
Heptyl-physostigminedecoy15,79,"-10,2",0,1,74,5,"0,10115","0,3125",,,"0,06329","3,08939","0,10115",,
Heptyl-physostigminedecoy47,80,"-10,2",0,1,75,5,"0,10243","0,3125",,,"0,06250","3,05077","0,10243",,
Heptyl-physostigminedecoy50,81,"-10,2",0,1,76,5,"0,10371","0,3125",,,"0,06173","3,01311","0,10371",,
2iodo-3tetrahydroacridindecoy33,82,"-10,2",0,1,77,5,"0,10499","0,3125",,,"0,06098","2,97637","0,10499",,
2iodo-4tetrahydroacridindecoy25,83,"-10,1",0,1,78,5,"0,10627","0,3125",,,"0,06024","2,94051","0,10627",,
4iodo-2tetrahydroacridindecoy25,84,"-10,1",0,1,79,5,"0,10755","0,3125",,,"0,05952","2,90550","0,10755",,
2iodo-3tetrahydroacridindecoy14,85,"-10,1",0,1,80,5,"0,10883","0,3125",,,"0,05882","2,87132","0,10883",,
4iodo-3tetrahydroacridindecoy16,86,"-10,1",0,1,81,5,"0,11012","0,3125",,,"0,05814","2,83793","0,11012",,
2iodo-4tetrahydroacridindecoy30,87,"-10,1",0,1,82,5,"0,11140","0,3125",,,"0,05747","2,80531","0,11140",,
2iodo-2tetrahydroacridindecoy47,88,"-10,1",0,1,83,5,"0,11268","0,3125",,,"0,05682","2,77343","0,11268",,
Donepezildecoy48,89,"-10,1",0,1,84,5,"0,11396","0,3125",,,"0,05618","2,74227","0,11396",,
Heptyl-physostigminedecoy27,90,"-10,0",0,1,85,5,"0,11524","0,3125",,,"0,05556","2,71180","0,11524",,
4iodo-4tetrahydroacridindecoy19,91,"-10,0",0,1,86,5,"0,11652","0,3125",,,"0,05495","2,68200","0,11652",,
2iodo-3tetrahydroacridindecoy49,92,"-10,0",0,1,87,5,"0,11780","0,3125",,,"0,05435","2,65285","0,11780",,
4iodo-3tetrahydroacridindecoy38,93,"-10,0",0,1,88,5,"0,11908","0,3125",,,"0,05376","2,62432","0,11908",,
2iodo-3tetrahydroacridindecoy45,94,"-10,0",0,1,89,5,"0,12036","0,3125",,,"0,05319","2,59640","0,12036",,
Heptyl-physostigminedecoy37,95,"-9,9",0,1,90,5,"0,12164","0,3125",,,"0,05263","2,56907","0,12164",,
Heptyl-physostigminedecoy16,96,"-9,9",0,1,91,5,"0,12292","0,3125",,,"0,05208","2,54231","0,12292",,
2iodo-3tetrahydroacridindecoy16,97,"-9,9",0,1,92,5,"0,12420","0,3125",,,"0,05155","2,51610","0,12420",,
4iodo-2tetrahydroacridindecoy34,98,"-9,9",0,1,93,5,"0,12548","0,3125",,,"0,05102","2,49043","0,12548",,
4iodo-3tetrahydroacridindecoy40,99,"-9,9",0,1,94,5,"0,12676","0,3125",,,"0,05051","2,46527","0,12676",,
2iodo-3tetrahydroacridindecoy23,100,"-9,9",0,1,95,5,"0,12804","0,3125",,,"0,05000","2,44062","0,12804",,
Bis-tacrinedecoy33,101,"-9,9",0,1,96,5,"0,12932","0,3125",,,"0,04950","2,41646","0,12932",,
2iodo-3tetrahydroacridindecoy19,102,"-9,9",0,1,97,5,"0,13060","0,3125",,,"0,04902","2,39276","0,13060",,
Donepezildecoy19,103,"-9,9",0,1,98,5,"0,13188","0,3125",,,"0,04854","2,36953","0,13188",,
Donepezildecoy31,104,"-9,9",0,1,99,5,"0,13316","0,3125",,,"0,04808","2,34675","0,13316",,
3iodo-2tetrahydroacridindecoy26,105,"-9,9",0,1,100,5,"0,13444","0,3125",,,"0,04762","2,32440","0,13444",,
4iodo-3tetrahydroacridindecoy41,106,"-9,9",0,1,101,5,"0,13572","0,3125",,,"0,04717","2,30247","0,13572",,
2iodo-3tetrahydroacridindecoy21,107,"-9,8",0,1,102,5,"0,13700","0,3125",,,"0,04673","2,28095","0,13700",,
Heptyl-physostigminedecoy42,108,"-9,8",0,1,103,5,"0,13828","0,3125",,,"0,04630","2,25983","0,13828",,
Donepezildecoy1,109,"-9,8",0,1,104,5,"0,13956","0,3125",,,"0,04587","2,23910","0,13956",,
Heptyl-physostigminedecoy5,110,"-9,8",0,1,105,5,"0,14085","0,3125",,,"0,04545","2,21875","0,14085",,
4iodo-2tetrahydroacridin,111,"-9,8",1,0,105,6,"0,14213","0,3750",,,"0,05405","2,63851","0,14213",,
4iodo-3tetrahydroacridindecoy37,112,"-9,8",0,1,106,6,"0,14341","0,3750",,,"0,05357","2,61495","0,14341",,
3iodo-2tetrahydroacridin,113,"-9,8",1,0,106,7,"0,14469","0,4375",,,"0,06195","3,02378","0,14469",,
2iodo-2tetrahydroacridindecoy8,114,"-9,7",0,1,107,7,"0,14597","0,4375",,,"0,06140","2,99725","0,14597",,
Donepezil,115,"-9,7",1,0,107,8,"0,14725","0,5000",,,"0,06957","3,39564","0,14725",,
Heptyl-physostigminedecoy9,116,"-9,7",0,1,108,8,"0,14853","0,5000",,,"0,06897","3,36637","0,14853",,
2iodo-3tetrahydroacridindecoy38,117,"-9,7",0,1,109,8,"0,14981","0,5000",,,"0,06838","3,33760","0,14981",,
3iodo-4tetrahydroacridindecoy10,118,"-9,7",0,1,110,8,"0,15109","0,5000",,,"0,06780","3,30931","0,15109",,
Bis-tacrinedecoy34,119,"-9,7",0,1,111,8,"0,15237","0,5000",,,"0,06723","3,28151","0,15237",,
2iodo-2tetrahydroacridindecoy13,120,"-9,7",0,1,112,8,"0,15365","0,5000",,,"0,06667","3,25416","0,15365",,
3iodo-2tetrahydroacridindecoy45,121,"-9,7",0,1,113,8,"0,15493","0,5000",,,"0,06612","3,22727","0,15493",,
Heptyl-physostigminedecoy18,122,"-9,7",0,1,114,8,"0,15621","0,5000",,,"0,06557","3,20081","0,15621",,
2iodo-3tetrahydroacridindecoy44,123,"-9,6",0,1,115,8,"0,15749","0,5000",,,"0,06504","3,17479","0,15749",,
3iodo-4tetrahydroacridindecoy8,124,"-9,6",0,1,116,8,"0,15877","0,5000",,,"0,06452","3,14919","0,15877",,
2iodo-2tetrahydroacridindecoy34,125,"-9,6",0,1,117,8,"0,16005","0,5000",,,"0,06400","3,12399","0,16005",,
3iodo-2tetrahydroacridindecoy37,126,"-9,6",0,1,118,8,"0,16133","0,5000",,,"0,06349","3,09920","0,16133",,
Heptyl-physostigminedecoy32,127,"-9,6",0,1,119,8,"0,16261","0,5000",,,"0,06299","3,07480","0,16261",,
Bis-tacrinedecoy6,128,"-9,6",0,1,120,8,"0,16389","0,5000",,,"0,06250","3,05077","0,16389",,
2iodo-2tetrahydroacridindecoy37,129,"-9,6",0,1,121,8,"0,16517","0,5000",,,"0,06202","3,02713","0,16517",,
Heptyl-physostigminedecoy41,130,"-9,6",0,1,122,8,"0,16645","0,5000",,,"0,06154","3,00384","0,16645",,
Bis-tacrinedecoy26,131,"-9,5",0,1,123,8,"0,16773","0,5000",,,"0,06107","2,98091","0,16773",,
4iodo-2tetrahydroacridindecoy42,132,"-9,5",0,1,124,8,"0,16901","0,5000",,,"0,06061","2,95833","0,16901",,
4iodo-4tetrahydroacridindecoy39,133,"-9,5",0,1,125,8,"0,17029","0,5000",,,"0,06015","2,93608","0,17029",,
Heptyl-physostigminedecoy3,134,"-9,5",0,1,126,8,"0,17157","0,5000",,,"0,05970","2,91417","0,17157",,
Donepezildecoy21,135,"-9,5",0,1,127,8,"0,17286","0,5000",,,"0,05926","2,89259","0,17286",,
Heptyl-physostigminedecoy29,136,"-9,5",0,1,128,8,"0,17414","0,5000",,,"0,05882","2,87132","0,17414",,
Heptyl-physostigmine,137,"-9,4",1,0,128,9,"0,17542","0,5625",,,"0,06569","3,20665","0,17542",,
4iodo-4tetrahydroacridindecoy42,138,"-9,4",0,1,129,9,"0,17670","0,5625",,,"0,06522","3,18342","0,17670",,
2iodo-2tetrahydroacridindecoy12,139,"-9,4",0,1,130,9,"0,17798","0,5625",,,"0,06475","3,16051","0,17798",,
2iodo-3tetrahydroacridindecoy28,140,"-9,4",0,1,131,9,"0,17926","0,5625",,,"0,06429","3,13794","0,17926",,
2iodo-4tetrahydroacridindecoy40,141,"-9,4",0,1,132,9,"0,18054","0,5625",,,"0,06383","3,11568","0,18054",,
Donepezildecoy41,142,"-9,4",0,1,133,9,"0,18182","0,5625",,,"0,06338","3,09374","0,18182",,
Bis-tacrinedecoy30,143,"-9,4",0,1,134,9,"0,18310","0,5625",,,"0,06294","3,07211","0,18310",,
4iodo-4tetrahydroacridindecoy43,144,"-9,4",0,1,135,9,"0,18438","0,5625",,,"0,06250","3,05077","0,18438",,
4iodo-4tetrahydroacridindecoy46,145,"-9,4",0,1,136,9,"0,18566","0,5625",,,"0,06207","3,02973","0,18566",,
Heptyl-physostigminedecoy39,146,"-9,4",0,1,137,9,"0,18694","0,5625",,,"0,06164","3,00898","0,18694",,
4iodo-4tetrahydroacridindecoy30,147,"-9,3",0,1,138,9,"0,18822","0,5625",,,"0,06122","2,98851","0,18822",,
2iodo-2tetrahydroacridindecoy29,148,"-9,3",0,1,139,9,"0,18950","0,5625",,,"0,06081","2,96832","0,18950",,
2iodo-3tetrahydroacridin,149,"-9,3",1,0,139,10,"0,19078","0,6250",,,"0,06711","3,27600","0,19078",,
Donepezildecoy43,150,"-9,3",0,1,140,10,"0,19206","0,6250",,,"0,06667","3,25416","0,19206",,
4iodo-4tetrahydroacridindecoy16,151,"-9,3",0,1,141,10,"0,19334","0,6250",,,"0,06623","3,23261","0,19334",,
4iodo-2tetrahydroacridindecoy20,152,"-9,3",0,1,142,10,"0,19462","0,6250",,,"0,06579","3,21134","0,19462",,
4iodo-2tetrahydroacridindecoy4,153,"-9,3",0,1,143,10,"0,19590","0,6250",,,"0,06536","3,19035","0,19590",,
4iodo-3tetrahydroacridindecoy19,154,"-9,3",0,1,144,10,"0,19718","0,6250",,,"0,06494","3,16964","0,19718",,
4iodo-2tetrahydroacridindecoy37,155,"-9,3",0,1,145,10,"0,19846","0,6250",,,"0,06452","3,14919","0,19846",,
4iodo-3tetrahydroacridindecoy12,156,"-9,3",0,1,146,10,"0,19974","0,6250",,,"0,06410","3,12900","0,19974",,
Heptyl-physostigminedecoy19,157,"-9,3",0,1,147,10,"0,20102","0,6250",,,"0,06369","3,10907","0,20102",,
4iodo-4tetrahydroacridindecoy32,158,"-9,3",0,1,148,10,"0,20230","0,6250",,,"0,06329","3,08939","0,20230",,
Tolserinedecoy49,159,"-9,3",0,1,149,10,"0,20359","0,6250",,,"0,06289","3,06996","0,20359",,
2iodo-4tetrahydroacridindecoy12,160,"-9,3",0,1,150,10,"0,20487","0,6250",,,"0,06250","3,05077","0,20487",,
Tolserinedecoy5,161,"-9,2",0,1,151,10,"0,20615","0,6250",,,"0,06211","3,03183","0,20615",,
Tacrinedecoy3,162,"-9,2",0,1,152,10,"0,20743","0,6250",,,"0,06173","3,01311","0,20743",,
Bis-tacrinedecoy7,163,"-9,2",0,1,153,10,"0,20871","0,6250",,,"0,06135","2,99463","0,20871",,
Heptyl-physostigminedecoy21,164,"-9,2",0,1,154,10,"0,20999","0,6250",,,"0,06098","2,97637","0,20999",,
Tolserinedecoy44,165,"-9,2",0,1,155,10,"0,21127","0,6250",,,"0,06061","2,95833","0,21127",,
Heptyl-physostigminedecoy24,166,"-9,2",0,1,156,10,"0,21255","0,6250",,,"0,06024","2,94051","0,21255",,
2iodo-4tetrahydroacridindecoy1,167,"-9,2",0,1,157,10,"0,21383","0,6250",,,"0,05988","2,92290","0,21383",,
Heptyl-physostigminedecoy8,168,"-9,2",0,1,158,10,"0,21511","0,6250",,,"0,05952","2,90550","0,21511",,
4iodo-4tetrahydroacridindecoy38,169,"-9,2",0,1,159,10,"0,21639","0,6250",,,"0,05917","2,88831","0,21639",,
Heptyl-physostigminedecoy7,170,"-9,1",0,1,160,10,"0,21767","0,6250",,,"0,05882","2,87132","0,21767",,
3iodo-2tetrahydroacridindecoy7,171,"-9,1",0,1,161,10,"0,21895","0,6250",,,"0,05848","2,85453","0,21895",,
4iodo-2tetrahydroacridindecoy31,172,"-9,1",0,1,162,10,"0,22023","0,6250",,,"0,05814","2,83793","0,22023",,
2iodo-2tetrahydroacridindecoy19,173,"-9,1",0,1,163,10,"0,22151","0,6250",,,"0,05780","2,82153","0,22151",,
4iodo-2tetrahydroacridindecoy32,174,"-9,1",0,1,164,10,"0,22279","0,6250",,,"0,05747","2,80531","0,22279",,
2iodo-2tetrahydroacridindecoy22,175,"-9,1",0,1,165,10,"0,22407","0,6250",,,"0,05714","2,78928","0,22407",,
2iodo-3tetrahydroacridindecoy3,176,"-9,1",0,1,166,10,"0,22535","0,6250",,,"0,05682","2,77343","0,22535",,
4iodo-4tetrahydroacridindecoy31,177,"-9,1",0,1,167,10,"0,22663","0,6250",,,"0,05650","2,75776","0,22663",,
2iodo-4tetrahydroacridindecoy23,178,"-9,1",0,1,168,10,"0,22791","0,6250",,,"0,05618","2,74227","0,22791",,
4iodo-2tetrahydroacridindecoy29,179,"-9,1",0,1,169,10,"0,22919","0,6250",,,"0,05587","2,72695","0,22919",,
4iodo-2tetrahydroacridindecoy10,180,"-9,1",0,1,170,10,"0,23047","0,6250",,,"0,05556","2,71180","0,23047",,
2iodo-4tetrahydroacridindecoy13,181,"-9,1",0,1,171,10,"0,23175","0,6250",,,"0,05525","2,69682","0,23175",,
Bis-tacrinedecoy29,182,"-9,1",0,1,172,10,"0,23303","0,6250",,,"0,05495","2,68200","0,23303",,
2iodo-3tetrahydroacridindecoy27,183,"-9,1",0,1,173,10,"0,23431","0,6250",,,"0,05464","2,66734","0,23431",,
4iodo-3tetrahydroacridindecoy9,184,"-9,1",0,1,174,10,"0,23560","0,6250",,,"0,05435","2,65285","0,23560",,
2iodo-4tetrahydroacridindecoy33,185,"-9,1",0,1,175,10,"0,23688","0,6250",,,"0,05405","2,63851","0,23688",,
Donepezildecoy49,186,"-9,1",0,1,176,10,"0,23816","0,6250",,,"0,05376","2,62432","0,23816",,
4iodo-3tetrahydroacridindecoy1,187,"-9,1",0,1,177,10,"0,23944","0,6250",,,"0,05348","2,61029","0,23944",,
4iodo-2tetrahydroacridindecoy17,188,"-9,1",0,1,178,10,"0,24072","0,6250",,,"0,05319","2,59640","0,24072",,
4iodo-2tetrahydroacridindecoy5,189,"-9,1",0,1,179,10,"0,24200","0,6250",,,"0,05291","2,58267","0,24200",,
2iodo-3tetrahydroacridindecoy39,190,"-9,0",0,1,180,10,"0,24328","0,6250",,,"0,05263","2,56907","0,24328",,
Donepezildecoy14,191,"-9,0",0,1,181,10,"0,24456","0,6250",,,"0,05236","2,55562","0,24456",,
3iodo-2tetrahydroacridindecoy30,192,"-9,0",0,1,182,10,"0,24584","0,6250",,,"0,05208","2,54231","0,24584",,
2iodo-4tetrahydroacridindecoy27,193,"-9,0",0,1,183,10,"0,24712","0,6250",,,"0,05181","2,52914","0,24712",,
3iodo-4tetrahydroacridindecoy7,194,"-9,0",0,1,184,10,"0,24840","0,6250",,,"0,05155","2,51610","0,24840",,
3iodo-2tetrahydroacridindecoy21,195,"-9,0",0,1,185,10,"0,24968","0,6250",,,"0,05128","2,50320","0,24968",,
Tolserinedecoy15,196,"-9,0",0,1,186,10,"0,25096","0,6250",,,"0,05102","2,49043","0,25096",,
Heptyl-physostigminedecoy6,197,"-9,0",0,1,187,10,"0,25224","0,6250",,,"0,05076","2,47779","0,25224",,
Bis-tacrinedecoy2,198,"-9,0",0,1,188,10,"0,25352","0,6250",,,"0,05051","2,46527","0,25352",,
Bis-tacrinedecoy5,199,"-9,0",0,1,189,10,"0,25480","0,6250",,,"0,05025","2,45288","0,25480",,
2iodo-4tetrahydroacridindecoy46,200,"-9,0",0,1,190,10,"0,25608","0,6250",,,"0,05000","2,44062","0,25608",,
Donepezildecoy24,201,"-9,0",0,1,191,10,"0,25736","0,6250",,,"0,04975","2,42848","0,25736",,
4iodo-2tetrahydroacridindecoy7,202,"-9,0",0,1,192,10,"0,25864","0,6250",,,"0,04950","2,41646","0,25864",,
2iodo-4tetrahydroacridindecoy37,203,"-9,0",0,1,193,10,"0,25992","0,6250",,,"0,04926","2,40455","0,25992",,
Bis-tacrinedecoy13,204,"-9,0",0,1,194,10,"0,26120","0,6250",,,"0,04902","2,39276","0,26120",,
4iodo-2tetrahydroacridindecoy26,205,"-9,0",0,1,195,10,"0,26248","0,6250",,,"0,04878","2,38109","0,26248",,
Bis-tacrinedecoy49,206,"-9,0",0,1,196,10,"0,26376","0,6250",,,"0,04854","2,36953","0,26376",,
Heptyl-physostigminedecoy43,207,"-9,0",0,1,197,10,"0,26504","0,6250",,,"0,04831","2,35809","0,26504",,
4iodo-3tetrahydroacridindecoy23,208,"-8,9",0,1,198,10,"0,26633","0,6250",,,"0,04808","2,34675","0,26633",,
4iodo-2tetrahydroacridindecoy9,209,"-8,9",0,1,199,10,"0,26761","0,6250",,,"0,04785","2,33552","0,26761",,
2iodo-4tetrahydroacridindecoy45,210,"-8,9",0,1,200,10,"0,26889","0,6250",,,"0,04762","2,32440","0,26889",,
4iodo-3tetrahydroacridindecoy15,211,"-8,9",0,1,201,10,"0,27017","0,6250",,,"0,04739","2,31338","0,27017",,
3iodo-4tetrahydroacridindecoy1,212,"-8,9",0,1,202,10,"0,27145","0,6250",,,"0,04717","2,30247","0,27145",,
3iodo-4tetrahydroacridindecoy48,213,"-8,9",0,1,203,10,"0,27273","0,6250",,,"0,04695","2,29166","0,27273",,
4iodo-3tetrahydroacridindecoy42,214,"-8,9",0,1,204,10,"0,27401","0,6250",,,"0,04673","2,28095","0,27401",,
Donepezildecoy10,215,"-8,9",0,1,205,10,"0,27529","0,6250",,,"0,04651","2,27034","0,27529",,
4iodo-3tetrahydroacridindecoy3,216,"-8,9",0,1,206,10,"0,27657","0,6250",,,"0,04630","2,25983","0,27657",,
4iodo-3tetrahydroacridindecoy24,217,"-8,9",0,1,207,10,"0,27785","0,6250",,,"0,04608","2,24942","0,27785",,
Tolserinedecoy22,218,"-8,9",0,1,208,10,"0,27913","0,6250",,,"0,04587","2,23910","0,27913",,
2iodo-4tetrahydroacridindecoy48,219,"-8,9",0,1,209,10,"0,28041","0,6250",,,"0,04566","2,22888","0,28041",,
Tolserinedecoy24,220,"-8,9",0,1,210,10,"0,28169","0,6250",,,"0,04545","2,21875","0,28169",,
Tolserinedecoy34,221,"-8,9",0,1,211,10,"0,28297","0,6250",,,"0,04525","2,20871","0,28297",,
Heptyl-physostigminedecoy10,222,"-8,9",0,1,212,10,"0,28425","0,6250",,,"0,04505","2,19876","0,28425",,
2iodo-4tetrahydroacridindecoy34,223,"-8,9",0,1,213,10,"0,28553","0,6250",,,"0,04484","2,18890","0,28553",,
4iodo-2tetrahydroacridindecoy19,224,"-8,9",0,1,214,10,"0,28681","0,6250",,,"0,04464","2,17912","0,28681",,
4iodo-2tetrahydroacridindecoy38,225,"-8,8",0,1,215,10,"0,28809","0,6250",,,"0,04444","2,16944","0,28809",,
Heptyl-physostigminedecoy14,226,"-8,8",0,1,216,10,"0,28937","0,6250",,,"0,04425","2,15984","0,28937",,
2iodo-4tetrahydroacridindecoy44,227,"-8,8",0,1,217,10,"0,29065","0,6250",,,"0,04405","2,15033","0,29065",,
Tolserinedecoy11,228,"-8,8",0,1,218,10,"0,29193","0,6250",,,"0,04386","2,14089","0,29193",,
4iodo-2tetrahydroacridindecoy44,229,"-8,8",0,1,219,10,"0,29321","0,6250",,,"0,04367","2,13155","0,29321",,
Tolserinedecoy17,230,"-8,8",0,1,220,10,"0,29449","0,6250",,,"0,04348","2,12228","0,29449",,
Tolserinedecoy32,231,"-8,8",0,1,221,10,"0,29577","0,6250",,,"0,04329","2,11309","0,29577",,
3iodo-2tetrahydroacridindecoy22,232,"-8,8",0,1,222,10,"0,29706","0,6250",,,"0,04310","2,10398","0,29706",,
3iodo-4tetrahydroacridindecoy15,233,"-8,8",0,1,223,10,"0,29834","0,6250",,,"0,04292","2,09495","0,29834",,
4iodo-3tetrahydroacridindecoy25,234,"-8,8",0,1,224,10,"0,29962","0,6250",,,"0,04274","2,08600","0,29962",,
3iodo-2tetrahydroacridindecoy6,235,"-8,8",0,1,225,10,"0,30090","0,6250",,,"0,04255","2,07712","0,30090",,
3iodo-4tetrahydroacridindecoy46,236,"-8,8",0,1,226,10,"0,30218","0,6250",,,"0,04237","2,06832","0,30218",,
3iodo-4tetrahydroacridindecoy19,237,"-8,8",0,1,227,10,"0,30346","0,6250",,,"0,04219","2,05959","0,30346",,
Heptyl-physostigminedecoy23,238,"-8,8",0,1,228,10,"0,30474","0,6250",,,"0,04202","2,05094","0,30474",,
2iodo-4tetrahydroacridindecoy26,239,"-8,7",0,1,229,10,"0,30602","0,6250",,,"0,04184","2,04236","0,30602",,
2iodo-3tetrahydroacridindecoy24,240,"-8,7",0,1,230,10,"0,30730","0,6250",,,"0,04167","2,03385","0,30730",,
4iodo-2tetrahydroacridindecoy45,241,"-8,7",0,1,231,10,"0,30858","0,6250",,,"0,04149","2,02541","0,30858",,
4iodo-3tetrahydroacridindecoy21,242,"-8,7",0,1,232,10,"0,30986","0,6250",,,"0,04132","2,01704","0,30986",,
2iodo-2tetrahydroacridindecoy46,243,"-8,7",0,1,233,10,"0,31114","0,6250",,,"0,04115","2,00874","0,31114",,
2iodo-2tetrahydroacridindecoy23,244,"-8,7",0,1,234,10,"0,31242","0,6250",,,"0,04098","2,00051","0,31242",,
2iodo-3tetrahydroacridindecoy9,245,"-8,7",0,1,235,10,"0,31370","0,6250",,,"0,04082","1,99234","0,31370",,
Donepezildecoy3,246,"-8,7",0,1,236,10,"0,31498","0,6250",,,"0,04065","1,98424","0,31498",,
3iodo-2tetrahydroacridindecoy39,247,"-8,7",0,1,237,10,"0,31626","0,6250",,,"0,04049","1,97621","0,31626",,
Donepezildecoy47,248,"-8,7",0,1,238,10,"0,31754","0,6250",,,"0,04032","1,96824","0,31754",,
Tolserinedecoy13,249,"-8,7",0,1,239,10,"0,31882","0,6250",,,"0,04016","1,96034","0,31882",,
Heptyl-physostigminedecoy2,250,"-8,7",0,1,240,10,"0,32010","0,6250",,,"0,04000","1,95250","0,32010",,
2iodo-3tetrahydroacridindecoy26,251,"-8,7",0,1,241,10,"0,32138","0,6250",,,"0,03984","1,94472","0,32138",,
Tolserinedecoy36,252,"-8,7",0,1,242,10,"0,32266","0,6250",,,"0,03968","1,93700","0,32266",,
3iodo-2tetrahydroacridindecoy12,253,"-8,7",0,1,243,10,"0,32394","0,6250",,,"0,03953","1,92934","0,32394",,
Bis-tacrinedecoy40,254,"-8,7",0,1,244,10,"0,32522","0,6250",,,"0,03937","1,92175","0,32522",,
3iodo-4tetrahydroacridindecoy33,255,"-8,6",0,1,245,10,"0,32650","0,6250",,,"0,03922","1,91421","0,32650",,
2iodo-3tetrahydroacridindecoy41,256,"-8,6",0,1,246,10,"0,32778","0,6250",,,"0,03906","1,90673","0,32778",,
Donepezildecoy18,257,"-8,6",0,1,247,10,"0,32907","0,6250",,,"0,03891","1,89931","0,32907",,
2iodo-2tetrahydroacridindecoy9,258,"-8,6",0,1,248,10,"0,33035","0,6250",,,"0,03876","1,89195","0,33035",,
Tolserinedecoy50,259,"-8,6",0,1,249,10,"0,33163","0,6250",,,"0,03861","1,88465","0,33163",,
2iodo-2tetrahydroacridindecoy16,260,"-8,6",0,1,250,10,"0,33291","0,6250",,,"0,03846","1,87740","0,33291",,
2iodo-3tetrahydroacridindecoy11,261,"-8,6",0,1,251,10,"0,33419","0,6250",,,"0,03831","1,87021","0,33419",,
2iodo-2tetrahydroacridindecoy31,262,"-8,6",0,1,252,10,"0,33547","0,6250",,,"0,03817","1,86307","0,33547",,
Bis-tacrinedecoy42,263,"-8,6",0,1,253,10,"0,33675","0,6250",,,"0,03802","1,85598","0,33675",,
2iodo-3tetrahydroacridindecoy6,264,"-8,6",0,1,254,10,"0,33803","0,6250",,,"0,03788","1,84895","0,33803",,
Bis-tacrinedecoy35,265,"-8,6",0,1,255,10,"0,33931","0,6250",,,"0,03774","1,84198","0,33931",,
4iodo-4tetrahydroacridindecoy22,266,"-8,6",0,1,256,10,"0,34059","0,6250",,,"0,03759","1,83505","0,34059",,
4iodo-4tetrahydroacridindecoy11,267,"-8,6",0,1,257,10,"0,34187","0,6250",,,"0,03745","1,82818","0,34187",,
4iodo-4tetrahydroacridindecoy1,268,"-8,6",0,1,258,10,"0,34315","0,6250",,,"0,03731","1,82136","0,34315",,
2iodo-3tetrahydroacridindecoy22,269,"-8,5",0,1,259,10,"0,34443","0,6250",,,"0,03717","1,81459","0,34443",,
3iodo-2tetrahydroacridindecoy2,270,"-8,5",0,1,260,10,"0,34571","0,6250",,,"0,03704","1,80787","0,34571",,
Donepezildecoy25,271,"-8,5",0,1,261,10,"0,34699","0,6250",,,"0,03690","1,80120","0,34699",,
2iodo-3tetrahydroacridindecoy42,272,"-8,5",0,1,262,10,"0,34827","0,6250",,,"0,03676","1,79457","0,34827",,
Donepezildecoy7,273,"-8,5",0,1,263,10,"0,34955","0,6250",,,"0,03663","1,78800","0,34955",,
4iodo-2tetrahydroacridindecoy41,274,"-8,5",0,1,264,10,"0,35083","0,6250",,,"0,03650","1,78147","0,35083",,
3iodo-2tetrahydroacridindecoy1,275,"-8,5",0,1,265,10,"0,35211","0,6250",,,"0,03636","1,77500","0,35211",,
4iodo-3tetrahydroacridindecoy30,276,"-8,5",0,1,266,10,"0,35339","0,6250",,,"0,03623","1,76857","0,35339",,
3iodo-4tetrahydroacridindecoy49,277,"-8,5",0,1,267,10,"0,35467","0,6250",,,"0,03610","1,76218","0,35467",,
Tolserinedecoy20,278,"-8,5",0,1,268,10,"0,35595","0,6250",,,"0,03597","1,75584","0,35595",,
3iodo-2tetrahydroacridindecoy40,279,"-8,5",0,1,269,10,"0,35723","0,6250",,,"0,03584","1,74955","0,35723",,
2iodo-4tetrahydroacridindecoy49,280,"-8,5",0,1,270,10,"0,35851","0,6250",,,"0,03571","1,74330","0,35851",,
2iodo-4tetrahydroacridindecoy42,281,"-8,5",0,1,271,10,"0,35980","0,6250",,,"0,03559","1,73710","0,35980",,
4iodo-4tetrahydroacridindecoy23,282,"-8,5",0,1,272,10,"0,36108","0,6250",,,"0,03546","1,73094","0,36108",,
4iodo-3tetrahydroacridindecoy22,283,"-8,5",0,1,273,10,"0,36236","0,6250",,,"0,03534","1,72482","0,36236",,
2iodo-2tetrahydroacridindecoy14,284,"-8,5",0,1,274,10,"0,36364","0,6250",,,"0,03521","1,71875","0,36364",,
Bis-tacrinedecoy43,285,"-8,5",0,1,275,10,"0,36492","0,6250",,,"0,03509","1,71272","0,36492",,
3iodo-4tetrahydroacridindecoy22,286,"-8,5",0,1,276,10,"0,36620","0,6250",,,"0,03497","1,70673","0,36620",,
Heptyl-physostigminedecoy40,287,"-8,5",0,1,277,10,"0,36748","0,6250",,,"0,03484","1,70078","0,36748",,
Donepezildecoy38,288,"-8,5",0,1,278,10,"0,36876","0,6250",,,"0,03472","1,69487","0,36876",,
4iodo-2tetrahydroacridindecoy50,289,"-8,4",0,1,279,10,"0,37004","0,6250",,,"0,03460","1,68901","0,37004",,
Heptyl-physostigminedecoy49,290,"-8,4",0,1,280,10,"0,37132","0,6250",,,"0,03448","1,68319","0,37132",,
4iodo-2tetrahydroacridindecoy23,291,"-8,4",0,1,281,10,"0,37260","0,6250",,,"0,03436","1,67740","0,37260",,
2iodo-2tetrahydroacridin,292,"-8,4",1,0,281,11,"0,37388","0,6875",,,"0,03767","1,83882","0,37388",,
2iodo-3tetrahydroacridindecoy18,293,"-8,4",0,1,282,11,"0,37516","0,6875",,,"0,03754","1,83255","0,37516",,
4iodo-2tetrahydroacridindecoy35,294,"-8,4",0,1,283,11,"0,37644","0,6875",,,"0,03741","1,82631","0,37644",,
2iodo-2tetrahydroacridindecoy6,295,"-8,4",0,1,284,11,"0,37772","0,6875",,,"0,03729","1,82012","0,37772",,
Heptyl-physostigminedecoy25,296,"-8,4",0,1,285,11,"0,37900","0,6875",,,"0,03716","1,81397","0,37900",,
3iodo-2tetrahydroacridindecoy9,297,"-8,4",0,1,286,11,"0,38028","0,6875",,,"0,03704","1,80787","0,38028",,
Donepezildecoy4,298,"-8,4",0,1,287,11,"0,38156","0,6875",,,"0,03691","1,80180","0,38156",,
Heptyl-physostigminedecoy48,299,"-8,4",0,1,288,11,"0,38284","0,6875",,,"0,03679","1,79577","0,38284",,
4iodo-2tetrahydroacridindecoy3,300,"-8,4",0,1,289,11,"0,38412","0,6875",,,"0,03667","1,78979","0,38412",,
Donepezildecoy32,301,"-8,4",0,1,290,11,"0,38540","0,6875",,,"0,03654","1,78384","0,38540",,
4iodo-3tetrahydroacridindecoy33,302,"-8,4",0,1,291,11,"0,38668","0,6875",,,"0,03642","1,77793","0,38668",,
Donepezildecoy6,303,"-8,4",0,1,292,11,"0,38796","0,6875",,,"0,03630","1,77207","0,38796",,
3iodo-2tetrahydroacridindecoy41,304,"-8,4",0,1,293,11,"0,38924","0,6875",,,"0,03618","1,76624","0,38924",,
Tolserine,305,"-8,4",1,0,293,12,"0,39052","0,7500",,,"0,03934","1,92049","0,39052",,
3iodo-4tetrahydroacridindecoy31,306,"-8,4",0,1,294,12,"0,39181","0,7500",,,"0,03922","1,91421","0,39181",,
Tacrinedecoy43,307,"-8,4",0,1,295,12,"0,39309","0,7500",,,"0,03909","1,90798","0,39309",,
2iodo-3tetrahydroacridindecoy12,308,"-8,4",0,1,296,12,"0,39437","0,7500",,,"0,03896","1,90178","0,39437",,
Heptyl-physostigminedecoy4,309,"-8,4",0,1,297,12,"0,39565","0,7500",,,"0,03883","1,89563","0,39565",,
4iodo-4tetrahydroacridindecoy47,310,"-8,3",0,1,298,12,"0,39693","0,7500",,,"0,03871","1,88951","0,39693",,
Tacrinedecoy32,311,"-8,3",0,1,299,12,"0,39821","0,7500",,,"0,03859","1,88344","0,39821",,
2iodo-2tetrahydroacridindecoy25,312,"-8,3",0,1,300,12,"0,39949","0,7500",,,"0,03846","1,87740","0,39949",,
4iodo-3tetrahydroacridindecoy11,313,"-8,3",0,1,301,12,"0,40077","0,7500",,,"0,03834","1,87140","0,40077",,
4iodo-3tetrahydroacridindecoy32,314,"-8,3",0,1,302,12,"0,40205","0,7500",,,"0,03822","1,86544","0,40205",,
4iodo-2tetrahydroacridindecoy12,315,"-8,3",0,1,303,12,"0,40333","0,7500",,,"0,03810","1,85952","0,40333",,
4iodo-4tetrahydroacridindecoy28,316,"-8,3",0,1,304,12,"0,40461","0,7500",,,"0,03797","1,85364","0,40461",,
Donepezildecoy12,317,"-8,3",0,1,305,12,"0,40589","0,7500",,,"0,03785","1,84779","0,40589",,
Donepezildecoy45,318,"-8,3",0,1,306,12,"0,40717","0,7500",,,"0,03774","1,84198","0,40717",,
3iodo-2tetrahydroacridindecoy20,319,"-8,3",0,1,307,12,"0,40845","0,7500",,,"0,03762","1,83620","0,40845",,
Physostigminedecoy14,320,"-8,3",0,1,308,12,"0,40973","0,7500",,,"0,03750","1,83046","0,40973",,
Heptyl-physostigminedecoy26,321,"-8,3",0,1,309,12,"0,41101","0,7500",,,"0,03738","1,82476","0,41101",,
3iodo-2tetrahydroacridindecoy24,322,"-8,3",0,1,310,12,"0,41229","0,7500",,,"0,03727","1,81910","0,41229",,
4iodo-3tetrahydroacridindecoy26,323,"-8,3",0,1,311,12,"0,41357","0,7500",,,"0,03715","1,81346","0,41357",,
Tolserinedecoy31,324,"-8,3",0,1,312,12,"0,41485","0,7500",,,"0,03704","1,80787","0,41485",,
Bis-tacrinedecoy50,325,"-8,3",0,1,313,12,"0,41613","0,7500",,,"0,03692","1,80230","0,41613",,
Tolserinedecoy21,326,"-8,3",0,1,314,12,"0,41741","0,7500",,,"0,03681","1,79678","0,41741",,
4iodo-2tetrahydroacridindecoy46,327,"-8,3",0,1,315,12,"0,41869","0,7500",,,"0,03670","1,79128","0,41869",,
2iodo-2tetrahydroacridindecoy35,328,"-8,2",0,1,316,12,"0,41997","0,7500",,,"0,03659","1,78582","0,41997",,
Bis-tacrinedecoy11,329,"-8,2",0,1,317,12,"0,42125","0,7500",,,"0,03647","1,78039","0,42125",,
4iodo-3tetrahydroacridindecoy7,330,"-8,2",0,1,318,12,"0,42254","0,7500",,,"0,03636","1,77500","0,42254",,
3iodo-2tetrahydroacridindecoy34,331,"-8,2",0,1,319,12,"0,42382","0,7500",,,"0,03625","1,76963","0,42382",,
3iodo-2tetrahydroacridindecoy44,332,"-8,2",0,1,320,12,"0,42510","0,7500",,,"0,03614","1,76430","0,42510",,
3iodo-4tetrahydroacridindecoy20,333,"-8,2",0,1,321,12,"0,42638","0,7500",,,"0,03604","1,75901","0,42638",,
4iodo-2tetrahydroacridindecoy15,334,"-8,2",0,1,322,12,"0,42766","0,7500",,,"0,03593","1,75374","0,42766",,
Donepezildecoy5,335,"-8,2",0,1,323,12,"0,42894","0,7500",,,"0,03582","1,74850","0,42894",,
Donepezildecoy23,336,"-8,2",0,1,324,12,"0,43022","0,7500",,,"0,03571","1,74330","0,43022",,
4iodo-2tetrahydroacridindecoy22,337,"-8,2",0,1,325,12,"0,43150","0,7500",,,"0,03561","1,73813","0,43150",,
2iodo-2tetrahydroacridindecoy41,338,"-8,2",0,1,326,12,"0,43278","0,7500",,,"0,03550","1,73298","0,43278",,
Donepezildecoy2,339,"-8,2",0,1,327,12,"0,43406","0,7500",,,"0,03540","1,72787","0,43406",,
Tacrinedecoy39,340,"-8,2",0,1,328,12,"0,43534","0,7500",,,"0,03529","1,72279","0,43534",,
Tolserinedecoy35,341,"-8,2",0,1,329,12,"0,43662","0,7500",,,"0,03519","1,71774","0,43662",,
4iodo-3tetrahydroacridindecoy10,342,"-8,2",0,1,330,12,"0,43790","0,7500",,,"0,03509","1,71272","0,43790",,
2iodo-2tetrahydroacridindecoy18,343,"-8,2",0,1,331,12,"0,43918","0,7500",,,"0,03499","1,70772","0,43918",,
Tolserinedecoy27,344,"-8,2",0,1,332,12,"0,44046","0,7500",,,"0,03488","1,70276","0,44046",,
2iodo-2tetrahydroacridindecoy40,345,"-8,2",0,1,333,12,"0,44174","0,7500",,,"0,03478","1,69782","0,44174",,
Bis-tacrinedecoy21,346,"-8,1",0,1,334,12,"0,44302","0,7500",,,"0,03468","1,69292","0,44302",,
2iodo-2tetrahydroacridindecoy45,347,"-8,1",0,1,335,12,"0,44430","0,7500",,,"0,03458","1,68804","0,44430",,
Donepezildecoy37,348,"-8,1",0,1,336,12,"0,44558","0,7500",,,"0,03448","1,68319","0,44558",,
2iodo-3tetrahydroacridindecoy13,349,"-8,1",0,1,337,12,"0,44686","0,7500",,,"0,03438","1,67836","0,44686",,
4iodo-3tetrahydroacridindecoy44,350,"-8,1",0,1,338,12,"0,44814","0,7500",,,"0,03429","1,67357","0,44814",,
Donepezildecoy13,351,"-8,1",0,1,339,12,"0,44942","0,7500",,,"0,03419","1,66880","0,44942",,
4iodo-4tetrahydroacridindecoy35,352,"-8,1",0,1,340,12,"0,45070","0,7500",,,"0,03409","1,66406","0,45070",,
Heptyl-physostigminedecoy12,353,"-8,1",0,1,341,12,"0,45198","0,7500",,,"0,03399","1,65934","0,45198",,
Tolserinedecoy9,354,"-8,1",0,1,342,12,"0,45327","0,7500",,,"0,03390","1,65466","0,45327",,
2iodo-3tetrahydroacridindecoy46,355,"-8,1",0,1,343,12,"0,45455","0,7500",,,"0,03380","1,65000","0,45455",,
Donepezildecoy8,356,"-8,1",0,1,344,12,"0,45583","0,7500",,,"0,03371","1,64536","0,45583",,
Tolserinedecoy19,357,"-8,1",0,1,345,12,"0,45711","0,7500",,,"0,03361","1,64075","0,45711",,
4iodo-2tetrahydroacridindecoy33,358,"-8,1",0,1,346,12,"0,45839","0,7500",,,"0,03352","1,63617","0,45839",,
4iodo-4tetrahydroacridindecoy25,359,"-8,1",0,1,347,12,"0,45967","0,7500",,,"0,03343","1,63161","0,45967",,
Donepezildecoy22,360,"-8,1",0,1,348,12,"0,46095","0,7500",,,"0,03333","1,62708","0,46095",,
3iodo-2tetrahydroacridindecoy43,361,"-8,0",0,1,349,12,"0,46223","0,7500",,,"0,03324","1,62257","0,46223",,
3iodo-4tetrahydroacridindecoy32,362,"-8,0",0,1,350,12,"0,46351","0,7500",,,"0,03315","1,61809","0,46351",,
Physostigminedecoy22,363,"-8,0",0,1,351,12,"0,46479","0,7500",,,"0,03306","1,61363","0,46479",,
Heptyl-physostigminedecoy34,364,"-8,0",0,1,352,12,"0,46607","0,7500",,,"0,03297","1,60920","0,46607",,
Tolserinedecoy18,365,"-8,0",0,1,353,12,"0,46735","0,7500",,,"0,03288","1,60479","0,46735",,
4iodo-2tetrahydroacridindecoy21,366,"-8,0",0,1,354,12,"0,46863","0,7500",,,"0,03279","1,60041","0,46863",,
3iodo-2tetrahydroacridindecoy8,367,"-8,0",0,1,355,12,"0,46991","0,7500",,,"0,03270","1,59605","0,46991",,
Donepezildecoy9,368,"-8,0",0,1,356,12,"0,47119","0,7500",,,"0,03261","1,59171","0,47119",,
Donepezildecoy33,369,"-8,0",0,1,357,12,"0,47247","0,7500",,,"0,03252","1,58739","0,47247",,
Donepezildecoy26,370,"-8,0",0,1,358,12,"0,47375","0,7500",,,"0,03243","1,58310","0,47375",,
2iodo-2tetrahydroacridindecoy43,371,"-8,0",0,1,359,12,"0,47503","0,7500",,,"0,03235","1,57884","0,47503",,
Tacrinedecoy8,372,"-8,0",0,1,360,12,"0,47631","0,7500",,,"0,03226","1,57459","0,47631",,
3iodo-2tetrahydroacridindecoy38,373,"-8,0",0,1,361,12,"0,47759","0,7500",,,"0,03217","1,57037","0,47759",,
3iodo-2tetrahydroacridindecoy28,374,"-8,0",0,1,362,12,"0,47887","0,7500",,,"0,03209","1,56617","0,47887",,
2iodo-2tetrahydroacridindecoy2,375,"-8,0",0,1,363,12,"0,48015","0,7500",,,"0,03200","1,56200","0,48015",,
Physostigminedecoy6,376,"-8,0",0,1,364,12,"0,48143","0,7500",,,"0,03191","1,55784","0,48143",,
2iodo-2tetrahydroacridindecoy17,377,"-7,9",0,1,365,12,"0,48271","0,7500",,,"0,03183","1,55371","0,48271",,
4iodo-4tetrahydroacridindecoy49,378,"-7,9",0,1,366,12,"0,48399","0,7500",,,"0,03175","1,54960","0,48399",,
4iodo-4tetrahydroacridindecoy21,379,"-7,9",0,1,367,12,"0,48528","0,7500",,,"0,03166","1,54551","0,48528",,
Donepezildecoy35,380,"-7,9",0,1,368,12,"0,48656","0,7500",,,"0,03158","1,54144","0,48656",,
4iodo-3tetrahydroacridindecoy20,381,"-7,9",0,1,369,12,"0,48784","0,7500",,,"0,03150","1,53740","0,48784",,
Tolserinedecoy10,382,"-7,9",0,1,370,12,"0,48912","0,7500",,,"0,03141","1,53337","0,48912",,
3iodo-4tetrahydroacridindecoy42,383,"-7,9",0,1,371,12,"0,49040","0,7500",,,"0,03133","1,52937","0,49040",,
3iodo-2tetrahydroacridindecoy19,384,"-7,9",0,1,372,12,"0,49168","0,7500",,,"0,03125","1,52539","0,49168",,
Tolserinedecoy12,385,"-7,9",0,1,373,12,"0,49296","0,7500",,,"0,03117","1,52143","0,49296",,
3iodo-4tetrahydroacridindecoy44,386,"-7,9",0,1,374,12,"0,49424","0,7500",,,"0,03109","1,51748","0,49424",,
Heptyl-physostigminedecoy31,387,"-7,9",0,1,375,12,"0,49552","0,7500",,,"0,03101","1,51356","0,49552",,
Physostigminedecoy44,388,"-7,9",0,1,376,12,"0,49680","0,7500",,,"0,03093","1,50966","0,49680",,
2iodo-4tetrahydroacridindecoy38,389,"-7,9",0,1,377,12,"0,49808","0,7500",,,"0,03085","1,50578","0,49808",,
4iodo-4tetrahydroacridindecoy44,390,"-7,9",0,1,378,12,"0,49936","0,7500",,,"0,03077","1,50192","0,49936",,
4iodo-4tetrahydroacridindecoy40,391,"-7,9",0,1,379,12,"0,50064","0,7500",,,"0,03069","1,49808","0,50064",,
2iodo-3tetrahydroacridindecoy43,392,"-7,8",0,1,380,12,"0,50192","0,7500",,,"0,03061","1,49426","0,50192",,
Bis-tacrinedecoy4,393,"-7,8",0,1,381,12,"0,50320","0,7500",,,"0,03053","1,49045","0,50320",,
Tacrinedecoy12,394,"-7,8",0,1,382,12,"0,50448","0,7500",,,"0,03046","1,48667","0,50448",,
Tolserinedecoy42,395,"-7,8",0,1,383,12,"0,50576","0,7500",,,"0,03038","1,48291","0,50576",,
4iodo-3tetrahydroacridindecoy2,396,"-7,8",0,1,384,12,"0,50704","0,7500",,,"0,03030","1,47916","0,50704",,
Heptyl-physostigminedecoy1,397,"-7,8",0,1,385,12,"0,50832","0,7500",,,"0,03023","1,47544","0,50832",,
Tolserinedecoy16,398,"-7,8",0,1,386,12,"0,50960","0,7500",,,"0,03015","1,47173","0,50960",,
Tolserinedecoy8,399,"-7,8",0,1,387,12,"0,51088","0,7500",,,"0,03008","1,46804","0,51088",,
Tacrinedecoy46,400,"-7,8",0,1,388,12,"0,51216","0,7500",,,"0,03000","1,46437","0,51216",,
Donepezildecoy15,401,"-7,8",0,1,389,12,"0,51344","0,7500",,,"0,02993","1,46072","0,51344",,
3iodo-4tetrahydroacridindecoy43,402,"-7,8",0,1,390,12,"0,51472","0,7500",,,"0,02985","1,45709","0,51472",,
Tolserinedecoy37,403,"-7,8",0,1,391,12,"0,51601","0,7500",,,"0,02978","1,45347","0,51601",,
4iodo-3tetrahydroacridindecoy48,404,"-7,8",0,1,392,12,"0,51729","0,7500",,,"0,02970","1,44987","0,51729",,
2iodo-2tetrahydroacridindecoy49,405,"-7,8",0,1,393,12,"0,51857","0,7500",,,"0,02963","1,44629","0,51857",,
3iodo-2tetrahydroacridindecoy33,406,"-7,8",0,1,394,12,"0,51985","0,7500",,,"0,02956","1,44273","0,51985",,
Heptyl-physostigminedecoy28,407,"-7,8",0,1,395,12,"0,52113","0,7500",,,"0,02948","1,43919","0,52113",,
Bis-tacrinedecoy38,408,"-7,8",0,1,396,12,"0,52241","0,7500",,,"0,02941","1,43566","0,52241",,
Physostigminedecoy34,409,"-7,8",0,1,397,12,"0,52369","0,7500",,,"0,02934","1,43215","0,52369",,
Bis-tacrinedecoy45,410,"-7,8",0,1,398,12,"0,52497","0,7500",,,"0,02927","1,42866","0,52497",,
4iodo-4tetrahydroacridindecoy41,411,"-7,8",0,1,399,12,"0,52625","0,7500",,,"0,02920","1,42518","0,52625",,
2iodo-4tetrahydroacridindecoy50,412,"-7,8",0,1,400,12,"0,52753","0,7500",,,"0,02913","1,42172","0,52753",,
Physostigminedecoy31,413,"-7,8",0,1,401,12,"0,52881","0,7500",,,"0,02906","1,41828","0,52881",,
4iodo-2tetrahydroacridindecoy36,414,"-7,8",0,1,402,12,"0,53009","0,7500",,,"0,02899","1,41485","0,53009",,
2iodo-4tetrahydroacridindecoy4,415,"-7,8",0,1,403,12,"0,53137","0,7500",,,"0,02892","1,41144","0,53137",,
Donepezildecoy46,416,"-7,7",0,1,404,12,"0,53265","0,7500",,,"0,02885","1,40805","0,53265",,
Tolserinedecoy28,417,"-7,7",0,1,405,12,"0,53393","0,7500",,,"0,02878","1,40467","0,53393",,
2iodo-3tetrahydroacridindecoy15,418,"-7,7",0,1,406,12,"0,53521","0,7500",,,"0,02871","1,40131","0,53521",,
Donepezildecoy39,419,"-7,7",0,1,407,12,"0,53649","0,7500",,,"0,02864","1,39797","0,53649",,
Donepezildecoy44,420,"-7,7",0,1,408,12,"0,53777","0,7500",,,"0,02857","1,39464","0,53777",,
2iodo-2tetrahydroacridindecoy3,421,"-7,7",0,1,409,12,"0,53905","0,7500",,,"0,02850","1,39133","0,53905",,
2iodo-2tetrahydroacridindecoy5,422,"-7,7",0,1,410,12,"0,54033","0,7500",,,"0,02844","1,38803","0,54033",,
Tolserinedecoy48,423,"-7,7",0,1,411,12,"0,54161","0,7500",,,"0,02837","1,38475","0,54161",,
4iodo-3tetrahydroacridindecoy4,424,"-7,7",0,1,412,12,"0,54289","0,7500",,,"0,02830","1,38148","0,54289",,
2iodo-4tetrahydroacridindecoy5,425,"-7,7",0,1,413,12,"0,54417","0,7500",,,"0,02824","1,37823","0,54417",,
Physostigminedecoy19,426,"-7,7",0,1,414,12,"0,54545","0,7500",,,"0,02817","1,37500","0,54545",,
4iodo-3tetrahydroacridindecoy6,427,"-7,7",0,1,415,12,"0,54673","0,7500",,,"0,02810","1,37178","0,54673",,
Galantaminedecoy16,428,"-7,7",0,1,416,12,"0,54802","0,7500",,,"0,02804","1,36857","0,54802",,
3iodo-2tetrahydroacridindecoy15,429,"-7,7",0,1,417,12,"0,54930","0,7500",,,"0,02797","1,36538","0,54930",,
Tolserinedecoy2,430,"-7,7",0,1,418,12,"0,55058","0,7500",,,"0,02791","1,36221","0,55058",,
4iodo-4tetrahydroacridindecoy36,431,"-7,7",0,1,419,12,"0,55186","0,7500",,,"0,02784","1,35905","0,55186",,
2iodo-4tetrahydroacridindecoy20,432,"-7,7",0,1,420,12,"0,55314","0,7500",,,"0,02778","1,35590","0,55314",,
Tolserinedecoy43,433,"-7,6",0,1,421,12,"0,55442","0,7500",,,"0,02771","1,35277","0,55442",,
Physostigminedecoy50,434,"-7,6",0,1,422,12,"0,55570","0,7500",,,"0,02765","1,34965","0,55570",,
Tolserinedecoy6,435,"-7,6",0,1,423,12,"0,55698","0,7500",,,"0,02759","1,34655","0,55698",,
Tacrinedecoy5,436,"-7,6",0,1,424,12,"0,55826","0,7500",,,"0,02752","1,34346","0,55826",,
4iodo-2tetrahydroacridindecoy2,437,"-7,6",0,1,425,12,"0,55954","0,7500",,,"0,02746","1,34039","0,55954",,
Donepezildecoy40,438,"-7,6",0,1,426,12,"0,56082","0,7500",,,"0,02740","1,33733","0,56082",,
2iodo-4tetrahydroacridindecoy7,439,"-7,6",0,1,427,12,"0,56210","0,7500",,,"0,02733","1,33428","0,56210",,
2iodo-2tetrahydroacridindecoy7,440,"-7,6",0,1,428,12,"0,56338","0,7500",,,"0,02727","1,33125","0,56338",,
Physostigminedecoy33,441,"-7,6",0,1,429,12,"0,56466","0,7500",,,"0,02721","1,32823","0,56466",,
Tacrinedecoy26,442,"-7,6",0,1,430,12,"0,56594","0,7500",,,"0,02715","1,32522","0,56594",,
3iodo-2tetrahydroacridindecoy3,443,"-7,6",0,1,431,12,"0,56722","0,7500",,,"0,02709","1,32223","0,56722",,
3iodo-2tetrahydroacridindecoy16,444,"-7,6",0,1,432,12,"0,56850","0,7500",,,"0,02703","1,31925","0,56850",,
2iodo-3tetrahydroacridindecoy2,445,"-7,6",0,1,433,12,"0,56978","0,7500",,,"0,02697","1,31629","0,56978",,
2iodo-2tetrahydroacridindecoy11,446,"-7,6",0,1,434,12,"0,57106","0,7500",,,"0,02691","1,31334","0,57106",,
Velnacrinedecoy49,447,"-7,6",0,1,435,12,"0,57234","0,7500",,,"0,02685","1,31040","0,57234",,
Physostigminedecoy16,448,"-7,6",0,1,436,12,"0,57362","0,7500",,,"0,02679","1,30747","0,57362",,
2iodo-2tetrahydroacridindecoy30,449,"-7,6",0,1,437,12,"0,57490","0,7500",,,"0,02673","1,30456","0,57490",,
3iodo-4tetrahydroacridindecoy17,450,"-7,5",0,1,438,12,"0,57618","0,7500",,,"0,02667","1,30166","0,57618",,
2iodo-2tetrahydroacridindecoy33,451,"-7,5",0,1,439,12,"0,57746","0,7500",,,"0,02661","1,29878","0,57746",,
2iodo-3tetrahydroacridindecoy1,452,"-7,5",0,1,440,12,"0,57875","0,7500",,,"0,02655","1,29590","0,57875",,
3iodo-2tetrahydroacridindecoy14,453,"-7,5",0,1,441,12,"0,58003","0,7500",,,"0,02649","1,29304","0,58003",,
Bis-tacrinedecoy36,454,"-7,5",0,1,442,12,"0,58131","0,7500",,,"0,02643","1,29020","0,58131",,
Tolserinedecoy45,455,"-7,5",0,1,443,12,"0,58259","0,7500",,,"0,02637","1,28736","0,58259",,
2iodo-4tetrahydroacridindecoy35,456,"-7,5",0,1,444,12,"0,58387","0,7500",,,"0,02632","1,28454","0,58387",,
Physostigminedecoy35,457,"-7,5",0,1,445,12,"0,58515","0,7500",,,"0,02626","1,28173","0,58515",,
3iodo-4tetrahydroacridindecoy37,458,"-7,5",0,1,446,12,"0,58643","0,7500",,,"0,02620","1,27893","0,58643",,
3iodo-4tetrahydroacridindecoy21,459,"-7,5",0,1,447,12,"0,58771","0,7500",,,"0,02614","1,27614","0,58771",,
4iodo-4tetrahydroacridindecoy48,460,"-7,5",0,1,448,12,"0,58899","0,7500",,,"0,02609","1,27337","0,58899",,
Galantaminedecoy17,461,"-7,5",0,1,449,12,"0,59027","0,7500",,,"0,02603","1,27060","0,59027",,
2iodo-2tetrahydroacridindecoy24,462,"-7,5",0,1,450,12,"0,59155","0,7500",,,"0,02597","1,26785","0,59155",,
2iodo-4tetrahydroacridindecoy3,463,"-7,5",0,1,451,12,"0,59283","0,7500",,,"0,02592","1,26512","0,59283",,
4iodo-3tetrahydroacridindecoy5,464,"-7,5",0,1,452,12,"0,59411","0,7500",,,"0,02586","1,26239","0,59411",,
Bis-tacrinedecoy39,465,"-7,5",0,1,453,12,"0,59539","0,7500",,,"0,02581","1,25967","0,59539",,
2iodo-3tetrahydroacridindecoy35,466,"-7,5",0,1,454,12,"0,59667","0,7500",,,"0,02575","1,25697","0,59667",,
Bis-tacrinedecoy22,467,"-7,5",0,1,455,12,"0,59795","0,7500",,,"0,02570","1,25428","0,59795",,
Tacrinedecoy50,468,"-7,5",0,1,456,12,"0,59923","0,7500",,,"0,02564","1,25160","0,59923",,
Bis-tacrinedecoy18,469,"-7,5",0,1,457,12,"0,60051","0,7500",,,"0,02559","1,24893","0,60051",,
4iodo-4tetrahydroacridindecoy34,470,"-7,5",0,1,458,12,"0,60179","0,7500",,,"0,02553","1,24627","0,60179",,
Tolserinedecoy7,471,"-7,5",0,1,459,12,"0,60307","0,7500",,,"0,02548","1,24363","0,60307",,
Bis-tacrinedecoy41,472,"-7,5",0,1,460,12,"0,60435","0,7500",,,"0,02542","1,24099","0,60435",,
Physostigminedecoy4,473,"-7,5",0,1,461,12,"0,60563","0,7500",,,"0,02537","1,23837","0,60563",,
Tacrinedecoy25,474,"-7,5",0,1,462,12,"0,60691","0,7500",,,"0,02532","1,23576","0,60691",,
Tacrinedecoy6,475,"-7,5",0,1,463,12,"0,60819","0,7500",,,"0,02526","1,23316","0,60819",,
Donepezildecoy30,476,"-7,4",0,1,464,12,"0,60948","0,7500",,,"0,02521","1,23056","0,60948",,
3iodo-4tetrahydroacridindecoy3,477,"-7,4",0,1,465,12,"0,61076","0,7500",,,"0,02516","1,22798","0,61076",,
4iodo-4tetrahydroacridindecoy2,478,"-7,4",0,1,466,12,"0,61204","0,7500",,,"0,02510","1,22542","0,61204",,
Physostigminedecoy49,479,"-7,4",0,1,467,12,"0,61332","0,7500",,,"0,02505","1,22286","0,61332",,
3iodo-2tetrahydroacridindecoy42,480,"-7,4",0,1,468,12,"0,61460","0,7500",,,"0,02500","1,22031","0,61460",,
Galantaminedecoy32,481,"-7,4",0,1,469,12,"0,61588","0,7500",,,"0,02495","1,21777","0,61588",,
Tacrinedecoy16,482,"-7,4",0,1,470,12,"0,61716","0,7500",,,"0,02490","1,21525","0,61716",,
Tolserinedecoy3,483,"-7,4",0,1,471,12,"0,61844","0,7500",,,"0,02484","1,21273","0,61844",,
Tacrinedecoy48,484,"-7,4",0,1,472,12,"0,61972","0,7500",,,"0,02479","1,21022","0,61972",,
4iodo-2tetrahydroacridindecoy27,485,"-7,4",0,1,473,12,"0,62100","0,7500",,,"0,02474","1,20773","0,62100",,
Tacrinedecoy13,486,"-7,4",0,1,474,12,"0,62228","0,7500",,,"0,02469","1,20524","0,62228",,
Heptyl-physostigminedecoy20,487,"-7,3",0,1,475,12,"0,62356","0,7500",,,"0,02464","1,20277","0,62356",,
Bis-tacrinedecoy1,488,"-7,3",0,1,476,12,"0,62484","0,7500",,,"0,02459","1,20030","0,62484",,
2iodo-4tetrahydroacridindecoy31,489,"-7,3",0,1,477,12,"0,62612","0,7500",,,"0,02454","1,19785","0,62612",,
2iodo-4tetrahydroacridindecoy39,490,"-7,3",0,1,478,12,"0,62740","0,7500",,,"0,02449","1,19541","0,62740",,
Tacrinedecoy1,491,"-7,3",0,1,479,12,"0,62868","0,7500",,,"0,02444","1,19297","0,62868",,
Physostigminedecoy11,492,"-7,3",0,1,480,12,"0,62996","0,7500",,,"0,02439","1,19055","0,62996",,
Donepezildecoy28,493,"-7,3",0,1,481,12,"0,63124","0,7500",,,"0,02434","1,18813","0,63124",,
2iodo-4tetrahydroacridindecoy9,494,"-7,3",0,1,482,12,"0,63252","0,7500",,,"0,02429","1,18573","0,63252",,
Tolserinedecoy26,495,"-7,3",0,1,483,12,"0,63380","0,7500",,,"0,02424","1,18333","0,63380",,
Heptyl-physostigminedecoy11,496,"-7,3",0,1,484,12,"0,63508","0,7500",,,"0,02419","1,18095","0,63508",,
3iodo-4tetrahydroacridindecoy34,497,"-7,3",0,1,485,12,"0,63636","0,7500",,,"0,02414","1,17857","0,63636",,
Tacrinedecoy19,498,"-7,3",0,1,486,12,"0,63764","0,7500",,,"0,02410","1,17620","0,63764",,
Velnacrinedecoy24,499,"-7,3",0,1,487,12,"0,63892","0,7500",,,"0,02405","1,17385","0,63892",,
Tacrinedecoy28,500,"-7,3",0,1,488,12,"0,64020","0,7500",,,"0,02400","1,17150","0,64020",,
Physostigminedecoy10,501,"-7,3",0,1,489,12,"0,64149","0,7500",,,"0,02395","1,16916","0,64149",,
Tolserinedecoy4,502,"-7,3",0,1,490,12,"0,64277","0,7500",,,"0,02390","1,16683","0,64277",,
Tolserinedecoy33,503,"-7,3",0,1,491,12,"0,64405","0,7500",,,"0,02386","1,16451","0,64405",,
2iodo-3tetrahydroacridindecoy37,504,"-7,2",0,1,492,12,"0,64533","0,7500",,,"0,02381","1,16220","0,64533",,
Bis-tacrinedecoy8,505,"-7,2",0,1,493,12,"0,64661","0,7500",,,"0,02376","1,15990","0,64661",,
4iodo-2tetrahydroacridindecoy8,506,"-7,2",0,1,494,12,"0,64789","0,7500",,,"0,02372","1,15761","0,64789",,
Tolserinedecoy38,507,"-7,2",0,1,495,12,"0,64917","0,7500",,,"0,02367","1,15532","0,64917",,
Tolserinedecoy25,508,"-7,2",0,1,496,12,"0,65045","0,7500",,,"0,02362","1,15305","0,65045",,
Velnacrinedecoy10,509,"-7,2",0,1,497,12,"0,65173","0,7500",,,"0,02358","1,15078","0,65173",,
Heptyl-physostigminedecoy22,510,"-7,2",0,1,498,12,"0,65301","0,7500",,,"0,02353","1,14853","0,65301",,
4iodo-2tetrahydroacridindecoy49,511,"-7,2",0,1,499,12,"0,65429","0,7500",,,"0,02348","1,14628","0,65429",,
4iodo-4tetrahydroacridindecoy37,512,"-7,2",0,1,500,12,"0,65557","0,7500",,,"0,02344","1,14404","0,65557",,
Donepezildecoy50,513,"-7,2",0,1,501,12,"0,65685","0,7500",,,"0,02339","1,14181","0,65685",,
Tolserinedecoy29,514,"-7,2",0,1,502,12,"0,65813","0,7500",,,"0,02335","1,13959","0,65813",,
Tacrinedecoy40,515,"-7,2",0,1,503,12,"0,65941","0,7500",,,"0,02330","1,13738","0,65941",,
3iodo-4tetrahydroacridindecoy35,516,"-7,2",0,1,504,12,"0,66069","0,7500",,,"0,02326","1,13517","0,66069",,
Physostigminedecoy24,517,"-7,2",0,1,505,12,"0,66197","0,7500",,,"0,02321","1,13298","0,66197",,
Physostigminedecoy15,518,"-7,2",0,1,506,12,"0,66325","0,7500",,,"0,02317","1,13079","0,66325",,
Physostigminedecoy1,519,"-7,2",0,1,507,12,"0,66453","0,7500",,,"0,02312","1,12861","0,66453",,
Physostigminedecoy12,520,"-7,2",0,1,508,12,"0,66581","0,7500",,,"0,02308","1,12644","0,66581",,
4iodo-2tetrahydroacridindecoy14,521,"-7,1",0,1,509,12,"0,66709","0,7500",,,"0,02303","1,12428","0,66709",,
3iodo-4tetrahydroacridindecoy47,522,"-7,1",0,1,510,12,"0,66837","0,7500",,,"0,02299","1,12212","0,66837",,
Velnacrinedecoy32,523,"-7,1",0,1,511,12,"0,66965","0,7500",,,"0,02294","1,11998","0,66965",,
Tacrinedecoy24,524,"-7,1",0,1,512,12,"0,67093","0,7500",,,"0,02290","1,11784","0,67093",,
Velnacrinedecoy30,525,"-7,1",0,1,513,12,"0,67222","0,7500",,,"0,02286","1,11571","0,67222",,
Tolserinedecoy14,526,"-7,1",0,1,514,12,"0,67350","0,7500",,,"0,02281","1,11359","0,67350",,
3iodo-4tetrahydroacridindecoy5,527,"-7,1",0,1,515,12,"0,67478","0,7500",,,"0,02277","1,11148","0,67478",,
3iodo-2tetrahydroacridindecoy11,528,"-7,1",0,1,516,12,"0,67606","0,7500",,,"0,02273","1,10937","0,67606",,
Velnacrine,529,"-7,1",1,0,516,13,"0,67734","0,8125",,,"0,02457","1,19955","0,67734",,
Tacrinedecoy49,530,"-7,1",0,1,517,13,"0,67862","0,8125",,,"0,02453","1,19729","0,67862",,
Donepezildecoy34,531,"-7,1",0,1,518,13,"0,67990","0,8125",,,"0,02448","1,19503","0,67990",,
Velnacrinedecoy5,532,"-7,1",0,1,519,13,"0,68118","0,8125",,,"0,02444","1,19278","0,68118",,
2iodo-4tetrahydroacridindecoy8,533,"-7,1",0,1,520,13,"0,68246","0,8125",,,"0,02439","1,19055","0,68246",,
Tacrine,534,"-7,1",1,0,520,14,"0,68374","0,8750",,,"0,02622","1,27973","0,68374",,
2iodo-2tetrahydroacridindecoy15,535,"-7,1",0,1,521,14,"0,68502","0,8750",,,"0,02617","1,27733","0,68502",,
2iodo-2tetrahydroacridindecoy10,536,"-7,1",0,1,522,14,"0,68630","0,8750",,,"0,02612","1,27495","0,68630",,
4iodo-4tetrahydroacridindecoy5,537,"-7,1",0,1,523,14,"0,68758","0,8750",,,"0,02607","1,27258","0,68758",,
Tolserinedecoy1,538,"-7,1",0,1,524,14,"0,68886","0,8750",,,"0,02602","1,27021","0,68886",,
4iodo-4tetrahydroacridindecoy29,539,"-7,1",0,1,525,14,"0,69014","0,8750",,,"0,02597","1,26785","0,69014",,
Tolserinedecoy23,540,"-7,0",0,1,526,14,"0,69142","0,8750",,,"0,02593","1,26551","0,69142",,
2iodo-4tetrahydroacridindecoy2,541,"-7,0",0,1,527,14,"0,69270","0,8750",,,"0,02588","1,26317","0,69270",,
3iodo-4tetrahydroacridindecoy11,542,"-7,0",0,1,528,14,"0,69398","0,8750",,,"0,02583","1,26084","0,69398",,
Velnacrinedecoy22,543,"-7,0",0,1,529,14,"0,69526","0,8750",,,"0,02578","1,25851","0,69526",,
Tacrinedecoy34,544,"-7,0",0,1,530,14,"0,69654","0,8750",,,"0,02574","1,25620","0,69654",,
Tolserinedecoy30,545,"-7,0",0,1,531,14,"0,69782","0,8750",,,"0,02569","1,25390","0,69782",,
Velnacrinedecoy45,546,"-7,0",0,1,532,14,"0,69910","0,8750",,,"0,02564","1,25160","0,69910",,
4iodo-4tetrahydroacridindecoy24,547,"-7,0",0,1,533,14,"0,70038","0,8750",,,"0,02559","1,24931","0,70038",,
2iodo-3tetrahydroacridindecoy5,548,"-7,0",0,1,534,14,"0,70166","0,8750",,,"0,02555","1,24703","0,70166",,
Galantaminedecoy5,549,"-7,0",0,1,535,14,"0,70294","0,8750",,,"0,02550","1,24476","0,70294",,
2iodo-3tetrahydroacridindecoy25,550,"-7,0",0,1,536,14,"0,70423","0,8750",,,"0,02545","1,24250","0,70423",,
4iodo-2tetrahydroacridindecoy16,551,"-7,0",0,1,537,14,"0,70551","0,8750",,,"0,02541","1,24024","0,70551",,
4iodo-2tetrahydroacridindecoy30,552,"-7,0",0,1,538,14,"0,70679","0,8750",,,"0,02536","1,23800","0,70679",,
3iodo-2tetrahydroacridindecoy5,553,"-7,0",0,1,539,14,"0,70807","0,8750",,,"0,02532","1,23576","0,70807",,
Tacrinedecoy29,554,"-7,0",0,1,540,14,"0,70935","0,8750",,,"0,02527","1,23353","0,70935",,
4iodo-3tetrahydroacridindecoy43,555,"-7,0",0,1,541,14,"0,71063","0,8750",,,"0,02523","1,23130","0,71063",,
Donepezildecoy17,556,"-7,0",0,1,542,14,"0,71191","0,8750",,,"0,02518","1,22909","0,71191",,
Velnacrinedecoy14,557,"-7,0",0,1,543,14,"0,71319","0,8750",,,"0,02513","1,22688","0,71319",,
Velnacrinedecoy29,558,"-7,0",0,1,544,14,"0,71447","0,8750",,,"0,02509","1,22468","0,71447",,
Physostigminedecoy25,559,"-6,9",0,1,545,14,"0,71575","0,8750",,,"0,02504","1,22249","0,71575",,
2iodo-4tetrahydroacridindecoy10,560,"-6,9",0,1,546,14,"0,71703","0,8750",,,"0,02500","1,22031","0,71703",,
4iodo-4tetrahydroacridindecoy6,561,"-6,9",0,1,547,14,"0,71831","0,8750",,,"0,02496","1,21813","0,71831",,
3iodo-2tetrahydroacridindecoy35,562,"-6,9",0,1,548,14,"0,71959","0,8750",,,"0,02491","1,21597","0,71959",,
Velnacrinedecoy16,563,"-6,9",0,1,549,14,"0,72087","0,8750",,,"0,02487","1,21381","0,72087",,
Physostigminedecoy2,564,"-6,9",0,1,550,14,"0,72215","0,8750",,,"0,02482","1,21166","0,72215",,
4iodo-3tetrahydroacridindecoy8,565,"-6,9",0,1,551,14,"0,72343","0,8750",,,"0,02478","1,20951","0,72343",,
Velnacrinedecoy3,566,"-6,9",0,1,552,14,"0,72471","0,8750",,,"0,02473","1,20737","0,72471",,
Tacrinedecoy36,567,"-6,9",0,1,553,14,"0,72599","0,8750",,,"0,02469","1,20524","0,72599",,
Velnacrinedecoy26,568,"-6,9",0,1,554,14,"0,72727","0,8750",,,"0,02465","1,20312","0,72727",,
Donepezildecoy42,569,"-6,9",0,1,555,14,"0,72855","0,8750",,,"0,02460","1,20101","0,72855",,
Physostigminedecoy48,570,"-6,9",0,1,556,14,"0,72983","0,8750",,,"0,02456","1,19890","0,72983",,
Tacrinedecoy47,571,"-6,9",0,1,557,14,"0,73111","0,8750",,,"0,02452","1,19680","0,73111",,
2iodo-3tetrahydroacridindecoy8,572,"-6,9",0,1,558,14,"0,73239","0,8750",,,"0,02448","1,19471","0,73239",,
Velnacrinedecoy18,573,"-6,9",0,1,559,14,"0,73367","0,8750",,,"0,02443","1,19262","0,73367",,
Bis-tacrinedecoy37,574,"-6,9",0,1,560,14,"0,73496","0,8750",,,"0,02439","1,19055","0,73496",,
Galantamine,575,"-6,9",1,0,560,15,"0,73624","0,9375",,,"0,02609","1,27337","0,73624",,
Donepezildecoy27,576,"-6,9",0,1,561,15,"0,73752","0,9375",,,"0,02604","1,27116","0,73752",,
Velnacrinedecoy27,577,"-6,8",0,1,562,15,"0,73880","0,9375",,,"0,02600","1,26895","0,73880",,
Galantaminedecoy18,578,"-6,8",0,1,563,15,"0,74008","0,9375",,,"0,02595","1,26676","0,74008",,
Tacrinedecoy4,579,"-6,8",0,1,564,15,"0,74136","0,9375",,,"0,02591","1,26457","0,74136",,
Galantaminedecoy31,580,"-6,8",0,1,565,15,"0,74264","0,9375",,,"0,02586","1,26239","0,74264",,
2iodo-4tetrahydroacridindecoy32,581,"-6,8",0,1,566,15,"0,74392","0,9375",,,"0,02582","1,26022","0,74392",,
4iodo-2tetrahydroacridindecoy11,582,"-6,8",0,1,567,15,"0,74520","0,9375",,,"0,02577","1,25805","0,74520",,
Galantaminedecoy44,583,"-6,8",0,1,568,15,"0,74648","0,9375",,,"0,02573","1,25589","0,74648",,
Tacrinedecoy45,584,"-6,8",0,1,569,15,"0,74776","0,9375",,,"0,02568","1,25374","0,74776",,
Physostigminedecoy45,585,"-6,8",0,1,570,15,"0,74904","0,9375",,,"0,02564","1,25160","0,74904",,
Donepezildecoy20,586,"-6,8",0,1,571,15,"0,75032","0,9375",,,"0,02560","1,24946","0,75032",,
Velnacrinedecoy39,587,"-6,8",0,1,572,15,"0,75160","0,9375",,,"0,02555","1,24734","0,75160",,
Physostigminedecoy9,588,"-6,8",0,1,573,15,"0,75288","0,9375",,,"0,02551","1,24521","0,75288",,
Tacrinedecoy35,589,"-6,8",0,1,574,15,"0,75416","0,9375",,,"0,02547","1,24310","0,75416",,
2iodo-3tetrahydroacridindecoy34,590,"-6,8",0,1,575,15,"0,75544","0,9375",,,"0,02542","1,24099","0,75544",,
Physostigminedecoy7,591,"-6,8",0,1,576,15,"0,75672","0,9375",,,"0,02538","1,23889","0,75672",,
Galantaminedecoy6,592,"-6,8",0,1,577,15,"0,75800","0,9375",,,"0,02534","1,23680","0,75800",,
Tacrinedecoy7,593,"-6,8",0,1,578,15,"0,75928","0,9375",,,"0,02530","1,23471","0,75928",,
2iodo-3tetrahydroacridindecoy7,594,"-6,8",0,1,579,15,"0,76056","0,9375",,,"0,02525","1,23264","0,76056",,
Galantaminedecoy9,595,"-6,7",0,1,580,15,"0,76184","0,9375",,,"0,02521","1,23056","0,76184",,
3iodo-4tetrahydroacridindecoy50,596,"-6,7",0,1,581,15,"0,76312","0,9375",,,"0,02517","1,22850","0,76312",,
Physostigmine,597,"-6,7",1,0,581,16,"0,76440","1,0000",,,"0,02680","1,30820","0,76440",,
Physostigminedecoy36,598,"-6,7",0,1,582,16,"0,76569","1,0000",,,"0,02676","1,30602","0,76569",,
Galantaminedecoy34,599,"-6,7",0,1,583,16,"0,76697","1,0000",,,"0,02671","1,30384","0,76697",,
3iodo-4tetrahydroacridindecoy14,600,"-6,7",0,1,584,16,"0,76825","1,0000",,,"0,02667","1,30166","0,76825",,
Tacrinedecoy38,601,"-6,7",0,1,585,16,"0,76953","1,0000",,,"0,02662","1,29950","0,76953",,
Galantaminedecoy50,602,"-6,7",0,1,586,16,"0,77081","1,0000",,,"0,02658","1,29734","0,77081",,
Galantaminedecoy38,603,"-6,7",0,1,587,16,"0,77209","1,0000",,,"0,02653","1,29519","0,77209",,
2iodo-2tetrahydroacridindecoy38,604,"-6,7",0,1,588,16,"0,77337","1,0000",,,"0,02649","1,29304","0,77337",,
3iodo-2tetrahydroacridindecoy27,605,"-6,7",0,1,589,16,"0,77465","1,0000",,,"0,02645","1,29091","0,77465",,
Velnacrinedecoy31,606,"-6,7",0,1,590,16,"0,77593","1,0000",,,"0,02640","1,28878","0,77593",,
2iodo-3tetrahydroacridindecoy10,607,"-6,7",0,1,591,16,"0,77721","1,0000",,,"0,02636","1,28665","0,77721",,
Physostigminedecoy17,608,"-6,7",0,1,592,16,"0,77849","1,0000",,,"0,02632","1,28454","0,77849",,
2iodo-3tetrahydroacridindecoy4,609,"-6,7",0,1,593,16,"0,77977","1,0000",,,"0,02627","1,28243","0,77977",,
Velnacrinedecoy41,610,"-6,6",0,1,594,16,"0,78105","1,0000",,,"0,02623","1,28033","0,78105",,
Velnacrinedecoy34,611,"-6,6",0,1,595,16,"0,78233","1,0000",,,"0,02619","1,27823","0,78233",,
Physostigminedecoy23,612,"-6,6",0,1,596,16,"0,78361","1,0000",,,"0,02614","1,27614","0,78361",,
3iodo-2tetrahydroacridindecoy10,613,"-6,6",0,1,597,16,"0,78489","1,0000",,,"0,02610","1,27406","0,78489",,
2iodo-2tetrahydroacridindecoy50,614,"-6,6",0,1,598,16,"0,78617","1,0000",,,"0,02606","1,27198","0,78617",,
Galantaminedecoy20,615,"-6,6",0,1,599,16,"0,78745","1,0000",,,"0,02602","1,26992","0,78745",,
Velnacrinedecoy23,616,"-6,6",0,1,600,16,"0,78873","1,0000",,,"0,02597","1,26785","0,78873",,
Velnacrinedecoy2,617,"-6,6",0,1,601,16,"0,79001","1,0000",,,"0,02593","1,26580","0,79001",,
Physostigminedecoy46,618,"-6,6",0,1,602,16,"0,79129","1,0000",,,"0,02589","1,26375","0,79129",,
Velnacrinedecoy48,619,"-6,6",0,1,603,16,"0,79257","1,0000",,,"0,02585","1,26171","0,79257",,
Velnacrinedecoy40,620,"-6,6",0,1,604,16,"0,79385","1,0000",,,"0,02581","1,25967","0,79385",,
Tolserinedecoy47,621,"-6,6",0,1,605,16,"0,79513","1,0000",,,"0,02576","1,25765","0,79513",,
2iodo-3tetrahydroacridindecoy36,622,"-6,6",0,1,606,16,"0,79641","1,0000",,,"0,02572","1,25562","0,79641",,
Physostigminedecoy18,623,"-6,6",0,1,607,16,"0,79770","1,0000",,,"0,02568","1,25361","0,79770",,
Physostigminedecoy39,624,"-6,6",0,1,608,16,"0,79898","1,0000",,,"0,02564","1,25160","0,79898",,
2iodo-3tetrahydroacridindecoy31,625,"-6,6",0,1,609,16,"0,80026","1,0000",,,"0,02560","1,24960","0,80026",,
Velnacrinedecoy35,626,"-6,6",0,1,610,16,"0,80154","1,0000",,,"0,02556","1,24760","0,80154",,
Velnacrinedecoy28,627,"-6,5",0,1,611,16,"0,80282","1,0000",,,"0,02552","1,24561","0,80282",,
Tacrinedecoy14,628,"-6,5",0,1,612,16,"0,80410","1,0000",,,"0,02548","1,24363","0,80410",,
Velnacrinedecoy6,629,"-6,5",0,1,613,16,"0,80538","1,0000",,,"0,02544","1,24165","0,80538",,
Velnacrinedecoy33,630,"-6,5",0,1,614,16,"0,80666","1,0000",,,"0,02540","1,23968","0,80666",,
2iodo-2tetrahydroacridindecoy42,631,"-6,5",0,1,615,16,"0,80794","1,0000",,,"0,02536","1,23772","0,80794",,
3iodo-4tetrahydroacridindecoy13,632,"-6,5",0,1,616,16,"0,80922","1,0000",,,"0,02532","1,23576","0,80922",,
4iodo-2tetrahydroacridindecoy43,633,"-6,5",0,1,617,16,"0,81050","1,0000",,,"0,02528","1,23380","0,81050",,
Galantaminedecoy7,634,"-6,5",0,1,618,16,"0,81178","1,0000",,,"0,02524","1,23186","0,81178",,
Tacrinedecoy31,635,"-6,5",0,1,619,16,"0,81306","1,0000",,,"0,02520","1,22992","0,81306",,
3iodo-2tetrahydroacridindecoy25,636,"-6,5",0,1,620,16,"0,81434","1,0000",,,"0,02516","1,22798","0,81434",,
Galantaminedecoy23,637,"-6,5",0,1,621,16,"0,81562","1,0000",,,"0,02512","1,22606","0,81562",,
Galantaminedecoy2,638,"-6,5",0,1,622,16,"0,81690","1,0000",,,"0,02508","1,22414","0,81690",,
Velnacrinedecoy9,639,"-6,5",0,1,623,16,"0,81818","1,0000",,,"0,02504","1,22222","0,81818",,
2iodo-4tetrahydroacridindecoy36,640,"-6,5",0,1,624,16,"0,81946","1,0000",,,"0,02500","1,22031","0,81946",,
Velnacrinedecoy50,641,"-6,5",0,1,625,16,"0,82074","1,0000",,,"0,02496","1,21841","0,82074",,
Galantaminedecoy29,642,"-6,4",0,1,626,16,"0,82202","1,0000",,,"0,02492","1,21651","0,82202",,
4iodo-3tetrahydroacridindecoy35,643,"-6,4",0,1,627,16,"0,82330","1,0000",,,"0,02488","1,21462","0,82330",,
Tacrinedecoy9,644,"-6,4",0,1,628,16,"0,82458","1,0000",,,"0,02484","1,21273","0,82458",,
Tacrinedecoy21,645,"-6,4",0,1,629,16,"0,82586","1,0000",,,"0,02481","1,21085","0,82586",,
3iodo-2tetrahydroacridindecoy50,646,"-6,4",0,1,630,16,"0,82714","1,0000",,,"0,02477","1,20898","0,82714",,
Galantaminedecoy1,647,"-6,4",0,1,631,16,"0,82843","1,0000",,,"0,02473","1,20711","0,82843",,
Velnacrinedecoy43,648,"-6,4",0,1,632,16,"0,82971","1,0000",,,"0,02469","1,20524","0,82971",,
Physostigminedecoy3,649,"-6,4",0,1,633,16,"0,83099","1,0000",,,"0,02465","1,20339","0,83099",,
Donepezildecoy16,650,"-6,4",0,1,634,16,"0,83227","1,0000",,,"0,02462","1,20154","0,83227",,
Velnacrinedecoy12,651,"-6,4",0,1,635,16,"0,83355","1,0000",,,"0,02458","1,19969","0,83355",,
Tacrinedecoy37,652,"-6,4",0,1,636,16,"0,83483","1,0000",,,"0,02454","1,19785","0,83483",,
4iodo-3tetrahydroacridindecoy31,653,"-6,4",0,1,637,16,"0,83611","1,0000",,,"0,02450","1,19602","0,83611",,
Tacrinedecoy20,654,"-6,4",0,1,638,16,"0,83739","1,0000",,,"0,02446","1,19419","0,83739",,
Velnacrinedecoy4,655,"-6,4",0,1,639,16,"0,83867","1,0000",,,"0,02443","1,19236","0,83867",,
Tacrinedecoy42,656,"-6,4",0,1,640,16,"0,83995","1,0000",,,"0,02439","1,19055","0,83995",,
Velnacrinedecoy47,657,"-6,4",0,1,641,16,"0,84123","1,0000",,,"0,02435","1,18873","0,84123",,
Velnacrinedecoy38,658,"-6,3",0,1,642,16,"0,84251","1,0000",,,"0,02432","1,18693","0,84251",,
Bis-tacrinedecoy48,659,"-6,3",0,1,643,16,"0,84379","1,0000",,,"0,02428","1,18513","0,84379",,
Galantaminedecoy40,660,"-6,3",0,1,644,16,"0,84507","1,0000",,,"0,02424","1,18333","0,84507",,
Velnacrinedecoy13,661,"-6,3",0,1,645,16,"0,84635","1,0000",,,"0,02421","1,18154","0,84635",,
Tolserinedecoy41,662,"-6,3",0,1,646,16,"0,84763","1,0000",,,"0,02417","1,17976","0,84763",,
Physostigminedecoy38,663,"-6,3",0,1,647,16,"0,84891","1,0000",,,"0,02413","1,17798","0,84891",,
Physostigminedecoy28,664,"-6,3",0,1,648,16,"0,85019","1,0000",,,"0,02410","1,17620","0,85019",,
Bis-tacrinedecoy9,665,"-6,3",0,1,649,16,"0,85147","1,0000",,,"0,02406","1,17443","0,85147",,
Galantaminedecoy22,666,"-6,3",0,1,650,16,"0,85275","1,0000",,,"0,02402","1,17267","0,85275",,
Tacrinedecoy23,667,"-6,3",0,1,651,16,"0,85403","1,0000",,,"0,02399","1,17091","0,85403",,
Velnacrinedecoy1,668,"-6,3",0,1,652,16,"0,85531","1,0000",,,"0,02395","1,16916","0,85531",,
Physostigminedecoy20,669,"-6,3",0,1,653,16,"0,85659","1,0000",,,"0,02392","1,16741","0,85659",,
3iodo-2tetrahydroacridindecoy32,670,"-6,3",0,1,654,16,"0,85787","1,0000",,,"0,02388","1,16567","0,85787",,
3iodo-2tetrahydroacridindecoy4,671,"-6,3",0,1,655,16,"0,85915","1,0000",,,"0,02385","1,16393","0,85915",,
Physostigminedecoy13,672,"-6,3",0,1,656,16,"0,86044","1,0000",,,"0,02381","1,16220","0,86044",,
Tacrinedecoy22,673,"-6,3",0,1,657,16,"0,86172","1,0000",,,"0,02377","1,16047","0,86172",,
Tacrinedecoy44,674,"-6,3",0,1,658,16,"0,86300","1,0000",,,"0,02374","1,15875","0,86300",,
3iodo-2tetrahydroacridindecoy29,675,"-6,2",0,1,659,16,"0,86428","1,0000",,,"0,02370","1,15703","0,86428",,
3iodo-4tetrahydroacridindecoy2,676,"-6,2",0,1,660,16,"0,86556","1,0000",,,"0,02367","1,15532","0,86556",,
Tacrinedecoy17,677,"-6,2",0,1,661,16,"0,86684","1,0000",,,"0,02363","1,15362","0,86684",,
Velnacrinedecoy17,678,"-6,2",0,1,662,16,"0,86812","1,0000",,,"0,02360","1,15191","0,86812",,
Velnacrinedecoy7,679,"-6,2",0,1,663,16,"0,86940","1,0000",,,"0,02356","1,15022","0,86940",,
Velnacrinedecoy44,680,"-6,2",0,1,664,16,"0,87068","1,0000",,,"0,02353","1,14853","0,87068",,
Velnacrinedecoy8,681,"-6,2",0,1,665,16,"0,87196","1,0000",,,"0,02349","1,14684","0,87196",,
3iodo-2tetrahydroacridindecoy18,682,"-6,2",0,1,666,16,"0,87324","1,0000",,,"0,02346","1,14516","0,87324",,
Bis-tacrinedecoy3,683,"-6,2",0,1,667,16,"0,87452","1,0000",,,"0,02343","1,14348","0,87452",,
2iodo-2tetrahydroacridindecoy32,684,"-6,2",0,1,668,16,"0,87580","1,0000",,,"0,02339","1,14181","0,87580",,
Physostigminedecoy32,685,"-6,2",0,1,669,16,"0,87708","1,0000",,,"0,02336","1,14014","0,87708",,
Galantaminedecoy47,686,"-6,1",0,1,670,16,"0,87836","1,0000",,,"0,02332","1,13848","0,87836",,
Tolserinedecoy46,687,"-6,1",0,1,671,16,"0,87964","1,0000",,,"0,02329","1,13682","0,87964",,
Physostigminedecoy40,688,"-6,1",0,1,672,16,"0,88092","1,0000",,,"0,02326","1,13517","0,88092",,
Physostigminedecoy26,689,"-6,1",0,1,673,16,"0,88220","1,0000",,,"0,02322","1,13352","0,88220",,
Velnacrinedecoy21,690,"-6,1",0,1,674,16,"0,88348","1,0000",,,"0,02319","1,13188","0,88348",,
Physostigminedecoy29,691,"-6,1",0,1,675,16,"0,88476","1,0000",,,"0,02315","1,13024","0,88476",,
Bis-tacrinedecoy19,692,"-6,1",0,1,676,16,"0,88604","1,0000",,,"0,02312","1,12861","0,88604",,
Velnacrinedecoy46,693,"-6,1",0,1,677,16,"0,88732","1,0000",,,"0,02309","1,12698","0,88732",,
Galantaminedecoy49,694,"-6,1",0,1,678,16,"0,88860","1,0000",,,"0,02305","1,12536","0,88860",,
Tacrinedecoy27,695,"-6,0",0,1,679,16,"0,88988","1,0000",,,"0,02302","1,12374","0,88988",,
Galantaminedecoy28,696,"-6,0",0,1,680,16,"0,89117","1,0000",,,"0,02299","1,12212","0,89117",,
Velnacrinedecoy36,697,"-6,0",0,1,681,16,"0,89245","1,0000",,,"0,02296","1,12051","0,89245",,
Galantaminedecoy33,698,"-6,0",0,1,682,16,"0,89373","1,0000",,,"0,02292","1,11891","0,89373",,
Velnacrinedecoy25,699,"-6,0",0,1,683,16,"0,89501","1,0000",,,"0,02289","1,11731","0,89501",,
Galantaminedecoy39,700,"-6,0",0,1,684,16,"0,89629","1,0000",,,"0,02286","1,11571","0,89629",,
Physostigminedecoy41,701,"-6,0",0,1,685,16,"0,89757","1,0000",,,"0,02282","1,11412","0,89757",,
4iodo-3tetrahydroacridindecoy36,702,"-6,0",0,1,686,16,"0,89885","1,0000",,,"0,02279","1,11253","0,89885",,
Galantaminedecoy15,703,"-6,0",0,1,687,16,"0,90013","1,0000",,,"0,02276","1,11095","0,90013",,
Tacrinedecoy30,704,"-6,0",0,1,688,16,"0,90141","1,0000",,,"0,02273","1,10937","0,90141",,
Galantaminedecoy35,705,"-6,0",0,1,689,16,"0,90269","1,0000",,,"0,02270","1,10780","0,90269",,
Velnacrinedecoy11,706,"-5,9",0,1,690,16,"0,90397","1,0000",,,"0,02266","1,10623","0,90397",,
4iodo-2tetrahydroacridindecoy1,707,"-5,9",0,1,691,16,"0,90525","1,0000",,,"0,02263","1,10467","0,90525",,
Galantaminedecoy10,708,"-5,9",0,1,692,16,"0,90653","1,0000",,,"0,02260","1,10310","0,90653",,
Galantaminedecoy46,709,"-5,9",0,1,693,16,"0,90781","1,0000",,,"0,02257","1,10155","0,90781",,
Galantaminedecoy12,710,"-5,8",0,1,694,16,"0,90909","1,0000",,,"0,02254","1,10000","0,90909",,
3iodo-4tetrahydroacridindecoy45,711,"-5,8",0,1,695,16,"0,91037","1,0000",,,"0,02250","1,09845","0,91037",,
Galantaminedecoy14,712,"-5,8",0,1,696,16,"0,91165","1,0000",,,"0,02247","1,09691","0,91165",,
Velnacrinedecoy15,713,"-5,8",0,1,697,16,"0,91293","1,0000",,,"0,02244","1,09537","0,91293",,
Tacrinedecoy10,714,"-5,8",0,1,698,16,"0,91421","1,0000",,,"0,02241","1,09384","0,91421",,
4iodo-2tetrahydroacridindecoy18,715,"-5,8",0,1,699,16,"0,91549","1,0000",,,"0,02238","1,09231","0,91549",,
Galantaminedecoy3,716,"-5,8",0,1,700,16,"0,91677","1,0000",,,"0,02235","1,09078","0,91677",,
2iodo-2tetrahydroacridindecoy4,717,"-5,8",0,1,701,16,"0,91805","1,0000",,,"0,02232","1,08926","0,91805",,
Velnacrinedecoy37,718,"-5,8",0,1,702,16,"0,91933","1,0000",,,"0,02228","1,08774","0,91933",,
Galantaminedecoy41,719,"-5,8",0,1,703,16,"0,92061","1,0000",,,"0,02225","1,08623","0,92061",,
Tacrinedecoy15,720,"-5,8",0,1,704,16,"0,92190","1,0000",,,"0,02222","1,08472","0,92190",,
Donepezildecoy36,721,"-5,8",0,1,705,16,"0,92318","1,0000",,,"0,02219","1,08322","0,92318",,
2iodo-3tetrahydroacridindecoy32,722,"-5,7",0,1,706,16,"0,92446","1,0000",,,"0,02216","1,08172","0,92446",,
Galantaminedecoy42,723,"-5,7",0,1,707,16,"0,92574","1,0000",,,"0,02213","1,08022","0,92574",,
Physostigminedecoy27,724,"-5,7",0,1,708,16,"0,92702","1,0000",,,"0,02210","1,07873","0,92702",,
Physostigminedecoy47,725,"-5,7",0,1,709,16,"0,92830","1,0000",,,"0,02207","1,07724","0,92830",,
Velnacrinedecoy19,726,"-5,7",0,1,710,16,"0,92958","1,0000",,,"0,02204","1,07576","0,92958",,
Tolserinedecoy40,727,"-5,7",0,1,711,16,"0,93086","1,0000",,,"0,02201","1,07428","0,93086",,
3iodo-2tetrahydroacridindecoy31,728,"-5,7",0,1,712,16,"0,93214","1,0000",,,"0,02198","1,07280","0,93214",,
Physostigminedecoy30,729,"-5,7",0,1,713,16,"0,93342","1,0000",,,"0,02195","1,07133","0,93342",,
Galantaminedecoy11,730,"-5,7",0,1,714,16,"0,93470","1,0000",,,"0,02192","1,06986","0,93470",,
Galantaminedecoy37,731,"-5,6",0,1,715,16,"0,93598","1,0000",,,"0,02189","1,06840","0,93598",,
3iodo-2tetrahydroacridindecoy17,732,"-5,6",0,1,716,16,"0,93726","1,0000",,,"0,02186","1,06694","0,93726",,
Galantaminedecoy19,733,"-5,6",0,1,717,16,"0,93854","1,0000",,,"0,02183","1,06548","0,93854",,
2iodo-4tetrahydroacridindecoy17,734,"-5,6",0,1,718,16,"0,93982","1,0000",,,"0,02180","1,06403","0,93982",,
3iodo-2tetrahydroacridindecoy36,735,"-5,6",0,1,719,16,"0,94110","1,0000",,,"0,02177","1,06258","0,94110",,
4iodo-4tetrahydroacridindecoy13,736,"-5,5",0,1,720,16,"0,94238","1,0000",,,"0,02174","1,06114","0,94238",,
Velnacrinedecoy20,737,"-5,5",0,1,721,16,"0,94366","1,0000",,,"0,02171","1,05970","0,94366",,
Physostigminedecoy8,738,"-5,5",0,1,722,16,"0,94494","1,0000",,,"0,02168","1,05826","0,94494",,
3iodo-4tetrahydroacridindecoy16,739,"-5,5",0,1,723,16,"0,94622","1,0000",,,"0,02165","1,05683","0,94622",,
Galantaminedecoy48,740,"-5,5",0,1,724,16,"0,94750","1,0000",,,"0,02162","1,05540","0,94750",,
Physostigminedecoy37,741,"-5,5",0,1,725,16,"0,94878","1,0000",,,"0,02159","1,05398","0,94878",,
Physostigminedecoy43,742,"-5,4",0,1,726,16,"0,95006","1,0000",,,"0,02156","1,05256","0,95006",,
Galantaminedecoy4,743,"-5,4",0,1,727,16,"0,95134","1,0000",,,"0,02153","1,05114","0,95134",,
Tolserinedecoy39,744,"-5,4",0,1,728,16,"0,95262","1,0000",,,"0,02151","1,04973","0,95262",,
Galantaminedecoy43,745,"-5,4",0,1,729,16,"0,95391","1,0000",,,"0,02148","1,04832","0,95391",,
Physostigminedecoy21,746,"-5,3",0,1,730,16,"0,95519","1,0000",,,"0,02145","1,04691","0,95519",,
Galantaminedecoy27,747,"-5,3",0,1,731,16,"0,95647","1,0000",,,"0,02142","1,04551","0,95647",,
Tacrinedecoy18,748,"-5,3",0,1,732,16,"0,95775","1,0000",,,"0,02139","1,04412","0,95775",,
Galantaminedecoy36,749,"-5,2",0,1,733,16,"0,95903","1,0000",,,"0,02136","1,04272","0,95903",,
3iodo-4tetrahydroacridindecoy39,750,"-5,2",0,1,734,16,"0,96031","1,0000",,,"0,02133","1,04133","0,96031",,
3iodo-4tetrahydroacridindecoy26,751,"-5,2",0,1,735,16,"0,96159","1,0000",,,"0,02130","1,03994","0,96159",,
Galantaminedecoy21,752,"-5,2",0,1,736,16,"0,96287","1,0000",,,"0,02128","1,03856","0,96287",,
4iodo-3tetrahydroacridindecoy17,753,"-5,1",0,1,737,16,"0,96415","1,0000",,,"0,02125","1,03718","0,96415",,
4iodo-2tetrahydroacridindecoy40,754,"-5,1",0,1,738,16,"0,96543","1,0000",,,"0,02122","1,03581","0,96543",,
Physostigminedecoy42,755,"-5,1",0,1,739,16,"0,96671","1,0000",,,"0,02119","1,03443","0,96671",,
Bis-tacrinedecoy10,756,"-5,1",0,1,740,16,"0,96799","1,0000",,,"0,02116","1,03307","0,96799",,
Galantaminedecoy25,757,"-5,1",0,1,741,16,"0,96927","1,0000",,,"0,02114","1,03170","0,96927",,
Galantaminedecoy30,758,"-5,0",0,1,742,16,"0,97055","1,0000",,,"0,02111","1,03034","0,97055",,
Velnacrinedecoy42,759,"-5,0",0,1,743,16,"0,97183","1,0000",,,"0,02108","1,02898","0,97183",,
3iodo-4tetrahydroacridindecoy38,760,"-5,0",0,1,744,16,"0,97311","1,0000",,,"0,02105","1,02763","0,97311",,
Galantaminedecoy8,761,"-4,9",0,1,745,16,"0,97439","1,0000",,,"0,02102","1,02628","0,97439",,
2iodo-2tetrahydroacridindecoy36,762,"-4,8",0,1,746,16,"0,97567","1,0000",,,"0,02100","1,02493","0,97567",,
Galantaminedecoy13,763,"-4,8",0,1,747,16,"0,97695","1,0000",,,"0,02097","1,02359","0,97695",,
2iodo-2tetrahydroacridindecoy26,764,"-4,7",0,1,748,16,"0,97823","1,0000",,,"0,02094","1,02225","0,97823",,
Galantaminedecoy24,765,"-4,6",0,1,749,16,"0,97951","1,0000",,,"0,02092","1,02091","0,97951",,
2iodo-2tetrahydroacridindecoy21,766,"-4,6",0,1,750,16,"0,98079","1,0000",,,"0,02089","1,01958","0,98079",,
Galantaminedecoy26,767,"-4,6",0,1,751,16,"0,98207","1,0000",,,"0,02086","1,01825","0,98207",,
4iodo-3tetrahydroacridindecoy29,768,"-4,5",0,1,752,16,"0,98335","1,0000",,,"0,02083","1,01692","0,98335",,
3iodo-2tetrahydroacridindecoy13,769,"-4,5",0,1,753,16,"0,98464","1,0000",,,"0,02081","1,01560","0,98464",,
2iodo-2tetrahydroacridindecoy20,770,"-4,1",0,1,754,16,"0,98592","1,0000",,,"0,02078","1,01428","0,98592",,
2iodo-3tetrahydroacridindecoy30,771,"-4,1",0,1,755,16,"0,98720","1,0000",,,"0,02075","1,01297","0,98720",,
3iodo-4tetrahydroacridindecoy30,772,"-4,0",0,1,756,16,"0,98848","1,0000",,,"0,02073","1,01166","0,98848",,
4iodo-2tetrahydroacridindecoy24,773,"-4,0",0,1,757,16,"0,98976","1,0000",,,"0,02070","1,01035","0,98976",,
3iodo-4tetrahydroacridindecoy12,774,"-3,8",0,1,758,16,"0,99104","1,0000",,,"0,02067","1,00904","0,99104",,
2iodo-2tetrahydroacridindecoy27,775,"-3,6",0,1,759,16,"0,99232","1,0000",,,"0,02065","1,00774","0,99232",,
3iodo-4tetrahydroacridindecoy9,776,"-3,4",0,1,760,16,"0,99360","1,0000",,,"0,02062","1,00644","0,99360",,
4iodo-3tetrahydroacridindecoy46,777,"-3,2",0,1,761,16,"0,99488","1,0000",,,"0,02059","1,00515","0,99488",,
3iodo-4tetrahydroacridindecoy29,778,"-3,0",0,1,762,16,"0,99616","1,0000",,,"0,02057","1,00385","0,99616",,
3iodo-4tetrahydroacridindecoy24,779,"-2,4",0,1,763,16,"0,99744","1,0000",,,"0,02054","1,00257","0,99744",,
4iodo-2tetrahydroacridindecoy47,780,"-0,5",0,1,764,16,"0,99872","1,0000",,,"0,02051","1,00128","0,99872",,
3iodo-2tetrahydroacridindecoy23,781,"-0,1",0,1,765,16,"1,00000","1,0000",,,"0,02049","1,00000","1,00000",,
,,,16,765,,,,,,,,,,,